id,id_corrida,fecha_cosecha,libras_programadas,peso_programado,libras_resumen,peso_resumen,libras_cosechadas,peso_cosechado,balanceado_acumulado_campo,balanceado_acumulado_sistema,total_aireadores,aireadores_ha,uc_totales,tolvas_totales,nivel_agresividad,kilos_promedio,horas_alimentacion,id_piscina,id_sector,codigo_piscina,hectareas,id_empresa,tipo_cosecha,estado
1610,"BIO2,CP1,BSF-007,18",2026-03-13,26000,20.00,25432.000000000,22.78,20700,20.00,14750,0.000,,0.630000000000000,,,,,,171,3,BSF-007,6.33,2,cosecha,PROGRAMADA
1765,"BIO2,CP1,BSF-033,19",2026-04-17,9000,19.00,37603.000000000,21.12,9000,21.00,21350,,,0.890000000000000,,,,,,228,3,BSF-033,6.73,2,raleo,PROGRAMADA
1619,"BIO3,CP2,PL1-023,25",2026-03-16,15000,21.00,13335.000000000,19.50,15950,20.92,9150,,,0.800000000000000,,,,,,272,9,,2.82,3,cosecha,PROGRAMADA
1754,"BIO2,CP1,BSF-027,19",2026-04-16,9000,17.00,36593.000000000,17.41,1400,17.00,16825,,,0.590000000000000,,,,,,222,3,BSF-027,6.81,2,raleo,PROGRAMADA
1763,"BIO1,CP2,BG2-026,20",2026-04-18,20000,15.00,24187.000000000,15.00,7700,16.00,10725,,,0.940000000000000,,,,,,101,2,BG2-026,6.36,1,cosecha,PROGRAMADA
1617,"BIO2,CP3,BSS-014,19",2026-03-16,23000,17.00,22712.000000000,17.00,23750,17.00,15775,,,0.590000000000000,,,,,,159,5,BSS-014,5.05,2,cosecha,PROGRAMADA
1632,"BIO2,CP5,BSP-012,16",2026-03-22,44000,17.00,43069.000000000,16.50,36500,17.00,26450,,,0.950000000000000,,,,,,202,7,BSP-012,7.40,2,cosecha,PROGRAMADA
1633,"BIO2,CP2,BA1-001,20",2026-03-24,33000,22.00,37006.000000000,22.00,31800,22.00,22775,,,0.520000000000000,,,,,,1,4,,7.63,2,cosecha,PROGRAMADA
1764,"BIO1,CP2,BG2-044,05",2026-04-21,43000,24.00,50646.000000000,25.50,47100,24.00,24475,,,1.100000000000000,,,,,,316,2,BG2-044,8.19,1,cosecha,PROGRAMADA
1631,"BIO2,CP2,BA1-008,19",2026-03-25,30000,23.00,31960.000000000,23.00,24100,23.00,20575,,,0.700000000000000,,,,,,21,4,BA1-008,5.73,2,cosecha,PROGRAMADA
1629,"BIO2,CP3,BSS-009,19",2026-03-25,26000,18.00,23728.000000000,18.01,26050,17.69,14450,,,0.960000000000000,,,,,,130,5,BSS-009,4.15,2,cosecha,PROGRAMADA
1630,"BIO1,CP2,BG2-023,19",2026-03-25,63000,20.00,66602.000000000,20.10,64800,20.00,33400,,,0.900000000000000,,,,,,92,2,BG2-023,10.02,1,cosecha,PROGRAMADA
1618,"BIO2,CP2,BA1-028,20",2023-03-16,26000,18.00,25296.000000000,19.00,19200,19.00,16425,,,0.360000000000000,,,,,,70,4,BA1-028,5.49,2,cosecha,PROGRAMADA
2030,"BIO2,CP3,BSS-021,22",2026-05-30,4600,18.00,16002.000000000,18.54,4600,18.70,9075,,,0.690000000000000,,,,,,181,5,,2.90,2,raleo,PROGRAMADA
1753,"BIO2,CP5,BSP-001,17",2026-04-18,23000,23.00,22899.000000000,23.50,23650,21.34,15875,,,1.180000000000000,,,,,,164,7,BSP-001,3.40,2,cosecha,PROGRAMADA
1995,"BIO3,CP3,PL2-012,33",2026-05-18,6500,22.00,6120.000000000,21.90,7400,22.21,4335,,,0.510000000000000,,,,,,160,10,,1.95,3,cosecha,PROGRAMADA
1603,"BIO1,CP1,BG1-009,21",2026-03-13,25000,24.00,23333.486400000,24.00,28750,24.00,17450,0.000,,1.020000000000000,,,,,,22,1,BG1-009,4.90,1,cosecha,PROGRAMADA
1453,"BIO1,CP1,BG1-016,19",2026-02-02,55000,17.00,52139.627748000,16.20,52800,17.00,30875,30875.000,,0.890000000000000,,,,,,49,1,BG1-016,11.23,1,cosecha,PROGRAMADA
1604,"BIO1,CP2,BG2-031,20",2026-03-12,20000,20.00,20802.605600000,20.00,18550,20.50,12025,0.000,,1.190000000000000,,,,,,117,2,BG2-031,3.37,1,cosecha,PROGRAMADA
1611,"BIO1,CP2,BG2-033,20",2026-03-14,35000,22.00,32639.103000000,23.50,29800,24.00,18925,0.000,,1.290000000000000,,,,,,122,2,BG2-033,7.00,1,cosecha,PROGRAMADA
1502,"BIO2,CP1,BSF-011,19",2026-02-18,42000,20.00,43299.926902800,21.27,44200,21.30,25825,25825.000,,0.580000000000000,,,,,,200,3,BSF-011,6.84,2,cosecha,PROGRAMADA
1758,"BIO2,CP2,BA1-005,21",2026-04-18,40000,18.00,37662.000000000,18.80,33600,19.00,26475,,,0.900000000000000,,,,,,12,4,BA1-005,6.99,2,cosecha,PROGRAMADA
1757,"BIO2,CP3,BSS-011,19",2026-04-18,6400,12.00,25030.000000000,12.82,6400,12.75,17800,,,1.020000000000000,,,,,,150,5,BSS-011,4.92,2,raleo,PROGRAMADA
1756,"BIO2,CP3,BSS-029,20",2026-04-18,6400,12.00,20017.000000000,12.01,6500,13.27,10050,,,0.600000000000000,,,,,,204,5,BSS-029,5.04,2,raleo,PROGRAMADA
1761,"BIO3,CP3,PL2-003,20",2026-04-18,3000,14.00,20840.000000000,13.79,2450,16.73,12300,,,0.800000000000000,,,,,,123,10,PL2-003,4.57,3,raleo,PROGRAMADA
1759,"BIO2,CP6,BCE-005,01",2026-04-18,23000,17.00,23411.000000000,17.00,21500,16.80,12350,,,1.240000000000000,,,,,,330,12,BCE-005,4.03,2,cosecha,PROGRAMADA
1760,"BIO3,CP2,PL1-027,20",2026-04-18,9000,12.00,35250.000000000,12.69,8100,12.05,17425,,,0.800000000000000,,,,,,276,9,PL1-027,7.00,3,raleo,PROGRAMADA
1834,"BIO2,CP3,BSS-037,19",2026-05-04,8000,18.00,29851.000000000,17.70,7200,18.40,19125,,,1.180000000000000,,,,,,237,5,,4.25,2,raleo,PROGRAMADA
1997,"BIO2,CP1,BSF-024,20",2026-05-18,8000,13.00,27308.000000000,17.00,7650,13.77,19275,,,0.780000000000000,,,,,,219,3,,7.67,2,raleo,PROGRAMADA
1762,"BIO1,CP2,BG2-028,20",2026-04-18,35000,15.00,44676.000000000,15.30,14950,14.50,23300,,,0.910000000000000,,,,,,107,2,BG2-028,8.83,1,cosecha,PROGRAMADA
1832,"BIO2,CP1,BSF-031,20",2026-05-03,12000,12.00,36221.000000000,10.97,11960,12.00,20575,,,0.640000000000000,,,,,,226,3,,7.76,2,raleo,PROGRAMADA
1755,"BIO2,CP1,BSF-028,20",2026-04-16,9000,17.00,35350.000000000,17.84,8700,17.00,17425,,,0.930000000000000,,,,,,223,3,BSF-028,6.42,2,raleo,PROGRAMADA
1836,"BIO1,CP1,BG1-008,21",2026-05-04,52000,23.00,53483.000000000,21.70,52150,23.00,31875,,,1.170000000000000,,,,,,19,1,,7.71,1,cosecha,PROGRAMADA
1766,"BIO2,CP1,BSF-015,20",2026-04-12,7000,15.00,39090.000000000,15.16,4500,12.50,22200,,,0.730000000000000,,,,,,210,3,BSF-015,6.88,2,raleo,PROGRAMADA
2191,"BIO2,CP6,BCE-008,02",2026-06-28,25000,23.00,21859.000000000,22.70,26600,23.50,14335,,,0.300000000000000,,,,,,333,12,,6.72,2,cosecha,PROGRAMADA
2281,"BIO2,CP6,BCE-004,02",2026-07-24,40000,22.00,35776.000000000,22.00,36500,22.00,17825,,,0.900000000000000,,,,,,329,12,,6.83,2,cosecha,PROGRAMADA
2278,"BIO2,CP3,BSS-010,21",2026-07-23,15000,22.00,14729.000000000,22.51,13350,22.55,10125,,,0.800000000000000,,,,,,132,5,,2.65,2,cosecha,PROGRAMADA
2282,"BIO1,CP1,BG1-017,22",2026-07-24,10000,16.00,41024.000000000,17.00,9900,16.50,16500,,,1.000000000000000,,,,,,51,1,,8.42,1,raleo,PROGRAMADA
2274,"BIO2,CP1,BSF-022,21",2026-07-21,40000,26.00,39629.000000000,26.94,36700,27.50,24671,,,0.800000000000000,,,,,,217,3,,7.85,2,cosecha,PROGRAMADA
1264,"BIO2,CP1,BSF-013,17",2025-12-15,48000,21.00,44795.000000000,20.23,47270,21.00,26250,26250.000,,0.600000000000000,,,,,,206,3,BSF-013,8.37,2,cosecha,PROGRAMADA
1835,"BIO3,CP3,PL2-013,21",2026-05-04,23000,14.00,26178.000000000,16.00,22100,17.33,16325,,,0.800000000000000,,,,,,163,10,,6.51,3,cosecha,PROGRAMADA
1620,"BIO2,CP3,BSS-012,19",2026-03-17,28000,19.00,27556.000000000,18.60,23100,18.00,14200,,,0.180000000000000,,,,,,154,5,BSS-012,5.60,2,cosecha,PROGRAMADA
1634,"BIO3,CP1,PJF-016,18",2026-03-28,28000,22.00,29789.000000000,22.00,30050,22.00,19325,,,0.950000000000000,,,,,,57,8,PJF-016,7.40,3,cosecha,PROGRAMADA
1609,"BIO3,CP3,PL2-013,20",2026-03-14,35000,22.00,41047.000000000,22.00,19900,23.00,21475,0.000,,0.600000000000000,,,,,,163,10,PL2-013,6.51,3,cosecha,PROGRAMADA
1996,"BIO3,CP2,PL1-035,21",2026-05-19,5000,11.00,5576.000000000,9.65,2800,11.07,5075,,,0.690000000000000,,,,,,284,9,,2.88,3,cosecha,PROGRAMADA
2031,"BIO2,CP2,BA1-040,22",2026-05-29,11000,24.00,11205.000000000,23.53,9750,24.00,5800,,,1.110000000000000,,,,,,103,4,,1.80,2,cosecha,PROGRAMADA
2192,"BIO1,CP1,BG1-007,22",2026-06-28,16000,18.00,54742.000000000,15.95,16000,18.00,26750,,,0.990000000000000,,,,,,16,1,,11.12,1,raleo,PROGRAMADA
2279,"BIO2,CP1,BSF-020,20",2026-07-22,40000,29.00,39544.000000000,28.87,36350,30.50,22236,,,0.800000000000000,,,,,,215,3,,6.54,2,cosecha,PROGRAMADA
1768,"BIO2,CP2,BA1-035,20",2026-04-18,13000,19.00,10688.000000000,19.20,12100,19.00,8700,,,0.600000000000000,,,,,,88,4,BA1-035,5.05,2,cosecha,PROGRAMADA
1767,"BIO2,CP5,BSP-005,34",2026-04-18,17000,20.00,15609.000000000,20.00,11500,17.00,12900,,,1.360000000000000,,,,,,176,7,BSP-005,2.95,2,cosecha,PROGRAMADA
2275,"BIO2,CP3,BSS-022,22",2026-07-21,13000,24.00,12130.000000000,23.64,10150,23.57,7600,,,0.800000000000000,,,,,,184,5,,2.45,2,cosecha,PROGRAMADA
1769,"BIO2,CP6,BCE-007,01",2026-04-19,30000,22.00,23222.000000000,23.10,21300,23.00,12675,,,0.700000000000000,,,,,,332,12,BCE-007,5.70,2,cosecha,PROGRAMADA
2283,"BIO2,CP3,BSS-035,21",2026-07-25,24000,25.00,25505.000000000,25.15,22500,25.30,14825,,,0.400000000000000,,,,,,235,5,,4.60,2,cosecha,PROGRAMADA
1833,"BIO2,CP3,BSS-010,20",2026-05-04,4000,14.00,13448.000000000,13.54,4000,14.00,8575,,,0.750000000000000,,,,,,132,5,,2.65,2,raleo,PROGRAMADA
1590,"BIO1,CP1,BG1-015,20",2026-03-10,57000,19.00,49553.896500000,18.00,56150,16.00,33275,,,1.480000000000000,,,,,,46,1,,6.75,1,cosecha,PROGRAMADA
1596,"BIO1,CP2,BG2-036,19",2026-03-11,35000,19.00,34391.760000000,20.00,27650,21.50,20250,,,1.150000000000000,,,,,,131,2,,5.20,1,cosecha,PROGRAMADA
1591,"BIO2,CP1,BSF-002,21",2026-03-10,32000,22.00,31650.852469500,23.43,27230,23.43,16550,,,0.770000000000000,,,,,,155,3,,6.45,2,cosecha,PROGRAMADA
1599,"BIO2,CP1,BSF-003,20",2026-03-11,32000,22.00,28847.411460000,21.70,26200,21.70,15400,0.000,,0.500000000000000,,,,,,158,3,BSF-003,6.03,2,cosecha,PROGRAMADA
1601,"BIO2,CP1,BSF-006,19",2026-03-13,35000,21.00,39230.063344000,20.36,28670,19.98,21825,0.000,,0.570000000000000,,,,,,168,3,BSF-006,8.74,2,cosecha,PROGRAMADA
1585,"BIO2,CP1,BSF-031,19",2026-03-10,42000,22.00,40158.605590400,21.34,42600,21.50,34350,,,0.770000000000000,,,,,,226,3,,7.76,2,cosecha,PROGRAMADA
1586,"BIO2,CP2,BA1-016,19",2026-03-10,30000,18.00,31147.470640000,20.90,34500,19.00,24250,,,0.590000000000000,,,,,,56,4,,6.76,2,cosecha,PROGRAMADA
1592,"BIO2,CP3,BSS-005,18",2026-03-11,30000,21.00,29957.460408540,21.63,20800,21.00,14250,,,0.620000000000000,,,,,,118,5,,4.87,2,cosecha,PROGRAMADA
1589,"BIO2,CP5,BSP-004,16",2026-03-09,29000,20.00,28636.321010000,20.90,22400,20.00,16450,,,0.880000000000000,,,,,,173,7,,5.65,2,cosecha,PROGRAMADA
1646,"BIO2,CP2,BA1-018,20",2026-03-30,29000,24.00,34266.000000000,27.50,18300,25.00,19175,,,0.960000000000000,,,,,,60,4,BA1-018,6.28,2,cosecha,PROGRAMADA
1621,"BIO2,CP2,BA1-003,20",2026-03-20,31000,22.00,32418.000000000,22.00,32450,22.00,21375,,,0.720000000000000,,,,,,6,4,BA1-003,5.57,2,cosecha,PROGRAMADA
1623,"BIO3,CP2,PL1-011,19",2026-03-20,28000,23.00,23323.000000000,23.20,21700,22.50,16675,,,0.800000000000000,,,,,,260,9,,5.70,3,cosecha,PROGRAMADA
1622,"BIO3,CP2,PL1-035,20",2026-03-19,12000,17.00,10413.000000000,16.40,7550,17.50,7200,,,0.700000000000000,,,,,,284,9,PL1-035,2.88,3,cosecha,PROGRAMADA
1597,"BIO2,CP1,BSF-013,18",2026-02-16,50000,20.00,51478.790079600,21.46,47270,21.00,28500,,,0.600000000000000,,,,,,206,3,,8.37,2,cosecha,PROGRAMADA
1612,"BIO2,CP2,BA1-010,19",2026-03-14,15000,21.00,15328.804260000,21.00,15400,20.00,13330,0.000,,0.660000000000000,,,,,,27,4,BA1-010,3.01,2,cosecha,PROGRAMADA
1473,"BIO2,CP3,BSS-016,18",2026-02-06,48000,21.00,47730.030920000,22.00,39950,21.00,22725,22725.000,,0.400000000000000,,,,,,166,5,BSS-016,7.57,2,cosecha,PROGRAMADA
1508,"BIO2,CP5,BSP-013,16",2026-02-16,25000,18.00,25192.129545000,17.10,20300,18.00,17575,17575.000,,1.010000000000000,,,,,,205,7,BSP-013,4.95,2,cosecha,PROGRAMADA
2032,"BIO2,CP1,BSF-029,20",2026-06-02,37000,25.00,34540.000000000,24.80,22150,20.10,20150,,,0.900000000000000,,,,,,224,3,,6.65,2,cosecha,PROGRAMADA
2164,"BIO1,CP2,BG2-028,21",2026-06-27,14000,19.00,51937.000000000,18.40,14200,19.00,22400,,,0.910000000000000,,,,,,107,2,,8.83,1,raleo,PROGRAMADA
1648,"BIO3,CP1,PJF-014,19",2026-03-30,34000,20.00,33863.000000000,20.00,34000,19.50,17600,,,0.780000000000000,,,,,,52,8,PJF-014,7.68,3,cosecha,PROGRAMADA
1642,"BIO1,CP2,BG2-046,04",2026-03-30,50000,19.00,48334.000000000,17.40,68300,20.00,32875,,,0.870000000000000,,,,,,318,2,BG2-046,12.60,1,cosecha,PROGRAMADA
1838,"BIO2,CP5,BSP-014,16",2026-05-05,24000,19.00,31945.000000000,17.50,26600,16.26,24050,,,1.160000000000000,,,,,,292,7,,6.90,2,cosecha,PROGRAMADA
1641,"BIO2,CP3,BSS-003,19",2026-03-30,17000,20.00,16045.000000000,20.51,17500,21.00,10375,,,0.680000000000000,,,,,,111,5,BSS-003,2.94,2,cosecha,PROGRAMADA
1644,"BIO3,CP3,PL2-011,20",2026-03-30,28000,16.00,27259.000000000,16.00,21360,16.00,18500,,,0.900000000000000,,,,,,156,10,PL2-011,6.44,3,cosecha,PROGRAMADA
1837,"BIO2,CP1,BSF-035,20",2026-05-04,8000,14.00,23179.000000000,15.48,5550,14.00,10250,,,0.880000000000000,,,,,,230,3,,5.66,2,raleo,PROGRAMADA
1639,"BIO3,CP1,PJF-015,19",2026-03-29,39000,22.00,40313.000000000,22.50,35150,22.50,20025,,,0.900000000000000,,,,,,55,8,PJF-015,7.74,3,cosecha,PROGRAMADA
1637,"BIO2,CP3,BSS-002,19",2026-03-29,28000,18.00,25876.000000000,17.94,21950,18.75,15125,,,0.710000000000000,,,,,,108,5,BSS-002,5.64,2,cosecha,PROGRAMADA
1839,"BIO3,CP2,PL1-030,21",2026-05-04,16000,18.84,17238.000000000,17.17,21600,16.50,17200,,,0.800000000000000,,,,,,279,9,,4.40,3,cosecha,PROGRAMADA
1635,"BIO2,CP1,BSF-029,19",2026-03-28,37000,23.00,30320.000000000,21.77,22380,21.80,20100,,,0.900000000000000,,,,,,224,3,BSF-029,6.65,2,cosecha,PROGRAMADA
1543,"BIO2,CP2,BA1-035,19",2026-02-27,30000,21.00,28723.733400000,21.50,28250,21.00,16025,16025.000,,0.400000000000000,,,,,,88,4,BA1-035,5.05,2,cosecha,PROGRAMADA
2284,"BIO2,CP2,BA1-019,21",2026-07-27,15000,27.00,12586.000000000,26.48,9700,27.00,8800,,,0.600000000000000,,,,,,61,4,,3.08,2,cosecha,PROGRAMADA
2287,"BIO2,CP3,BSS-032,20",2026-07-26,39000,23.00,40927.000000000,21.39,38600,23.00,22850,,,0.300000000000000,,,,,,232,5,,7.89,2,cosecha,PROGRAMADA
1841,"BIO2,CP1,BSF-012,20",2026-05-06,38000,24.00,33854.000000000,25.00,22900,25.00,29825,,,0.850000000000000,,,,,,203,3,,5.85,2,cosecha,PROGRAMADA
1840,"BIO2,CP1,BSF-009,19",2026-05-17,33000,16.50,26955.000000000,18.00,23550,18.00,20950,,,0.700000000000000,,,,,,178,3,,7.15,2,cosecha,PROGRAMADA
1998,"BIO2,CP2,BA1-019,20",2026-05-18,15000,25.00,13722.000000000,25.26,14750,25.00,13275,,,0.970000000000000,,,,,,61,4,,3.08,2,cosecha,PROGRAMADA
1616,"BIO1,CP1,BG1-005,20",2026-03-15,41000,19.00,41257.000000000,19.60,53050,21.20,27975,,,1.270000000000000,,,,,,11,1,,8.68,1,cosecha,PROGRAMADA
1613,"BIO1,CP2,BG2-029,19",2026-03-15,45000,18.00,49691.000000000,18.20,49100,18.20,27625,0.000,,1.000000000000000,,,,,,110,2,BG2-029,7.99,1,cosecha,PROGRAMADA
1350,"BIO2,CP3,BSS-012,18",2026-01-09,43000,19.00,38703.957600000,19.00,38400,20.00,22325,22625.000,,0.360000000000000,,,,,,154,5,BSS-012,5.60,2,cosecha,PROGRAMADA
1624,"BIO2,CP2,BA1-006,20",2026-03-21,26000,22.00,23761.000000000,22.00,20800,22.00,14925,,,0.720000000000000,,,,,,15,4,BA1-006,4.26,2,cosecha,PROGRAMADA
1362,"BIO2,CP1,BSF-003,19",2026-01-11,39000,21.50,40069.985079600,21.53,36270,21.50,22250,22250.000,,0.500000000000000,,,,,,158,3,BSF-003,6.03,2,cosecha,PROGRAMADA
1393,"BIO2,CP1,BSF-035,18",2026-01-18,37000,22.00,34362.015536800,19.67,42600,19.61,21225,21225.000,,0.710000000000000,,,,,,230,3,BSF-035,5.66,2,cosecha,PROGRAMADA
2033,"BIO2,CP3,BSS-011,20",2026-06-02,7000,17.00,15326.000000000,18.35,7200,16.67,8775,,,0.810000000000000,,,,,,150,5,,4.92,2,raleo,PROGRAMADA
1353,"BIO3,CP2,PL1-004,18",2026-01-09,45000,18.00,44676.219000000,19.30,48450,21.00,26675,27175.000,,0.700000000000000,,,,,,247,9,PL1-004,10.50,3,cosecha,PROGRAMADA
1847,"BIO2,CP3,BSS-001,20",2026-05-06,37000,27.80,35933.000000000,27.83,26050,25.36,23125,,,0.730000000000000,,,,,,105,5,,6.81,2,cosecha,PROGRAMADA
1615,"BIO3,CP2,PL1-031,20",2026-03-15,14000,20.00,14109.000000000,20.00,14900,20.00,8325,,,0.800000000000000,,,,,,280,9,,3.20,3,cosecha,PROGRAMADA
1647,"BIO3,CP3,PL2-008,20",2026-03-31,65000,18.00,74207.000000000,18.00,46200,17.00,36750,,,0.600000000000000,,,,,,139,10,PL2-008,17.00,3,cosecha,PROGRAMADA
2063,"BIO1,CP2,BG2-032,22",2026-06-08,43000,19.00,44413.000000000,18.90,41350,18.50,19650,,,1.030000000000000,,,,,,119,2,,9.69,1,cosecha,PROGRAMADA
1999,"BIO3,CP3,PL2-001,20",2026-05-21,8000,26.00,11086.000000000,22.91,7500,26.00,9625,,,1.490000000000000,,,,,,116,10,,2.01,3,cosecha,PROGRAMADA
1625,"BIO3,CP2,PL1-008,19",2026-03-21,26000,20.00,24686.000000000,19.44,16900,20.00,16225,,,0.800000000000000,,,,,,251,9,PL1-008,6.40,3,cosecha,PROGRAMADA
1771,"BIO2,CP1,BSF-015,20",2026-04-17,7000,15.00,39090.000000000,15.16,2300,15.00,22200,,,0.730000000000000,,,,,,210,3,,6.88,2,raleo,PROGRAMADA
2038,"BIO1,CP2,BG2-027,21",2026-06-01,11000,19.00,30524.000000000,21.40,9200,19.60,18025,,,0.930000000000000,,,,,,104,2,,6.47,1,raleo,PROGRAMADA
2034,"BIO2,CP3,BSS-038,20",2026-06-02,6500,17.00,14226.000000000,18.08,6400,17.00,11450,,,0.700000000000000,,,,,,238,5,,4.30,2,raleo,PROGRAMADA
1645,"BIO2,CP1,BSF-019,19",2026-03-30,40000,18.00,38152.000000000,19.78,34600,19.00,22425,,,1.040000000000000,,,,,,214,3,BSF-019,6.73,2,cosecha,PROGRAMADA
1640,"BIO2,CP1,BSF-035,19",2026-03-29,28000,19.00,23618.000000000,18.20,25500,19.50,19750,,,0.880000000000000,,,,,,230,3,BSF-035,5.66,2,cosecha,PROGRAMADA
2037,"BIO2,CP2,BA1-038,21",2026-06-01,16000,26.00,16898.000000000,26.80,16700,26.00,10775,,,0.770000000000000,,,,,,97,4,,2.60,2,cosecha,PROGRAMADA
1643,"BIO2,CP2,BA1-038,20",2026-03-30,12000,22.00,13808.000000000,21.90,12500,23.00,8100,,,0.770000000000000,,,,,,97,4,BA1-038,2.60,2,cosecha,PROGRAMADA
1638,"BIO3,CP2,PL1-029,20",2026-03-29,55000,22.00,52624.000000000,21.70,47100,21.00,25250,,,0.900000000000000,,,,,,278,9,PL1-029,10.00,3,cosecha,PROGRAMADA
1636,"BIO2,CP2,BA1-039,19",2026-03-29,12000,23.00,13929.000000000,22.50,13350,23.00,9150,,,0.640000000000000,,,,,,100,4,BA1-039,3.12,2,cosecha,PROGRAMADA
2060,"BIO2,CP3,BSS-041,21",2026-06-07,5000,15.00,16747.000000000,14.73,4500,15.95,7825,,,0.520000000000000,,,,,,241,5,,3.82,2,raleo,PROGRAMADA
1843,"BIO2,CP6,BCE-004,01",2026-05-05,9000,12.00,36591.000000000,12.79,8850,12.50,16675,,,0.880000000000000,,,,,,329,12,,6.83,2,raleo,PROGRAMADA
2040,"BIO2,CP1,BSF-035,20",2026-06-02,29000,26.00,25345.000000000,25.39,27300,26.00,18600,,,0.880000000000000,,,,,,230,3,,5.66,2,cosecha,PROGRAMADA
1842,"BIO1,CP2,BG2-040,21",2026-05-06,33000,22.00,36359.000000000,23.50,33300,23.00,17825,,,1.250000000000000,,,,,,143,2,,6.38,1,cosecha,PROGRAMADA
1848,"BIO3,CP3,PL2-007,21",2026-05-06,25000,17.00,28342.000000000,17.10,19450,16.50,18100,,,0.800000000000000,,,,,,136,10,,5.37,3,cosecha,PROGRAMADA
2042,"BIO2,CP3,BSS-020,22",2026-06-03,4500,15.00,9813.000000000,17.64,4500,16.00,6525,,,0.660000000000000,,,,,,177,5,,3.04,2,raleo,PROGRAMADA
1846,"BIO2,CP1,BSF-006,20",2026-05-05,10000,16.80,42390.000000000,20.00,9000,19.00,22875,,,0.570000000000000,,,,,,168,3,,8.74,2,raleo,PROGRAMADA
2039,"BIO1,CP1,BG1-011,21",2026-06-03,48000,22.00,38370.000000000,20.20,32700,22.00,24400,,,0.930000000000000,,,,,,34,1,,10.77,1,cosecha,PROGRAMADA
2061,"BIO2,CP6,BCE-014,01",2026-06-06,17000,18.00,16603.000000000,17.00,18400,18.50,9350,,,0.900000000000000,,,,,,340,12,,4.43,2,cosecha,PROGRAMADA
2044,"BIO2,CP2,BA1-039,20",2026-06-03,17000,25.00,20429.000000000,27.00,20400,26.00,12750,,,0.640000000000000,,,,,,100,4,,3.12,2,cosecha,PROGRAMADA
2046,"BIO2,CP5,BSP-001,18",2026-06-04,9000,16.00,10726.000000000,14.31,8150,14.90,5075,,,1.180000000000000,,,,,,164,7,,3.40,2,cosecha,PROGRAMADA
2035,"BIO1,CP1,BG1-010,20",2026-06-02,35000,20.00,30837.000000000,19.40,36000,20.00,21150,,,1.110000000000000,,,,,,25,1,,7.21,1,cosecha,PROGRAMADA
2057,"BIO2,CP6,BCE-015,01",2026-06-05,16000,20.00,15205.000000000,19.00,16300,20.00,10075,,,1.100000000000000,,,,,,341,12,,3.63,2,cosecha,PROGRAMADA
2047,"BIO2,CP3,BSS-028,21",2026-06-04,19000,23.00,17091.000000000,21.87,13800,21.00,10975,,,0.950000000000000,,,,,,201,5,,4.22,2,cosecha,PROGRAMADA
2041,"BIO2,CP3,BSS-017,20",2026-06-03,10000,15.00,30352.000000000,14.35,8200,17.00,17850,,,0.510000000000000,,,,,,169,5,,7.80,2,raleo,PROGRAMADA
2285,"BIO2,CP1,BSF-027,20",2026-07-27,37000,27.00,32396.000000000,26.64,40750,25.70,22211,,,0.900000000000000,,,,,,222,3,,6.81,2,cosecha,PROGRAMADA
2058,"BIO2,CP1,BSF-021,20",2026-06-05,30000,21.00,24486.000000000,20.76,27650,19.40,16000,,,0.930000000000000,,,,,,216,3,,5.35,2,cosecha,PROGRAMADA
2056,"BIO2,CP3,BSS-021,22",2026-06-07,14000,20.00,12367.000000000,20.15,11150,20.00,9800,,,0.690000000000000,,,,,,181,5,,2.90,2,cosecha,PROGRAMADA
2045,"BIO2,CP1,BSF-019,20",2026-06-04,35000,20.00,29600.000000000,21.00,24150,20.40,19700,,,0.890000000000000,,,,,,214,3,,6.73,2,cosecha,PROGRAMADA
2291,"BIO2,CP6,BCE-003,02",2026-07-27,12000,31.00,11183.000000000,30.40,10500,31.00,5175,,,0.600000000000000,,,,,,328,12,,3.09,2,cosecha,PROGRAMADA
2055,"BIO1,CP1,BG1-012,22",2026-06-05,34000,20.00,39092.000000000,20.80,41900,20.50,22825,,,1.030000000000000,,,,,,37,1,,7.75,1,cosecha,PROGRAMADA
1852,"BIO2,CP2,BA1-003,21",2026-05-05,5500,13.00,25522.000000000,12.99,3600,12.00,14275,,,0.650000000000000,,,,,,6,4,,5.57,2,raleo,PROGRAMADA
1614,"BIO2,CP2,BA1-036,20",2026-03-15,15000,21.00,13287.000000000,21.00,10650,21.00,10200,0.000,,0.700000000000000,,,,,,91,4,BA1-036,2.87,2,cosecha,PROGRAMADA
1439,"BIO1,CP1,BG1-012,20",2026-01-28,45000,17.00,46472.968000000,17.00,46800,18.50,24100,24100.000,,1.030000000000000,,,,,,37,1,BG1-012,7.75,1,cosecha,PROGRAMADA
1360,"BIO2,CP2,BA1-025,19",2026-01-10,26000,20.00,23798.006643000,20.10,25450,20.00,13050,13000.000,,0.640000000000000,,,,,,67,4,BA1-025,4.67,2,cosecha,PROGRAMADA
1383,"BIO2,CP3,BSS-039,18",2026-01-17,47000,19.00,42793.931520000,18.00,38750,19.50,26200,26200.000,,0.450000000000000,,,,,,239,5,BSS-039,6.74,2,cosecha,PROGRAMADA
1331,"BIO3,CP2,PL1-016,16",2026-01-06,37000,18.00,34006.572288000,19.20,31600,19.00,17500,18375.000,,0.900000000000000,,,,,,265,9,PL1-016,6.18,3,cosecha,PROGRAMADA
2052,"BIO1,CP2,BG2-038,21",2026-06-05,35000,19.00,36445.000000000,18.00,33950,19.00,19150,,,1.050000000000000,,,,,,137,2,,5.74,1,cosecha,PROGRAMADA
1626,"BIO2,CP5,BSP-016,02",2026-03-21,24000,17.00,24116.000000000,16.40,23500,15.00,14702,,,1.380000000000000,,,,,,325,7,BSP-016,2.90,2,cosecha,PROGRAMADA
1627,"BIO3,CP2,PL1-025,20",2026-03-22,20000,17.00,18342.000000000,16.00,23300,15.00,14025,,,2.000000000000000,,,,,,274,9,PL1-025,4.00,3,cosecha,PROGRAMADA
2286,"BIO2,CP6,BCE-006,02",2026-07-25,34000,27.00,31119.000000000,26.14,32750,26.00,15850,,,0.300000000000000,,,,,,331,12,,6.00,2,cosecha,PROGRAMADA
1628,"BIO3,CP2,PL1-026,20",2026-03-22,16000,17.00,15093.000000000,16.30,18700,18.00,11200,,,2.000000000000000,,,,,,275,9,PL1-026,3.00,3,cosecha,PROGRAMADA
2051,"BIO2,CP5,BSP-010,09",2026-06-05,4000,14.00,26497.000000000,13.31,3800,13.60,14300,,,0.780000000000000,,,,,,193,7,,6.45,2,raleo,PROGRAMADA
2000,"BIO3,CP1,PJF-001,19",2026-05-28,31000,18.00,25926.000000000,14.00,24700,14.00,27787,,,1.070000000000000,,,,,,3,8,,8.40,3,cosecha,PROGRAMADA
1649,"BIO2,CP3,BSS-006,19",2026-03-31,21000,22.00,26389.000000000,21.38,26350,22.30,16275,,,0.620000000000000,,,,,,121,5,BSS-006,4.86,2,cosecha,PROGRAMADA
2006,"BIO3,CP2,PL1-010,21",2026-05-28,18000,27.00,38616.000000000,26.38,6700,23.00,37700,,,0.960000000000000,,,,,,253,9,,8.30,3,cosecha,PROGRAMADA
2050,"BIO2,CP5,BSP-002,18",2026-06-05,9000,13.00,8648.000000000,11.40,8150,12.00,5025,,,0.650000000000000,,,,,,167,7,,4.65,2,cosecha,PROGRAMADA
1776,"BIO2,CP3,BSS-020,21",2026-04-20,7000,16.00,6929.000000000,17.23,6650,16.00,4125,,,1.640000000000000,,,,,,177,5,,3.04,2,cosecha,PROGRAMADA
1772,"BIO1,CP2,BG2-041,20",2026-04-21,30000,20.00,37133.000000000,22.00,32800,22.00,16925,,,1.100000000000000,,,,,,146,2,,6.38,1,cosecha,PROGRAMADA
1849,"BIO2,CP1,BSF-026,20",2026-05-06,24000,28.00,20808.000000000,27.11,21775,27.00,22550,,,0.790000000000000,,,,,,221,3,,6.33,2,cosecha,PROGRAMADA
1859,"BIO2,CP3,BSS-039,20",2026-05-08,6600,15.00,27121.000000000,13.52,6400,15.70,14025,,,0.890000000000000,,,,,,239,5,,6.74,2,raleo,PROGRAMADA
1860,"BIO1,CP2,BG2-033,21",2026-05-08,9000,15.00,31327.000000000,14.00,9500,15.00,17725,,,1.430000000000000,,,,,,122,2,,7.00,1,raleo,PROGRAMADA
2053,"BIO2,CP6,BCE-013,01",2026-06-04,12000,19.00,10686.000000000,18.50,10950,20.00,7650,,,1.150000000000000,,,,,,339,12,,2.62,2,cosecha,PROGRAMADA
2048,"BIO2,CP2,BA1-017,21",2026-06-04,28000,27.00,31793.000000000,28.50,28350,28.50,18900,,,0.650000000000000,,,,,,58,4,,4.60,2,cosecha,PROGRAMADA
2059,"BIO1,CP2,BG2-037,22",2026-06-07,33000,19.00,34658.000000000,18.40,32400,19.00,18975,,,1.120000000000000,,,,,,134,2,,5.34,1,cosecha,PROGRAMADA
2049,"BIO2,CP3,BSS-019,21",2026-06-05,15000,16.00,14118.000000000,17.27,9300,16.00,9075,,,0.970000000000000,,,,,,174,5,,3.09,2,cosecha,PROGRAMADA
2062,"BIO2,CP5,BSP-009,09",2026-06-07,25000,19.00,20923.000000000,18.00,22300,19.20,16925,,,0.840000000000000,,,,,,189,7,,4.75,2,cosecha,PROGRAMADA
2054,"BIO2,CP1,BSF-024,20",2026-06-04,34000,20.30,34089.000000000,22.40,31700,20.00,23300,,,0.780000000000000,,,,,,219,3,,7.67,2,cosecha,PROGRAMADA
2065,"BIO3,CP2,PL1-013,19",2026-06-08,42000,26.00,30917.000000000,21.20,30600,22.00,23525,,,0.950000000000000,,,,,,262,9,,7.35,3,cosecha,PROGRAMADA
1855,"BIO1,CP1,BG1-009,22",2026-05-07,23000,16.00,22188.000000000,15.80,22600,18.00,11075,,,1.020000000000000,,,,,,22,1,,4.90,1,cosecha,PROGRAMADA
1650,"BIO1,CP2,BG2-045,04",2026-03-31,47000,19.00,53210.000000000,20.00,48650,20.00,24700,,,0.730000000000000,,,,,,317,2,BG2-045,8.62,1,cosecha,PROGRAMADA
2199,"BIO2,CP3,BSS-026,21",2026-07-02,2000,10.15,4659.000000000,10.22,2000,10.15,1975,,,0.420000000000000,,,,,,195,5,,7.13,2,cosecha,PROGRAMADA
1652,"BIO2,CP2,BA1-017,20",2026-03-31,25000,26.00,27178.000000000,26.80,22600,26.00,17225,,,1.090000000000000,,,,,,58,4,BA1-017,4.60,2,cosecha,PROGRAMADA
1654,"BIO3,CP2,PL1-044,08",2026-04-01,35000,20.00,33611.000000000,19.80,32850,19.00,19275,,,0.700000000000000,,,,,,297,9,PL1-044,7.00,3,cosecha,PROGRAMADA
1515,"BIO1,CP1,BG1-006,21",2026-02-21,36000,19.00,35238.502768000,18.40,38050,18.20,21225,21225.000,,1.170000000000000,,,,,,13,1,BG1-006,5.11,1,cosecha,PROGRAMADA
1429,"BIO1,CP1,BG1-010,18",2026-01-27,35000,19.00,26322.394896000,18.40,39450,18.00,21475,21475.000,,1.110000000000000,,,,,,25,1,BG1-010,7.21,1,cosecha,PROGRAMADA
1451,"BIO1,CP1,BG1-017,19",2026-02-01,38000,17.00,36531.456576000,16.40,35400,18.10,20250,20250.000,,0.830000000000000,,,,,,51,1,BG1-017,8.42,1,cosecha,PROGRAMADA
1337,"BIO1,CP2,BG2-023,18",2026-01-07,50000,27.00,71317.862022000,29.35,42800,30.00,23650,24775.000,,0.800000000000000,,,,,,92,2,BG2-023,10.02,1,cosecha,PROGRAMADA
1334,"BIO1,CP2,BG2-026,18",2026-01-05,45000,20.00,43460.285097600,22.14,37500,19.70,22611,22925.000,,0.790000000000000,,,,,,101,2,BG2-026,6.36,1,cosecha,PROGRAMADA
1448,"BIO1,CP2,BG2-027,19",2026-01-31,38000,19.00,37142.836248000,18.60,36650,17.00,20950,20950.000,,0.930000000000000,,,,,,104,2,BG2-027,6.47,1,cosecha,PROGRAMADA
1456,"BIO1,CP2,BG2-030,19",2026-02-03,48000,20.00,46315.118640000,20.50,41600,20.60,25125,25125.000,,1.090000000000000,,,,,,113,2,BG2-030,7.32,1,cosecha,PROGRAMADA
1438,"BIO1,CP2,BG2-037,20",2026-01-28,35000,17.00,26664.857460000,15.10,32250,17.00,17575,17575.000,,0.940000000000000,,,,,,134,2,BG2-037,5.34,1,cosecha,PROGRAMADA
1328,"BIO1,CP2,BG2-039,18",2026-01-06,30000,18.00,27083.299358400,17.47,28800,17.00,15775,16150.000,,0.850000000000000,,,,,,140,2,BG2-039,5.86,1,cosecha,PROGRAMADA
1321,"BIO1,CP2,BG2-044,03",2026-01-04,26000,24.00,25859.336302800,23.87,27200,24.00,13050,14000.000,,0.730000000000000,,,,,,316,2,BG2-044,8.19,1,cosecha,PROGRAMADA
1372,"BIO1,CP2,BG2-045,03",2026-01-15,26000,25.00,33309.601225600,25.04,34550,25.00,20500,21150.000,,0.700000000000000,,,,,,317,2,BG2-045,8.62,1,cosecha,PROGRAMADA
1364,"BIO1,CP2,BG2-046,03",2026-01-13,30000,26.00,35903.013300000,25.85,24800,25.00,13800,14350.000,,0.480000000000000,,,,,,318,2,BG2-046,12.60,1,cosecha,PROGRAMADA
1773,"BIO2,CP6,BCE-009,01",2026-04-20,22000,25.00,25233.000000000,27.20,20300,27.00,12825,,,0.760000000000000,,,,,,334,12,,5.26,2,cosecha,PROGRAMADA
2201,"BIO1,CP2,BG2-029,21",2026-07-02,11000,16.00,31601.000000000,13.80,11100,16.50,18100,,,1.130000000000000,,,,,,110,2,,7.99,1,raleo,PROGRAMADA
2007,"BIO3,CP2,PL1-025,21",2026-05-29,28000,27.00,25083.000000000,27.09,23000,25.43,16750,,,1.500000000000000,,,,,,274,9,,4.00,3,cosecha,PROGRAMADA
1850,"BIO2,CP3,BSS-008,20",2026-05-07,25000,28.00,24628.000000000,27.63,26000,28.40,21575,,,0.560000000000000,,,,,,127,5,,5.32,2,cosecha,PROGRAMADA
2008,"BIO1,CP2,BG2-021,21",2026-05-29,36000,18.00,43104.000000000,20.00,34350,19.00,17825,,,1.200000000000000,,,,,,86,2,,7.52,1,cosecha,PROGRAMADA
1854,"BIO2,CP5,BSP-006,17",2026-05-07,20000,15.00,22322.000000000,15.00,19600,15.00,13250,,,0.890000000000000,,,,,,179,7,,4.50,2,cosecha,PROGRAMADA
1851,"BIO1,CP2,BG2-029,20",2026-05-06,5800,12.00,37916.000000000,12.30,8800,14.20,22225,,,1.130000000000000,,,,,,110,2,,7.99,1,raleo,PROGRAMADA
2003,"BIO1,CP2,BG2-022,21",2026-05-28,42000,18.00,42381.000000000,18.00,46250,18.00,22825,,,0.790000000000000,,,,,,89,2,,8.90,1,cosecha,PROGRAMADA
1858,"BIO2,CP3,BSS-009,20",2026-05-08,5500,15.00,18889.000000000,13.15,5600,15.00,11725,,,0.720000000000000,,,,,,130,5,,4.15,2,raleo,PROGRAMADA
2001,"BIO2,CP3,BSS-002,20",2026-05-28,25000,18.00,23189.000000000,17.43,26100,18.04,14925,,,0.530000000000000,,,,,,108,5,,5.64,2,cosecha,PROGRAMADA
2004,"BIO1,CP2,BG2-038,21",2026-05-27,8000,14.00,28048.000000000,14.30,8300,14.00,16575,,,1.050000000000000,,,,,,137,2,,5.74,1,raleo,PROGRAMADA
2024,"BIO3,CP2,PL1-007,21",2026-06-01,18000,33.00,21933.000000000,31.09,13500,33.00,16675,,,1.000000000000000,,,,,,250,9,,4.00,3,cosecha,PROGRAMADA
2196,"BIO3,CP2,PL1-041,10",2026-07-01,14000,16.10,26130.000000000,16.60,14700,16.10,5075,,,0.670000000000000,,,,,,294,9,,6.00,3,cosecha,PROGRAMADA
2288,"BIO2,CP1,BSF-030,21",2026-07-27,31000,26.00,24945.000000000,26.36,29900,27.20,17075,,,1.000000000000000,,,,,,225,3,,5.88,2,cosecha,PROGRAMADA
2197,"BIO2,CP6,BCE-012,03",2026-07-01,15300,20.00,13530.000000000,17.44,15300,20.00,8860,,,1.020000000000000,,,,,,337,12,,3.91,2,cosecha,PROGRAMADA
2198,"BIO2,CP1,BSF-008,20",2026-07-02,25000,19.20,25813.000000000,20.19,25260,19.20,16906,,,0.610000000000000,,,,,,175,3,,6.59,2,cosecha,PROGRAMADA
2290,"BIO3,CP2,PL1-031,22",2026-07-26,20000,25.00,21653.000000000,24.36,21750,25.70,10975,,,1.300000000000000,,,,,,280,9,,3.20,3,cosecha,PROGRAMADA
2005,"BIO2,CP5,BSP-015,17",2026-05-27,20000,20.00,25000.000000000,21.00,24150,20.00,20800,,,0.500000000000000,,,,,,305,7,,6.00,2,cosecha,PROGRAMADA
2002,"BIO2,CP2,BA1-009,20",2026-05-27,20000,32.00,22068.000000000,32.50,13800,32.00,14275,,,0.970000000000000,,,,,,24,4,,3.08,2,cosecha,PROGRAMADA
1655,"BIO3,CP1,PJF-005,18",2026-04-01,50000,19.00,51736.000000000,19.50,48350,19.00,32400,,,0.940000000000000,,,,,,17,8,PJF-005,10.65,3,cosecha,PROGRAMADA
1520,"BIO2,CP2,BA1-009,19",,5000,13.00,15400.000000000,12.60,0,0.00,7800,0.000,,0.000000000000000,,,,,,24,4,BA1-009,3.08,2,cosecha,PROGRAMADA
2066,"BIO3,CP2,PL1-029,21",2026-05-31,55000,20.60,45306.000000000,17.87,54700,20.60,32525,,,0.700000000000000,,,,,,278,9,,10.00,3,cosecha,PROGRAMADA
1651,"BIO2,CP3,BSS-007,19",2026-04-01,21000,21.00,17610.000000000,19.87,15700,22.30,11050,,,0.900000000000000,,,,,,124,5,BSS-007,3.35,2,cosecha,PROGRAMADA
1653,"BIO2,CP1,BSF-032,19",2026-04-01,19000,19.00,21375.000000000,21.83,19844,20.00,14000,,,1.650000000000000,,,,,,227,3,BSF-032,4.23,2,cosecha,PROGRAMADA
1774,"BIO2,CP5,BSP-002,17",2026-04-19,23000,22.00,25710.000000000,22.80,15150,19.93,16500,,,1.080000000000000,,,,,,167,7,,4.65,2,cosecha,PROGRAMADA
2200,"BIO1,CP1,BG1-003,21",2026-07-02,11500,19.00,34765.000000000,18.80,10000,19.00,16550,,,1.000000000000000,,,,,,5,1,,6.99,1,raleo,PROGRAMADA
1857,"BIO2,CP1,BSF-027,19",2026-05-08,28000,25.00,22268.000000000,24.72,31400,25.00,24700,,,0.590000000000000,,,,,,222,3,,6.81,2,cosecha,PROGRAMADA
1853,"BIO2,CP2,BA1-006,21",2026-05-05,4500,14.00,18964.000000000,12.62,3600,12.00,10100,,,0.650000000000000,,,,,,15,4,,4.26,2,raleo,PROGRAMADA
1560,"BIO1,CP2,BG2-040,20",2026-03-04,35000,18.00,30718.720032000,16.80,34200,19.00,17325,,,1.100000000000000,,,,,,143,2,BG2-040,6.38,1,cosecha,PROGRAMADA
1481,"BIO2,CP1,BSF-004,19",2026-02-11,52000,21.00,51523.490108280,20.63,48320,19.00,27600,27600.000,,0.700000000000000,,,,,,161,3,BSF-004,7.17,2,cosecha,PROGRAMADA
1517,"BIO2,CP1,BSF-015,19",2026-02-21,50000,22.00,45895.482730240,21.16,47200,21.16,25425,25425.000,,0.730000000000000,,,,,,210,3,BSF-015,6.88,2,cosecha,PROGRAMADA
1484,"BIO2,CP2,BA1-002,19",2026-02-11,55000,20.00,51290.019000000,20.00,46950,20.00,29050,29050.000,,0.570000000000000,,,,,,4,4,BA1-002,7.05,2,cosecha,PROGRAMADA
1510,"BIO2,CP2,BA1-034,19",2026-02-20,42000,22.00,43913.978550000,22.50,38800,24.00,24000,24000.000,,0.590000000000000,,,,,,84,4,BA1-034,6.81,2,cosecha,PROGRAMADA
1395,"BIO2,CP2,BA1-037,19",2026-01-19,16000,18.00,15347.322900000,19.50,15900,18.00,8925,8925.000,,0.840000000000000,,,,,,94,4,BA1-037,2.38,2,cosecha,PROGRAMADA
1416,"BIO2,CP2,BA1-038,19",2026-01-23,17000,21.00,16851.962400000,21.00,15800,21.00,8475,8475.000,,0.770000000000000,,,,,,97,4,BA1-038,2.60,2,cosecha,PROGRAMADA
1420,"BIO2,CP2,BA1-039,18",2026-01-24,20000,22.00,18420.226656000,20.60,19100,21.00,10050,10050.000,,0.640000000000000,,,,,,100,4,BA1-039,3.12,2,cosecha,PROGRAMADA
1398,"BIO2,CP3,BSS-002,18",2026-01-20,43000,21.00,38402.236044000,21.30,33300,23.00,18100,18100.000,,0.530000000000000,,,,,,108,5,BSS-002,5.64,2,cosecha,PROGRAMADA
1392,"BIO2,CP3,BSS-003,18",2026-01-19,23000,19.00,18861.234840000,19.40,23300,19.00,11150,11150.000,,0.340000000000000,,,,,,111,5,BSS-003,2.94,2,cosecha,PROGRAMADA
1389,"BIO2,CP3,BSS-006,18",2026-01-17,34000,20.00,32303.783340000,20.10,30800,20.00,17050,17050.000,,0.620000000000000,,,,,,121,5,BSS-006,4.86,2,cosecha,PROGRAMADA
1409,"BIO2,CP3,BSS-007,18",2026-01-22,25000,18.00,22097.146720000,17.60,21200,17.00,14050,14050.000,,0.900000000000000,,,,,,124,5,BSS-007,3.35,2,cosecha,PROGRAMADA
1346,"BIO2,CP3,BSS-010,18",2026-01-07,23000,19.00,17947.207680000,19.20,18450,19.00,11875,11875.000,,0.750000000000000,,,,,,132,5,BSS-010,2.65,2,cosecha,PROGRAMADA
2289,"BIO2,CP3,BSS-037,20",2026-07-27,22000,25.00,21410.000000000,25.39,19900,27.25,13850,,,0.500000000000000,,,,,,237,5,,4.25,2,cosecha,PROGRAMADA
1775,"BIO2,CP2,BA1-034,20",2026-04-18,23000,18.00,22280.000000000,18.55,15600,18.00,17000,,,0.730000000000000,,,,,,84,4,,6.81,2,cosecha,PROGRAMADA
1486,"BIO2,CP5,BSP-010,07",2026-02-12,35000,19.00,34660.445625000,19.50,33150,18.90,21425,21425.000,,0.620000000000000,,,,,,193,7,BSP-010,6.45,2,cosecha,PROGRAMADA
1407,"BIO2,CP5,BSP-012,15",2026-01-21,45000,19.00,42912.450816000,19.20,43100,18.90,23575,23575.000,,0.680000000000000,,,,,,202,7,BSP-012,7.40,2,cosecha,PROGRAMADA
1400,"BIO2,CP5,BSP-015,15",2026-01-19,32000,20.00,29967.127800000,19.70,29500,19.10,17350,17400.000,,1.000000000000000,,,,,,305,7,BSP-015,6.00,2,cosecha,PROGRAMADA
2009,"BIO2,CP5,BSP-008,09",2026-05-28,17000,19.00,17136.000000000,20.55,15800,19.00,14350,,,1.120000000000000,,,,,,186,7,,4.45,2,cosecha,PROGRAMADA
2292,"BIO1,CP2,BG2-023,21",2026-07-28,52000,28.00,51249.000000000,29.00,45100,28.80,25450,,,1.000000000000000,,,,,,92,2,,10.02,1,cosecha,PROGRAMADA
2019,"BIO2,CP2,BA1-015,21",2026-05-31,3000,16.00,17622.000000000,15.75,3050,15.75,12600,,,0.740000000000000,,,,,,53,4,,4.06,2,raleo,PROGRAMADA
1863,"BIO2,CP6,BCE-003,01",2026-05-06,4000,12.40,15009.000000000,12.96,4000,12.40,7350,,,0.970000000000000,,,,,,328,12,,3.09,2,raleo,PROGRAMADA
1669,"BIO3,CP1,PJF-017,18",2026-03-27,39000,22.00,39600.000000000,21.60,37500,22.00,23900,,,0.790000000000000,,,,,,59,8,PJF-017,7.56,3,cosecha,PROGRAMADA
2023,"BIO2,CP2,BA1-037,21",2026-05-31,16000,27.00,14298.000000000,27.25,12750,27.00,8575,,,0.840000000000000,,,,,,94,4,,2.38,2,cosecha,PROGRAMADA
1671,"BIO3,CP2,PL1-015,18",2026-03-28,34000,19.00,36315.000000000,18.80,26050,19.00,19275,,,0.900000000000000,,,,,,264,9,PL1-015,6.74,3,cosecha,PROGRAMADA
1665,"BIO2,CP3,BSS-043,20",2026-03-27,13000,16.00,10780.000000000,15.21,12300,17.00,8225,,,0.530000000000000,,,,,,244,5,BSS-043,1.88,2,cosecha,PROGRAMADA
1656,"BIO2,CP3,BSS-039,19",2026-03-26,39000,16.00,36476.000000000,16.15,34500,16.00,22000,,,0.890000000000000,,,,,,239,5,BSS-039,6.74,2,cosecha,PROGRAMADA
1659,"BIO2,CP5,BSP-008,08",2026-03-25,30000,20.00,28853.000000000,17.30,21950,20.00,18075,,,1.120000000000000,,,,,,186,7,BSP-008,4.45,2,cosecha,PROGRAMADA
1657,"BIO1,CP2,BG2-021,20",2026-03-26,55000,20.00,60595.000000000,21.50,57300,22.50,31875,,,1.330000000000000,,,,,,86,2,BG2-021,7.52,1,cosecha,PROGRAMADA
1663,"BIO2,CP2,BA1-037,20",2026-03-27,12000,22.00,12986.000000000,22.50,7100,23.00,7950,,,0.500000000000000,,,,,,94,4,BA1-037,2.38,2,cosecha,PROGRAMADA
1531,"BIO3,CP1,PJF-002,19",2026-02-24,50000,23.00,42337.579320000,23.50,34110,23.50,26850,26850.000,,1.100000000000000,,,,,,7,8,PJF-002,9.08,3,cosecha,PROGRAMADA
1561,"BIO3,CP1,PJF-004,18",2026-03-04,46000,24.00,29562.028140800,23.41,29950,23.41,18300,,,0.780000000000000,,,,,,14,8,PJF-004,8.95,3,cosecha,PROGRAMADA
1379,"BIO3,CP1,PJF-005,17",2026-01-15,43000,22.00,45901.425450000,23.00,38150,23.00,22250,22250.000,,0.940000000000000,,,,,,17,8,PJF-005,10.65,3,cosecha,PROGRAMADA
1417,"BIO3,CP1,PJF-007,18",2026-01-24,25000,23.00,23973.702240000,23.00,24850,22.80,16525,16525.000,,1.020000000000000,,,,,,23,8,PJF-007,5.91,3,cosecha,PROGRAMADA
2016,"BIO3,CP2,PL1-011,20",2026-05-31,27000,28.00,23574.000000000,26.80,19400,26.23,15775,,,0.880000000000000,,,,,,260,9,,5.70,3,cosecha,PROGRAMADA
2012,"BIO2,CP3,BSS-023,21",2026-05-31,3500,16.00,11108.000000000,14.60,3000,16.00,5825,,,0.840000000000000,,,,,,187,5,,2.38,2,raleo,PROGRAMADA
2013,"BIO1,CP2,BG2-046,05",2026-05-31,50000,20.00,48000.000000000,19.20,52700,20.00,38850,,,0.950000000000000,,,,,,318,2,,12.60,1,cosecha,PROGRAMADA
2067,"BIO3,CP2,PL1-015,19",2026-06-07,35000,24.00,30624.000000000,22.90,29850,27.00,21175,,,1.040000000000000,,,,,,264,9,,6.74,3,cosecha,PROGRAMADA
2068,"BIO2,CP6,BCE-016,02",2026-06-07,10000,23.00,7540.000000000,19.00,8800,23.00,4225,,,0.500000000000000,,,,,,342,12,,2.00,2,cosecha,PROGRAMADA
2202,"BIO2,CP1,BSF-010,20",2026-07-04,28000,26.00,24703.000000000,25.02,28580,23.10,15114,,,0.580000000000000,,,,,,180,3,,6.89,2,cosecha,PROGRAMADA
1519,"BIO2,CP2,BA1-010,19",,5000,13.00,17834.000000000,12.50,0,0.00,9130,0.000,,0.000000000000000,,,,,,27,4,BA1-010,3.01,2,cosecha,PROGRAMADA
1658,"BIO2,CP2,BA1-027,20",2026-03-26,20000,22.00,26130.000000000,21.90,21400,22.00,14125,,,0.410000000000000,,,,,,69,4,BA1-027,4.92,2,cosecha,PROGRAMADA
1358,"BIO2,CP1,BSF-002,20",2026-01-10,44000,21.00,43199.357460000,21.70,33300,21.40,23100,23100.000,,0.780000000000000,,,,,,155,3,BSF-002,6.45,2,cosecha,PROGRAMADA
1342,"BIO2,CP1,BSF-007,17",2026-01-07,47000,23.00,44095.381856400,22.57,37150,23.00,22225,22225.000,,0.630000000000000,,,,,,171,3,BSF-007,6.33,2,cosecha,PROGRAMADA
1660,"BIO3,CP2,PL1-013,18",2026-03-26,32000,20.00,30787.000000000,19.00,28300,19.00,16400,,,0.900000000000000,,,,,,262,9,PL1-013,7.35,3,cosecha,PROGRAMADA
1509,"BIO2,CP1,BSF-012,19",2026-02-19,42000,20.00,34829.395146000,19.29,37100,19.29,24850,24850.000,,0.680000000000000,,,,,,203,3,BSF-012,5.85,2,cosecha,PROGRAMADA
1363,"BIO2,CP1,BSF-016,18",2026-01-12,37000,23.00,35045.415081600,23.80,35080,23.80,22800,22800.000,,0.590000000000000,,,,,,211,3,BSF-016,5.06,2,cosecha,PROGRAMADA
1500,"BIO2,CP1,BSF-022,19",2026-02-17,46000,20.00,43232.912574300,20.31,45800,20.00,23325,23325.000,,0.510000000000000,,,,,,217,3,BSF-022,7.85,2,cosecha,PROGRAMADA
1397,"BIO2,CP1,BSF-024,18",2026-01-19,50000,23.00,49692.997941600,24.49,42800,24.40,23825,23825.000,,0.650000000000000,,,,,,219,3,BSF-024,7.67,2,cosecha,PROGRAMADA
1375,"BIO2,CP1,BSF-029,18",2026-01-13,42000,23.00,39050.680553500,18.37,39800,16.50,19325,19325.000,,0.600000000000000,,,,,,224,3,BSF-029,6.65,2,cosecha,PROGRAMADA
1332,"BIO2,CP1,BSF-030,18",2026-01-05,42000,23.00,39749.371865280,23.23,39900,22.47,22200,22950.000,,0.680000000000000,,,,,,225,3,BSF-030,5.88,2,cosecha,PROGRAMADA
1487,"BIO2,CP2,BA1-005,20",2026-02-12,50000,18.00,48310.832790000,19.00,46900,17.50,27925,27925.000,,0.430000000000000,,,,,,12,4,BA1-005,6.99,2,cosecha,PROGRAMADA
1391,"BIO2,CP2,BA1-008,18",2026-01-18,38000,17.00,32338.836480000,16.00,32200,17.00,20700,20700.000,,0.700000000000000,,,,,,21,4,BA1-008,5.73,2,cosecha,PROGRAMADA
1330,"BIO2,CP2,BA1-009,18",2026-01-05,24000,18.00,14004.721500000,16.50,17100,19.80,9375,9375.000,,0.970000000000000,,,,,,24,4,BA1-009,3.08,2,cosecha,PROGRAMADA
1606,"BIO2,CP2,BA1-009,19",2026-03-13,15000,20.00,14938.369600000,20.00,12000,20.00,11175,0.000,,0.650000000000000,,,,,,24,4,BA1-009,3.08,2,cosecha,PROGRAMADA
1338,"BIO2,CP2,BA1-010,18",2026-01-06,24000,19.00,18060.118473600,20.16,18200,19.50,10925,10925.000,,0.660000000000000,,,,,,27,4,BA1-010,3.01,2,cosecha,PROGRAMADA
1434,"BIO2,CP2,BA1-013,19",2026-01-28,32000,22.00,31545.577308000,21.70,29400,21.00,17900,17900.000,,0.640000000000000,,,,,,47,4,BA1-013,4.71,2,cosecha,PROGRAMADA
1458,"BIO2,CP2,BA1-015,19",2026-02-02,25000,17.00,27254.808420000,17.40,24250,17.00,15175,15175.000,,0.490000000000000,,,,,,53,4,BA1-015,4.06,2,cosecha,PROGRAMADA
1349,"BIO2,CP2,BA1-016,18",2026-01-08,45000,20.00,35767.430400000,20.00,38600,20.00,21275,21275.000,,0.440000000000000,,,,,,56,4,BA1-016,6.76,2,cosecha,PROGRAMADA
1403,"BIO2,CP2,BA1-018,19",2026-01-20,31000,19.00,37796.544240000,21.00,30150,22.00,16800,16800.000,,0.640000000000000,,,,,,60,4,BA1-018,6.28,2,cosecha,PROGRAMADA
1345,"BIO2,CP2,BA1-019,18",2026-01-07,19000,20.00,19297.657456000,20.30,19500,20.00,10900,10900.000,,0.650000000000000,,,,,,61,4,BA1-019,3.08,2,cosecha,PROGRAMADA
1514,"BIO2,CP2,BA1-020,19",2026-02-20,30000,25.00,33583.553640000,24.80,27150,25.00,17825,17825.000,,0.660000000000000,,,,,,62,4,BA1-020,4.55,2,cosecha,PROGRAMADA
1449,"BIO2,CP2,BA1-021,19",2026-01-30,20000,20.00,21165.218208000,22.60,18500,20.50,11125,11125.000,,0.560000000000000,,,,,,63,4,BA1-021,3.54,2,cosecha,PROGRAMADA
1366,"BIO2,CP2,BA1-028,19",2026-01-12,30000,21.50,24388.056810000,20.15,30700,21.50,17575,17575.000,,0.360000000000000,,,,,,70,4,BA1-028,5.49,2,cosecha,PROGRAMADA
1410,"BIO2,CP2,BA1-029,18",2026-01-21,30000,16.00,31308.847360000,16.00,28750,16.50,17225,17225.000,,0.470000000000000,,,,,,72,4,BA1-029,6.34,2,cosecha,PROGRAMADA
1602,"BIO2,CP3,BSS-010,19",2026-03-13,17000,25.00,15200.794161000,24.78,14000,25.00,10150,0.000,,0.750000000000000,,,,,,132,5,BSS-010,2.65,2,cosecha,PROGRAMADA
1501,"BIO2,CP3,BSS-011,18",2026-02-18,32000,20.00,32241.613620000,20.50,29400,20.00,18075,18075.000,,0.610000000000000,,,,,,150,5,BSS-011,4.92,2,cosecha,PROGRAMADA
1359,"BIO2,CP3,BSS-014,18",2026-01-10,40000,20.00,31640.639660000,20.30,33300,21.00,19050,19050.000,,0.590000000000000,,,,,,159,5,BSS-014,5.05,2,cosecha,PROGRAMADA
1466,"BIO2,CP3,BSS-017,18",2026-02-05,46000,20.00,45827.020200000,20.50,40450,20.00,22000,22000.000,,0.380000000000000,,,,,,169,5,BSS-017,7.80,2,cosecha,PROGRAMADA
1447,"BIO2,CP3,BSS-018,19",2026-02-01,29000,20.00,27482.587692000,20.10,28300,20.50,17375,17375.000,,0.450000000000000,,,,,,172,5,BSS-018,4.43,2,cosecha,PROGRAMADA
1423,"BIO2,CP3,BSS-019,19",2026-01-25,26000,22.00,19551.054180000,20.50,23100,23.00,13525,13525.000,,0.650000000000000,,,,,,174,5,BSS-019,3.09,2,cosecha,PROGRAMADA
1444,"BIO2,CP3,BSS-020,19",2026-01-29,24000,24.00,23624.493600000,23.50,17500,25.00,11275,11275.000,,0.660000000000000,,,,,,177,5,BSS-020,3.04,2,cosecha,PROGRAMADA
1558,"BIO2,CP3,BSS-022,20",2026-03-04,17000,20.00,16527.886200000,20.40,14100,21.00,9325,,,1.220000000000000,,,,,,184,5,BSS-022,2.45,2,cosecha,PROGRAMADA
1443,"BIO2,CP3,BSS-023,19",2026-01-28,23000,24.00,18889.012800000,24.00,16850,24.50,11550,11550.000,,0.840000000000000,,,,,,187,5,BSS-023,2.38,2,cosecha,PROGRAMADA
1436,"BIO2,CP3,BSS-027,19",2026-01-28,40000,18.00,42426.821528000,18.20,39000,18.00,23150,23150.000,,0.480000000000000,,,,,,198,5,BSS-027,6.22,2,cosecha,PROGRAMADA
1428,"BIO2,CP3,BSS-028,19",2026-01-26,30000,20.00,27091.535744000,18.20,22000,21.00,14775,14775.000,,0.470000000000000,,,,,,201,5,BSS-028,4.22,2,cosecha,PROGRAMADA
1553,"BIO2,CP3,BSS-029,19",2026-03-03,28000,20.00,25422.388992000,20.80,23450,21.00,16300,16775.000,,0.600000000000000,,,,,,204,5,BSS-029,5.04,2,cosecha,PROGRAMADA
1327,"BIO2,CP3,BSS-032,17",2026-01-04,35000,26.00,31048.814790000,25.50,34600,25.00,19575,19575.000,,0.250000000000000,,,,,,232,5,BSS-032,7.89,2,cosecha,PROGRAMADA
1608,"BIO2,CP3,BSS-034,19",2026-03-14,33000,24.00,31555.762560000,24.00,27950,24.00,16700,0.000,,0.600000000000000,,,,,,234,5,BSS-034,4.97,2,cosecha,PROGRAMADA
1319,"BIO2,CP3,BSS-037,17",2026-01-02,26000,25.00,22768.006500000,27.00,21600,26.00,13775,14800.000,,0.710000000000000,,,,,,237,5,BSS-037,4.25,2,cosecha,PROGRAMADA
1574,"BIO2,CP3,BSS-037,18",2026-03-07,25000,21.00,21952.855650000,21.30,23300,21.00,15000,0.000,,0.710000000000000,,,,,,237,5,BSS-037,4.25,2,cosecha,PROGRAMADA
1408,"BIO2,CP1,BSF-021,18",2026-01-21,32000,22.00,31081.156272000,21.96,35000,21.96,17575,17575.000,,0.750000000000000,,,,,,216,3,BSF-021,5.35,2,cosecha,PROGRAMADA
2069,"BIO1,CP2,BG2-027,21",2026-06-07,30000,21.50,30524.000000000,21.40,28000,21.50,18025,,,0.930000000000000,,,,,,104,2,,6.47,1,cosecha,PROGRAMADA
1454,"BIO2,CP2,BA1-014,19",2026-02-01,38000,16.00,40405.908800000,15.80,41100,17.00,24375,24375.000,,0.410000000000000,,,,,,50,4,BA1-014,7.25,2,cosecha,PROGRAMADA
2204,"BIO1,CP2,BG2-036,21",2026-07-03,5500,17.00,29577.000000000,17.20,5700,17.00,12375,,,1.150000000000000,,,,,,131,2,,5.20,1,raleo,PROGRAMADA
1777,"BIO2,CP5,BSP-014,16",2026-04-20,9000,12.00,36736.000000000,11.50,5700,12.00,19450,,,1.300000000000000,,,,,,292,7,,6.90,2,raleo,PROGRAMADA
1563,"BIO1,CP2,BG2-039,19",2026-03-06,33000,18.00,33460.096040000,18.50,33850,17.30,17200,,,0.850000000000000,,,,,,140,2,BG2-039,5.86,1,cosecha,PROGRAMADA
1488,"BIO2,CP1,BSF-001,18",2026-02-12,46000,21.00,45107.438760000,21.05,38900,20.50,24425,24425.000,,0.770000000000000,,,,,,153,3,BSF-001,6.48,2,cosecha,PROGRAMADA
1564,"BIO2,CP3,BSS-026,19",2026-03-05,46000,19.00,44562.792330000,18.90,35050,21.00,23750,,,0.560000000000000,,,,,,195,5,BSS-026,7.13,2,cosecha,PROGRAMADA
1485,"BIO2,CP3,BSS-040,20",2026-02-12,35000,15.00,31027.672676000,14.30,30600,15.00,17125,17125.000,,0.280000000000000,,,,,,240,5,BSS-040,7.03,2,cosecha,PROGRAMADA
1522,"BIO2,CP3,BSS-041,19",2026-02-22,23000,21.00,22106.626500000,21.00,20300,22.00,12500,12500.000,,0.520000000000000,,,,,,241,5,BSS-041,3.82,2,cosecha,PROGRAMADA
1480,"BIO2,CP5,BSP-001,16",2026-02-09,10000,22.00,9129.689520000,21.00,8900,20.50,7875,7875.000,,0.880000000000000,,,,,,164,7,BSP-001,3.40,2,cosecha,PROGRAMADA
1670,"BIO2,CP3,BSS-044,20",2026-03-28,13000,17.00,9873.000000000,15.76,12300,17.00,8250,,,1.350000000000000,,,,,,246,5,BSS-044,1.48,2,cosecha,PROGRAMADA
1668,"BIO3,CP2,PL1-014,20",2026-03-27,32000,18.00,31654.000000000,17.70,26950,17.00,16950,,,0.900000000000000,,,,,,263,9,PL1-014,6.76,3,cosecha,PROGRAMADA
1388,"BIO3,CP2,PL1-008,18",2026-01-16,7000,6.00,7336.908800000,6.50,5750,6.00,8400,8400.000,,0.800000000000000,,,,,,251,9,PL1-008,6.40,3,cosecha,PROGRAMADA
1666,"BIO2,CP5,BSP-009,08",2026-03-26,30000,13.00,23876.000000000,12.00,27350,13.00,15900,,,1.050000000000000,,,,,,189,7,BSP-009,4.75,2,cosecha,PROGRAMADA
1862,"BIO2,CP6,BCE-006,01",2026-05-06,4000,13.00,24589.000000000,13.77,3650,13.20,14150,,,0.500000000000000,,,,,,331,12,,6.00,2,raleo,PROGRAMADA
1482,"BIO2,CP5,BSP-002,16",2026-02-11,21000,22.00,19026.579840000,23.20,20000,21.00,13125,13125.000,,0.860000000000000,,,,,,167,7,BSP-002,4.65,2,cosecha,PROGRAMADA
1478,"BIO2,CP5,BSP-003,15",2026-02-10,45000,20.50,41327.431600000,20.60,41300,20.50,24300,24300.000,,0.770000000000000,,,,,,170,7,BSP-003,6.50,2,cosecha,PROGRAMADA
1343,"BIO2,CP5,BSP-004,15",2026-01-07,34000,19.00,27932.557575000,19.50,23200,19.20,14475,14475.000,,0.880000000000000,,,,,,173,7,BSP-004,5.65,2,cosecha,PROGRAMADA
1594,"BIO2,CP5,BSP-006,16",2026-03-10,25000,21.00,24528.930750000,21.50,23500,23.00,13875,,,0.670000000000000,,,,,,179,7,,4.50,2,cosecha,PROGRAMADA
1317,"BIO2,CP5,BSP-007,14",2026-01-02,45000,18.00,40158.993600000,18.40,40900,17.10,21000,21500.000,,0.480000000000000,,,,,,182,7,BSP-007,8.25,2,cosecha,PROGRAMADA
1421,"BIO2,CP5,BSP-008,07",2026-01-24,28000,20.00,23177.235375000,18.90,27900,20.00,16888,16888.000,,0.900000000000000,,,,,,186,7,BSP-008,4.45,2,cosecha,PROGRAMADA
1556,"BIO2,CP5,BSP-011,07",2026-03-04,50000,20.00,57090.321600000,19.50,48550,19.70,32725,,,0.840000000000000,,,,,,199,7,BSP-011,8.30,2,cosecha,PROGRAMADA
1554,"BIO2,CP5,BSP-014,15",2026-03-02,43000,17.00,42988.377240000,15.70,36800,17.00,26075,26075.000,,0.870000000000000,,,,,,292,7,BSP-014,6.90,2,cosecha,PROGRAMADA
1607,"BIO2,CP5,BSP-015,16",2026-03-12,35000,15.00,34391.760000000,13.00,28100,13.10,17425,,,0.830000000000000,,,,,,305,7,,6.00,2,cosecha,PROGRAMADA
1474,"BIO3,CP1,PJF-003,19",2026-02-07,39000,19.00,36324.709188000,18.66,39400,19.00,23775,23775.000,,0.790000000000000,,,,,,10,8,PJF-003,8.83,3,cosecha,PROGRAMADA
1472,"BIO3,CP1,PJF-006,25",2026-02-06,31000,21.00,30276.389088000,22.44,28500,20.50,15900,15900.000,,0.650000000000000,,,,,,20,8,PJF-006,6.12,3,cosecha,PROGRAMADA
1524,"BIO3,CP1,PJF-012,22",2026-02-22,37000,24.00,33758.731156000,23.60,29820,21.60,19725,19725.000,,0.730000000000000,,,,,,45,8,PJF-012,6.83,3,cosecha,PROGRAMADA
1411,"BIO3,CP1,PJF-013,18",2026-01-23,26000,23.00,26210.687814000,22.39,26750,22.00,16975,16975.000,,1.020000000000000,,,,,,48,8,PJF-013,5.90,3,cosecha,PROGRAMADA
1598,"BIO3,CP1,PJF-013,19",2026-03-11,25000,16.00,24505.451760000,15.70,18900,16.00,12025,0.000,,1.020000000000000,,,,,,48,8,PJF-013,5.90,3,cosecha,PROGRAMADA
1406,"BIO3,CP1,PJF-014,18",2026-01-21,35000,24.00,36998.337945600,24.28,26700,21.50,20300,20300.000,,0.780000000000000,,,,,,52,8,PJF-014,7.68,3,cosecha,PROGRAMADA
1404,"BIO3,CP1,PJF-015,18",2026-01-21,36000,23.00,32750.175157200,22.58,29300,20.80,20675,20675.000,,0.900000000000000,,,,,,55,8,PJF-015,7.74,3,cosecha,PROGRAMADA
1370,"BIO3,CP1,PJF-016,17",2026-01-14,34000,22.00,30833.535600000,21.00,28200,22.80,17150,17150.000,,0.950000000000000,,,,,,57,8,PJF-016,7.40,3,cosecha,PROGRAMADA
1365,"BIO3,CP1,PJF-017,17",2026-01-13,36000,23.00,33566.886864000,21.20,34250,23.00,20425,20425.000,,0.790000000000000,,,,,,59,8,PJF-017,7.56,3,cosecha,PROGRAMADA
1476,"BIO3,CP2,PL1-002,19",2026-02-09,25000,20.00,25277.943600000,19.60,25600,20.00,15445,15475.000,,0.800000000000000,,,,,,243,9,PL1-002,4.50,3,cosecha,PROGRAMADA
1339,"BIO3,CP2,PL1-003,18",2026-01-07,25000,18.00,20476.324800000,18.00,20250,18.00,12150,12400.000,,0.900000000000000,,,,,,245,9,PL1-003,4.30,3,cosecha,PROGRAMADA
1593,"BIO3,CP2,PL1-003,19",2026-03-11,25000,20.00,24647.428000000,20.00,20800,19.00,13950,,,0.700000000000000,,,,,,245,9,,4.30,3,cosecha,PROGRAMADA
1600,"BIO3,CP2,PL1-004,19",2026-03-12,50000,22.00,53241.090000000,23.00,50900,21.60,28225,0.000,,0.700000000000000,,,,,,247,9,PL1-004,10.50,3,cosecha,PROGRAMADA
1503,"BIO3,CP2,PL1-005,19",2026-02-19,33000,20.00,33016.089600000,19.20,34950,20.00,20375,20375.000,,1.000000000000000,,,,,,248,9,PL1-005,6.00,3,cosecha,PROGRAMADA
1329,"BIO3,CP2,PL1-007,19",2026-01-06,25000,18.00,24691.520000000,20.00,22050,19.00,13725,14450.000,,0.800000000000000,,,,,,250,9,PL1-007,4.00,3,cosecha,PROGRAMADA
1595,"BIO3,CP2,PL1-007,20",2026-03-11,23000,19.00,23284.103360000,18.86,19850,17.00,15650,,,0.800000000000000,,,,,,250,9,,4.00,3,cosecha,PROGRAMADA
1376,"BIO3,CP2,PL1-011,18",2026-01-15,33000,18.00,31666.874400000,18.00,28800,18.00,15025,15025.000,,0.800000000000000,,,,,,260,9,PL1-011,5.70,3,cosecha,PROGRAMADA
1422,"BIO3,CP2,PL1-013,17",2026-01-25,32000,19.00,33055.772400000,17.00,30950,19.00,16925,16925.000,,0.800000000000000,,,,,,262,9,PL1-013,7.35,3,cosecha,PROGRAMADA
1426,"BIO3,CP2,PL1-014,19",2026-01-26,30000,20.00,27868.789520000,17.00,28000,19.00,14325,14325.000,,0.800000000000000,,,,,,263,9,PL1-014,6.76,3,cosecha,PROGRAMADA
1326,"BIO3,CP2,PL1-017,16",2026-01-05,35000,18.00,29347.635200000,16.00,33400,18.00,16850,17675.000,,0.700000000000000,,,,,,266,9,PL1-017,6.40,3,cosecha,PROGRAMADA
1318,"BIO3,CP2,PL1-018,16",2026-01-03,27000,17.00,23873.613400000,17.00,28700,17.00,15725,16575.000,,0.700000000000000,,,,,,267,9,PL1-018,4.55,3,cosecha,PROGRAMADA
2014,"BIO3,CP2,PL1-008,20",2026-05-31,30000,26.00,29144.000000000,25.82,28450,26.92,20575,,,0.940000000000000,,,,,,251,9,,6.40,3,cosecha,PROGRAMADA
2017,"BIO2,CP2,BA1-027,21",2026-05-30,25000,24.00,29124.000000000,24.41,25100,24.00,18575,,,0.610000000000000,,,,,,69,4,,4.92,2,cosecha,PROGRAMADA
2020,"BIO2,CP2,BA1-020,21",2026-05-31,3000,12.00,13517.000000000,12.25,2900,13.00,7900,,,0.880000000000000,,,,,,62,4,,4.55,2,raleo,PROGRAMADA
2010,"BIO2,CP3,BSS-003,20",2026-05-29,14000,21.00,13741.000000000,20.19,11770,21.00,9000,,,0.340000000000000,,,,,,111,5,,2.94,2,cosecha,PROGRAMADA
1455,"BIO3,CP3,PL2-008,19",2026-02-01,80000,21.00,84101.080800000,20.40,66100,20.00,37200,37200.000,,0.600000000000000,,,,,,139,10,PL2-008,17.00,3,cosecha,PROGRAMADA
1489,"BIO2,CP1,BSF-008,18",2026-02-13,43000,21.00,42265.771088800,20.78,41920,20.00,25675,25675.000,,0.610000000000000,,,,,,175,3,BSF-008,6.59,2,cosecha,PROGRAMADA
1565,"BIO3,CP1,PJF-001,18",2026-03-06,41000,23.00,38433.585456000,23.06,34600,23.50,25325,0.000,,0.830000000000000,,,,,,3,8,PJF-001,8.40,3,cosecha,PROGRAMADA
1525,"BIO3,CP2,PL1-009,19",2026-02-23,33000,20.00,43210.160000000,20.00,45700,19.00,25400,25400.000,,0.800000000000000,,,,,,252,9,PL1-009,7.00,3,cosecha,PROGRAMADA
1866,"BIO2,CP1,BSF-003,21",2026-05-09,9000,20.00,32846.000000000,20.59,8900,20.59,17950,,,0.660000000000000,,,,,,158,3,,6.03,2,raleo,PROGRAMADA
1780,"BIO1,CP2,BG2-042,20",2026-04-20,31000,19.00,35289.000000000,18.60,28000,20.00,17625,,,1.210000000000000,,,,,,149,2,,6.62,1,cosecha,PROGRAMADA
1344,"BIO3,CP2,PL1-022,19",2026-01-08,30000,18.00,23644.335000000,16.50,17150,17.00,13300,14050.000,,0.700000000000000,,,,,,271,9,PL1-022,5.00,3,cosecha,PROGRAMADA
1582,"BIO3,CP2,PL1-022,20",2026-03-09,30000,19.00,30092.790000000,19.50,23850,22.00,16950,,,0.800000000000000,,,,,,271,9,,5.00,3,cosecha,PROGRAMADA
1377,"BIO3,CP2,PL1-023,24",2026-01-15,12000,16.00,10093.875739200,14.76,7100,15.00,4250,4250.000,,0.700000000000000,,,,,,272,9,PL1-023,2.82,3,cosecha,PROGRAMADA
1352,"BIO3,CP2,PL1-024,19",2026-01-09,34000,18.00,32958.770000000,23.00,28250,22.00,16350,16875.000,,0.800000000000000,,,,,,273,9,PL1-024,6.50,3,cosecha,PROGRAMADA
1587,"BIO3,CP2,PL1-024,20",2026-03-10,32000,19.00,37830.936000000,22.00,27050,22.00,17875,,,0.800000000000000,,,,,,273,9,,6.50,3,cosecha,PROGRAMADA
1386,"BIO3,CP2,PL1-025,19",2026-01-16,24000,20.00,22927.840000000,20.00,20400,20.00,9650,9650.000,,0.800000000000000,,,,,,274,9,PL1-025,4.00,3,cosecha,PROGRAMADA
1387,"BIO3,CP2,PL1-026,19",2026-01-17,19000,18.00,17311.621500000,17.45,16400,18.00,8800,8800.000,,1.000000000000000,,,,,,275,9,PL1-026,3.00,3,cosecha,PROGRAMADA
1513,"BIO3,CP2,PL1-027,19",2026-02-21,40000,18.00,41666.940000000,18.00,47500,18.00,26275,26275.000,,0.900000000000000,,,,,,276,9,PL1-027,7.00,3,cosecha,PROGRAMADA
1452,"BIO3,CP2,PL1-029,19",2026-02-01,52000,20.00,48501.200000000,20.00,52300,20.00,28125,28125.000,,0.700000000000000,,,,,,278,9,PL1-029,10.00,3,cosecha,PROGRAMADA
1504,"BIO3,CP2,PL1-030,20",2026-02-19,22000,17.00,25143.022080000,16.20,22150,17.00,14625,14625.000,,0.900000000000000,,,,,,279,9,PL1-030,4.40,3,cosecha,PROGRAMADA
1378,"BIO3,CP2,PL1-031,19",2026-01-15,20000,18.00,18172.958720000,18.40,15000,18.00,8350,8350.000,,0.900000000000000,,,,,,280,9,PL1-031,3.20,3,cosecha,PROGRAMADA
1521,"BIO3,CP2,PL1-033,19",2026-02-22,47000,18.00,45940.336640000,17.60,48600,17.70,25025,25025.000,,0.800000000000000,,,,,,282,9,PL1-033,7.40,3,cosecha,PROGRAMADA
1459,"BIO3,CP2,PL1-034,19",2026-02-03,45000,20.00,43651.080000000,20.00,46900,20.00,23250,23250.000,,0.800000000000000,,,,,,283,9,PL1-034,9.00,3,cosecha,PROGRAMADA
1555,"BIO3,CP2,PL1-040,08",2026-03-03,28000,21.00,25645.009500000,22.50,27000,21.00,17500,16675.000,,0.600000000000000,,,,,,293,9,PL1-040,4.70,3,cosecha,PROGRAMADA
1551,"BIO3,CP2,PL1-042,08",2026-03-01,28000,23.00,29206.540800000,23.00,21700,24.00,13350,13250.000,,0.700000000000000,,,,,,295,9,PL1-042,6.40,3,cosecha,PROGRAMADA
1430,"BIO3,CP2,PL1-047,07",2026-01-27,32000,19.00,32916.882600000,21.00,29300,21.00,14975,14975.000,,0.900000000000000,,,,,,300,9,PL1-047,7.90,3,cosecha,PROGRAMADA
1355,"BIO3,CP3,PL2-001,18",2026-01-10,16000,22.00,15739.785792000,22.20,14600,22.00,8500,8500.000,,1.500000000000000,,,,,,116,10,PL2-001,2.01,3,cosecha,PROGRAMADA
1588,"BIO3,CP3,PL2-001,19",2026-03-10,15000,22.00,13958.424900000,22.50,10950,22.00,7375,,,1.200000000000000,,,,,,116,10,,2.01,3,cosecha,PROGRAMADA
1479,"BIO3,CP3,PL2-002,19",2026-02-10,42000,20.00,43859.546976000,21.70,49200,21.00,27425,27425.000,,0.600000000000000,,,,,,120,10,PL2-002,5.73,3,cosecha,PROGRAMADA
1477,"BIO3,CP3,PL2-004,19",2026-02-11,32000,25.00,32381.164800000,25.50,28350,25.00,17850,17850.000,,0.600000000000000,,,,,,126,10,PL2-004,6.40,3,cosecha,PROGRAMADA
1483,"BIO3,CP3,PL2-005,19",2026-02-12,39000,23.00,39001.975428000,22.20,40600,23.00,22625,22625.000,,0.700000000000000,,,,,,129,10,PL2-005,6.13,3,cosecha,PROGRAMADA
1336,"BIO3,CP3,PL2-006,18",2026-01-07,54000,21.00,53795.326440000,20.10,38500,21.00,22975,22975.000,,0.600000000000000,,,,,,133,10,PL2-006,12.14,3,cosecha,PROGRAMADA
1557,"BIO3,CP3,PL2-006,19",2026-03-04,60000,22.00,58880.456800000,22.00,42500,25.00,25500,,,0.600000000000000,,,,,,133,10,PL2-006,12.14,3,cosecha,PROGRAMADA
1562,"BIO3,CP3,PL2-007,20",2026-03-05,29000,27.00,28768.045860000,27.00,23500,30.00,13200,,,0.700000000000000,,,,,,136,10,PL2-007,5.37,3,cosecha,PROGRAMADA
1374,"BIO3,CP3,PL2-010,19",2026-01-14,45000,21.00,40828.038994200,20.99,34450,21.00,17750,17750.000,,0.600000000000000,,,,,,145,10,PL2-010,5.19,3,cosecha,PROGRAMADA
1605,"BIO3,CP3,PL2-010,20",2026-03-13,35000,22.00,32723.759640000,22.00,24900,20.00,18150,0.000,,0.600000000000000,,,,,,145,10,PL2-010,5.19,3,cosecha,PROGRAMADA
1369,"BIO3,CP3,PL2-013,19",2026-01-13,48000,20.00,42797.675195352,19.14,42750,19.00,21975,21975.000,,0.600000000000000,,,,,,163,10,PL2-013,6.51,3,cosecha,PROGRAMADA
1867,"BIO2,CP3,BSS-003,20",2026-05-09,3000,12.00,11729.000000000,11.31,2920,11.36,6300,,,0.340000000000000,,,,,,111,5,,2.94,2,raleo,PROGRAMADA
1778,"BIO2,CP2,BA1-033,20",2026-04-19,15000,17.00,15052.000000000,16.90,14500,17.00,11225,,,0.590000000000000,,,,,,82,4,,5.05,2,cosecha,PROGRAMADA
1779,"BIO2,CP1,BSF-011,20",2026-04-19,30000,23.00,27312.000000000,22.64,19680,23.00,15250,,,0.580000000000000,,,,,,200,3,,6.84,2,cosecha,PROGRAMADA
1868,"BIO2,CP5,BSP-012,17",2026-05-08,6000,13.00,32726.000000000,11.80,6000,13.00,18300,,,0.810000000000000,,,,,,202,7,,7.40,2,raleo,PROGRAMADA
1781,"BIO2,CP3,BSS-031,21",2026-04-21,44000,18.00,39294.000000000,16.84,33300,18.00,33850,,,0.790000000000000,,,,,,231,5,,8.82,2,cosecha,PROGRAMADA
1864,"BIO2,CP1,BSF-028,20",2026-05-09,30000,27.00,30221.000000000,26.69,32900,27.00,25675,,,0.930000000000000,,,,,,223,3,,6.42,2,cosecha,PROGRAMADA
1869,"BIO2,CP5,BSP-016,03",2026-05-08,6000,12.00,21942.000000000,13.20,6150,13.00,11575,,,1.720000000000000,,,,,,325,7,,2.90,2,raleo,PROGRAMADA
1875,"BIO2,CP2,BA1-025,21",2026-05-09,29000,18.00,35211.000000000,18.00,22500,18.00,16675,,,1.070000000000000,,,,,,67,4,,4.67,2,cosecha,PROGRAMADA
1871,"BIO2,CP2,BA1-018,21",,3000,12.00,26981.000000000,12.18,,,10575,,,,,,,,,60,4,,6.28,2,cosecha,PROGRAMADA
1872,"BIO3,CP1,PJF-010,19",2026-05-09,9000,19.00,34130.000000000,19.00,9000,19.00,23850,,,0.740000000000000,,,,,,32,8,,6.79,3,raleo,PROGRAMADA
1873,"BIO3,CP2,PL1-052,01",2026-05-10,8000,20.00,33729.000000000,22.00,7700,22.20,21450,,,0.800000000000000,,,,,,353,9,,5.80,3,raleo,PROGRAMADA
1874,"BIO3,CP2,PL1-053,01",2026-05-10,7000,27.00,22562.000000000,26.93,6950,26.98,14525,,,0.800000000000000,,,,,,354,9,,4.45,3,raleo,PROGRAMADA
1876,"BIO2,CP6,BCE-104,02",2026-05-10,9000,22.00,8007.000000000,22.49,6600,22.00,5873,,,1.760000000000000,,,,,,348,12,,1.70,2,cosecha,PROGRAMADA
2205,"BIO2,CP2,BA1-030,21",2026-07-03,25000,19.00,26591.000000000,19.20,26600,19.20,14300,,,0.720000000000000,,,,,,73,4,,6.98,2,cosecha,PROGRAMADA
2293,"BIO2,CP2,BA1-016,21",2026-07-27,38000,27.00,35767.000000000,30.00,31900,29.00,21400,,,0.900000000000000,,,,,,56,4,,6.76,2,cosecha,PROGRAMADA
1490,"BIO1,CP2,BG2-034,21",2026-02-14,43000,16.00,40392.857568000,15.20,50950,16.00,23850,23850.000,,0.930000000000000,,,,,,125,2,BG2-034,8.61,1,cosecha,PROGRAMADA
1566,"BIO2,CP1,BSF-009,18",2026-03-05,40000,24.00,33537.124764000,23.64,35000,24.35,17500,0.000,,0.700000000000000,,,,,,178,3,BSF-009,7.15,2,cosecha,PROGRAMADA
1493,"BIO2,CP1,BSF-018,18",2026-02-13,43000,24.00,46334.100246000,24.41,36580,24.41,23125,23125.000,,0.700000000000000,,,,,,213,3,BSF-018,5.74,2,cosecha,PROGRAMADA
1491,"BIO2,CP2,BA1-007,20",2026-02-13,16000,19.00,17430.361256000,18.70,15750,18.00,11550,11550.000,,0.660000000000000,,,,,,18,4,BA1-007,3.02,2,cosecha,PROGRAMADA
1492,"BIO2,CP5,BSP-005,33",2026-02-13,23000,18.00,23601.455530000,19.10,17600,17.00,15375,15375.000,,1.690000000000000,,,,,,176,7,BSP-005,2.95,2,cosecha,PROGRAMADA
1526,"BIO3,CP1,PJF-008,18",2026-02-23,50000,23.00,48151.241796000,23.80,42400,23.80,28375,28375.000,,0.720000000000000,,,,,,26,8,PJF-008,9.66,3,cosecha,PROGRAMADA
1782,"BIO2,CP3,BSS-041,20",2026-04-21,23000,21.00,19777.000000000,19.57,20150,21.00,10150,,,1.050000000000000,,,,,,241,5,,3.82,2,cosecha,PROGRAMADA
1783,"BIO1,CP2,BG2-043,05",2026-04-21,37000,23.00,37512.000000000,23.00,40400,26.00,19175,,,1.090000000000000,,,,,,312,2,,8.22,1,cosecha,PROGRAMADA
2021,"BIO2,CP3,BSS-027,21",2026-06-01,9000,19.00,36303.000000000,18.91,9000,18.00,18650,,,0.800000000000000,,,,,,198,5,,6.22,2,raleo,PROGRAMADA
1878,"BIO2,CP1,BSF-020,19",2026-05-10,30000,30.00,25046.000000000,29.95,23100,30.00,22375,,,0.760000000000000,,,,,,215,3,,6.54,2,cosecha,PROGRAMADA
2015,"BIO3,CP1,PJF-007,20",2026-05-30,27000,22.00,25798.000000000,22.00,26000,23.00,13725,,,0.680000000000000,,,,,,23,8,,5.91,3,cosecha,PROGRAMADA
1880,"BIO2,CP2,BA1-028,21",2026-05-10,23000,17.00,22633.000000000,17.00,23400,17.00,17575,,,0.730000000000000,,,,,,70,4,,5.49,2,cosecha,PROGRAMADA
2025,"BIO3,CP2,PL1-026,21",2026-06-01,24000,28.00,20962.000000000,27.56,16200,28.16,13925,,,1.000000000000000,,,,,,275,9,,3.00,3,cosecha,PROGRAMADA
1885,"BIO3,CP2,PL1-010,21",2026-05-11,8000,20.00,41560.000000000,19.75,8150,19.92,34375,,,0.800000000000000,,,,,,253,9,,8.30,3,raleo,PROGRAMADA
2011,"BIO2,CP3,BSS-015,20",2026-05-31,8000,18.00,26494.000000000,18.58,7900,18.39,12900,,,0.510000000000000,,,,,,162,5,,5.88,2,raleo,PROGRAMADA
1879,"BIO1,CP1,BG1-002,22",2026-05-11,14000,32.00,17848.000000000,32.00,9700,32.00,7775,,,1.190000000000000,,,,,,2,1,,2.53,1,cosecha,PROGRAMADA
2018,"BIO2,CP1,BSF-034,20",2026-05-31,20000,21.00,16646.000000000,19.88,15400,18.50,11000,,,0.710000000000000,,,,,,229,3,,4.22,2,cosecha,PROGRAMADA
1882,"BIO2,CP3,BSS-010,20",2026-05-11,12000,17.00,11659.000000000,16.63,12700,17.00,9775,,,0.750000000000000,,,,,,132,5,,2.65,2,cosecha,PROGRAMADA
1881,"BIO2,CP3,BSS-009,20",2026-05-11,14000,16.00,21134.000000000,15.40,20600,17.00,12225,,,0.720000000000000,,,,,,130,5,,4.15,2,cosecha,PROGRAMADA
2022,"BIO1,CP2,BG2-030,21",2026-05-31,11000,18.00,37278.000000000,16.50,10200,17.50,17475,,,1.090000000000000,,,,,,113,2,,7.32,1,raleo,PROGRAMADA
1883,"BIO2,CP5,BSP-008,09",2026-05-10,6000,13.00,19680.000000000,11.80,5450,13.00,11000,,,1.120000000000000,,,,,,186,7,,4.45,2,raleo,PROGRAMADA
1884,"BIO2,CP5,BSP-015,17",2026-05-10,5000,13.00,26032.000000000,12.30,5500,13.00,15000,,,0.830000000000000,,,,,,305,7,,6.00,2,raleo,PROGRAMADA
2072,"BIO3,CP2,PL1-014,21",2026-06-09,34000,24.00,24538.000000000,18.50,30150,17.14,22750,,,0.890000000000000,,,,,,263,9,,6.76,3,cosecha,PROGRAMADA
2075,"BIO2,CP2,BA1-012,21",2026-06-08,30000,31.00,31950.000000000,29.02,24950,31.00,18125,,,0.880000000000000,,,,,,44,4,,4.54,2,cosecha,PROGRAMADA
2297,"BIO3,CP2,PL1-035,22",2026-07-29,19000,25.00,21296.000000000,25.03,20100,25.31,9825,,,1.000000000000000,,,,,,284,9,,2.88,3,cosecha,PROGRAMADA
2294,"BIO2,CP5,BSP-016,04",2026-07-28,15000,20.00,13762.000000000,20.50,13450,20.00,9823,,,1.400000000000000,,,,,,325,7,,2.90,2,cosecha,PROGRAMADA
1784,"BIO2,CP5,BSP-010,08",2026-04-21,34000,20.00,29719.000000000,19.00,30900,19.00,30575,,,1.090000000000000,,,,,,193,7,,6.45,2,cosecha,PROGRAMADA
1865,"BIO2,CP3,BSS-026,20",2026-05-09,36000,24.00,38228.000000000,25.60,40400,24.00,26550,,,0.700000000000000,,,,,,195,5,,7.13,2,cosecha,PROGRAMADA
1496,"BIO1,CP2,BG2-028,19",2026-02-15,48000,18.00,47576.414392000,18.80,47900,18.00,23875,23875.000,,0.910000000000000,,,,,,107,2,BG2-028,8.83,1,cosecha,PROGRAMADA
1530,"BIO1,CP2,BG2-042,19",2026-02-24,45000,22.00,52540.027200000,24.00,44450,23.50,24250,24250.000,,1.060000000000000,,,,,,149,2,BG2-042,6.62,1,cosecha,PROGRAMADA
1494,"BIO2,CP1,BSF-010,18",2026-02-14,48000,21.00,44903.317711980,20.11,44150,20.11,28375,28375.000,,0.580000000000000,,,,,,180,3,BSF-010,6.89,2,cosecha,PROGRAMADA
1528,"BIO2,CP1,BSF-028,19",2026-02-23,38000,21.00,36282.154676040,21.91,35700,21.91,22150,22150.000,,0.620000000000000,,,,,,223,3,BSF-028,6.42,2,cosecha,PROGRAMADA
1495,"BIO2,CP1,BSF-033,18",2026-02-14,50000,20.00,45840.265436800,19.31,43750,19.95,28350,28350.000,,0.590000000000000,,,,,,228,3,BSF-033,6.73,2,cosecha,PROGRAMADA
1529,"BIO2,CP2,BA1-033,19",2026-02-23,26000,22.00,30616.382500000,22.00,21300,22.00,14650,14650.000,,0.590000000000000,,,,,,82,4,BA1-033,5.05,2,cosecha,PROGRAMADA
1567,"BIO2,CP5,BSP-007,15",2026-03-05,40000,18.00,48834.645750000,17.90,44650,17.00,30375,0.000,,0.730000000000000,,,,,,182,7,BSP-007,8.25,2,cosecha,PROGRAMADA
1527,"BIO3,CP2,PL1-010,20",2026-02-24,38000,18.00,46623.762640000,18.20,43050,18.00,25775,25775.000,,0.800000000000000,,,,,,253,9,PL1-010,8.30,3,cosecha,PROGRAMADA
2073,"BIO3,CP1,PJF-013,21",2026-06-09,30000,30.00,26404.000000000,29.00,25580,29.00,15200,,,0.850000000000000,,,,,,48,8,,5.90,3,cosecha,PROGRAMADA
2027,"BIO3,CP1,PJF-003,21",2026-05-30,25000,17.00,23165.000000000,17.00,26150,17.00,12050,,,0.910000000000000,,,,,,10,8,,8.83,3,cosecha,PROGRAMADA
2074,"BIO2,CP1,BSF-102,52",2026-06-08,7000,23.00,4671.000000000,21.89,5100,22.70,3552,,,1.140000000000000,,,,,,185,3,,0.88,2,cosecha,PROGRAMADA
2295,"BIO2,CP2,BA1-036,22",2026-07-28,15000,25.00,14715.000000000,25.84,17100,26.00,9372,,,0.700000000000000,,,,,,91,4,,2.87,2,cosecha,PROGRAMADA
2298,"BIO1,CP2,BG2-022,22",2026-07-29,38000,27.00,53369.000000000,27.20,42750,28.00,20250,,,1.100000000000000,,,,,,89,2,,8.90,1,cosecha,PROGRAMADA
2206,"BIO2,CP1,BSF-017,20",2026-07-07,27000,24.00,24618.000000000,23.12,23860,21.10,15190,,,0.680000000000000,,,,,,212,3,,5.89,2,cosecha,PROGRAMADA
2212,"BIO2,CP2,BA1-035,21",2026-07-05,15000,25.00,15300.000000000,25.93,11050,25.00,6800,,,0.400000000000000,,,,,,88,4,,5.05,2,cosecha,PROGRAMADA
2214,"BIO2,CP2,BA1-026,21",2026-07-04,13000,21.00,12586.000000000,21.14,11500,21.00,6150,,,0.610000000000000,,,,,,68,4,,4.91,2,cosecha,PROGRAMADA
2296,"BIO2,CP1,BSF-006,21",2026-07-28,50000,23.00,48254.000000000,22.36,46350,22.40,27383,,,0.700000000000000,,,,,,168,3,,8.74,2,cosecha,PROGRAMADA
1889,"BIO2,CP2,BA1-024,21",2026-05-11,22000,16.00,23221.000000000,16.33,18000,17.00,13050,,,0.930000000000000,,,,,,66,4,,4.30,2,cosecha,PROGRAMADA
2070,"BIO1,CP1,BG1-014,21",2026-06-09,18000,20.00,18448.000000000,18.60,21700,20.60,12375,,,0.980000000000000,,,,,,43,1,,4.09,1,cosecha,PROGRAMADA
1498,"BIO2,CP1,BSF-017,18",2026-02-15,46000,22.00,46522.215677560,21.98,47270,23.00,26275,26275.000,,0.850000000000000,,,,,,212,3,BSF-017,5.89,2,cosecha,PROGRAMADA
1534,"BIO2,CP1,BSF-020,18",2026-02-24,44000,20.00,43200.184185000,23.97,33900,23.97,22150,22150.000,,0.610000000000000,,,,,,215,3,BSF-020,6.54,2,cosecha,PROGRAMADA
1538,"BIO2,CP1,BSF-026,19",2026-02-25,43000,24.00,41755.387670160,23.56,39500,23.56,22750,22750.000,,0.630000000000000,,,,,,221,3,BSF-026,6.33,2,cosecha,PROGRAMADA
1568,"BIO2,CP2,BA1-024,20",2026-03-06,20000,19.00,18864.762200000,19.90,18350,19.00,9875,0.000,,0.470000000000000,,,,,,66,4,BA1-024,4.30,2,cosecha,PROGRAMADA
1497,"BIO2,CP3,BSS-031,20",2026-02-16,43000,15.00,43750.287000000,15.00,49880,16.60,26300,26300.000,,0.340000000000000,,,,,,231,5,BSS-031,8.82,2,cosecha,PROGRAMADA
1532,"BIO3,CP3,PL2-003,19",2026-02-26,33000,22.00,32643.071280000,21.60,30300,21.00,20100,19850.000,,0.800000000000000,,,,,,123,10,PL2-003,4.57,3,cosecha,PROGRAMADA
1683,"BIO1,CP1,BG1-010,19",2026-04-03,45000,20.00,43155.000000000,18.10,49100,21.00,29575,,,1.110000000000000,,,,,,25,1,BG1-010,7.21,1,cosecha,PROGRAMADA
1672,"BIO3,CP1,PJF-007,19",2026-04-02,26000,21.00,29120.000000000,22.35,20600,21.50,16000,,,1.020000000000000,,,,,,23,8,PJF-007,5.91,3,cosecha,PROGRAMADA
1536,"BIO1,CP2,BG2-041,19",2026-02-25,44000,23.00,45888.197850000,22.50,44350,22.30,24500,24500.000,,1.100000000000000,,,,,,146,2,BG2-041,6.38,1,cosecha,PROGRAMADA
1533,"BIO2,CP2,BA1-016,19",,10000,14.00,34739.000000000,12.60,,,18225,,,,,,,,,56,4,BA1-016,6.76,2,cosecha,PROGRAMADA
1891,"BIO2,CP6,BCE-004,01",2026-05-12,25000,15.00,32488.000000000,14.88,22550,15.00,19050,,,0.880000000000000,,,,,,329,12,,6.83,2,cosecha,PROGRAMADA
1682,"BIO2,CP1,BSF-021,19",2026-04-02,30000,21.00,27790.000000000,21.42,27000,22.14,20475,,,0.930000000000000,,,,,,216,3,BSF-021,5.35,2,cosecha,PROGRAMADA
1684,"BIO3,CP2,PL1-045,11",2026-04-03,22000,18.00,19788.000000000,17.00,15500,20.00,10600,,,0.800000000000000,,,,,,298,9,PL1-045,4.80,3,cosecha,PROGRAMADA
1680,"BIO2,CP3,BSS-028,20",2026-04-03,23000,20.00,22678.000000000,22.16,21000,25.90,11800,,,0.950000000000000,,,,,,201,5,BSS-028,4.22,2,cosecha,PROGRAMADA
1681,"BIO2,CP5,BSP-003,16",2026-04-02,9000,13.00,35825.000000000,12.50,8250,14.20,20475,,,1.230000000000000,,,,,,170,7,BSP-003,6.50,2,raleo,PROGRAMADA
1539,"BIO2,CP2,BA1-028,20",2026-03-16,5000,14.00,21302.000000000,11.00,,,9975,,,,,,,,,70,4,BA1-028,5.49,2,cosecha,PROGRAMADA
1677,"BIO1,CP2,BG2-022,20",2026-04-02,39000,18.00,42381.000000000,18.00,44000,18.50,18650,,,0.790000000000000,,,,,,89,2,BG2-022,8.90,1,cosecha,PROGRAMADA
1678,"BIO1,CP1,BG1-011,20",2026-04-02,58000,20.00,58647.000000000,19.00,50350,19.10,36650,,,1.110000000000000,,,,,,34,1,BG1-011,10.77,1,cosecha,PROGRAMADA
1892,"BIO2,CP3,BSS-024,34",2026-05-13,10000,22.00,7554.000000000,20.36,6800,20.10,6600,,,0.650000000000000,,,,,,190,5,,1.53,2,cosecha,PROGRAMADA
1675,"BIO2,CP5,BSP-002,17",2026-04-01,4000,13.00,22143.000000000,13.50,4000,14.70,12125,,,1.080000000000000,,,,,,167,7,BSP-002,4.65,2,raleo,PROGRAMADA
1674,"BIO2,CP5,BSP-001,17",2026-04-01,3000,13.00,17585.000000000,13.80,3250,14.70,10850,,,1.180000000000000,,,,,,164,7,BSP-001,3.40,2,raleo,PROGRAMADA
1676,"BIO3,CP2,PL1-047,08",2026-04-02,38000,20.00,36783.000000000,19.20,27500,21.00,21350,,,0.700000000000000,,,,,,300,9,PL1-047,7.90,3,cosecha,PROGRAMADA
1673,"BIO2,CP2,BA1-012,20",2026-04-02,12000,21.00,12611.000000000,21.00,9300,21.00,8900,,,0.660000000000000,,,,,,44,4,BA1-012,4.54,2,cosecha,PROGRAMADA
1893,"BIO3,CP2,PL1-028,20",2026-05-17,30000,24.00,25840.000000000,25.37,15750,24.00,19850,,,0.910000000000000,,,,,,277,9,,5.50,3,cosecha,PROGRAMADA
1679,"BIO2,CP3,BSS-033,19",2026-04-02,42000,22.00,38880.000000000,22.31,29750,24.00,22750,,,0.860000000000000,,,,,,233,5,BSS-033,4.65,2,cosecha,PROGRAMADA
1788,"BIO2,CP2,BA1-020,20",2026-04-22,23000,20.00,25121.000000000,20.87,19550,20.00,16075,,,0.900000000000000,,,,,,62,4,,4.55,2,cosecha,PROGRAMADA
1894,"BIO1,CP1,BG1-003,20",2026-05-13,38000,21.00,34211.000000000,22.20,48200,22.00,27050,,,1.000000000000000,,,,,,5,1,,6.99,1,cosecha,PROGRAMADA
1786,"BIO2,CP3,BSS-014,20",2026-04-22,5800,12.00,24155.000000000,13.07,7100,12.25,9750,,,0.590000000000000,,,,,,159,5,,5.05,2,raleo,PROGRAMADA
1785,"BIO2,CP1,BSF-008,19",2026-04-22,33000,23.00,29633.000000000,21.47,28550,21.50,21800,,,0.910000000000000,,,,,,175,3,,6.59,2,cosecha,PROGRAMADA
1886,"BIO2,CP1,BSF-016,20",2026-05-12,24000,18.00,23533.000000000,17.58,26800,18.00,21600,,,1.190000000000000,,,,,,211,3,,5.06,2,cosecha,PROGRAMADA
1887,"BIO3,CP2,PL1-050,01",2026-05-11,10000,17.00,22117.000000000,20.00,10100,20.32,18650,,,0.570000000000000,,,,,,351,9,,4.18,3,raleo,PROGRAMADA
1888,"BIO3,CP2,PL1-051,01",2026-05-12,8000,18.00,15825.000000000,20.30,7850,20.24,19925,,,0.450000000000000,,,,,,352,9,,4.16,3,raleo,PROGRAMADA
1895,"BIO3,CP3,PL2-001,20",2026-05-13,4000,24.00,8508.000000000,25.60,4200,25.15,9400,,,1.490000000000000,,,,,,116,10,,2.01,3,raleo,PROGRAMADA
1896,"BIO2,CP5,BSP-011,08",2026-05-17,32000,18.00,32388.000000000,17.70,23100,18.00,30000,,,0.960000000000000,,,,,,199,7,,8.30,2,cosecha,PROGRAMADA
1897,"BIO3,CP3,PL2-003,20",2026-05-13,18000,27.00,18186.000000000,27.77,11500,27.00,18350,,,0.880000000000000,,,,,,123,10,,4.57,3,cosecha,PROGRAMADA
1898,"BIO2,CP3,BSS-029,20",2026-05-13,7600,25.00,20106.000000000,25.85,5300,25.00,20575,,,0.790000000000000,,,,,,204,5,,5.04,2,raleo,PROGRAMADA
1902,"BIO3,CP2,PL1-027,20",2026-05-13,32000,26.00,37514.000000000,26.28,29600,26.00,27475,,,0.570000000000000,,,,,,276,9,,7.00,3,cosecha,PROGRAMADA
1900,"BIO2,CP3,BSS-006,20",2026-05-13,5800,14.00,13433.000000000,13.93,6050,13.30,10800,,,0.620000000000000,,,,,,121,5,,4.86,2,raleo,PROGRAMADA
1901,"BIO2,CP3,BSS-007,20",2026-05-13,4500,12.00,7338.000000000,11.42,4230,10.76,7025,,,0.900000000000000,,,,,,124,5,,3.35,2,raleo,PROGRAMADA
1908,"BIO2,CP1,BSF-015,20",2026-05-13,32000,24.00,37055.000000000,24.43,29100,24.00,34800,,,0.730000000000000,,,,,,210,3,,6.88,2,cosecha,PROGRAMADA
1903,"BIO2,CP6,BCE-003,01",2026-05-14,14000,15.00,11931.000000000,15.23,8950,15.00,8075,,,0.970000000000000,,,,,,328,12,,3.09,2,cosecha,PROGRAMADA
1904,"BIO1,CP2,BG2-036,20",2026-05-14,33000,26.00,26619.000000000,25.80,26500,24.00,15625,,,1.150000000000000,,,,,,131,2,,5.20,1,cosecha,PROGRAMADA
1905,"BIO2,CP3,BSS-037,19",2026-05-15,25000,21.00,23530.000000000,22.83,24300,21.00,22200,,,1.180000000000000,,,,,,237,5,,4.25,2,cosecha,PROGRAMADA
1907,"BIO2,CP3,BSS-022,21",2026-05-14,12000,23.00,11386.000000000,22.19,13050,22.00,8625,,,0.820000000000000,,,,,,184,5,,2.45,2,cosecha,PROGRAMADA
1909,"BIO2,CP5,BSP-007,16",2026-05-17,32000,21.00,39104.000000000,21.50,28100,21.00,33600,,,0.970000000000000,,,,,,182,7,,8.25,2,cosecha,PROGRAMADA
1910,"BIO3,CP2,PL1-022,21",2026-05-14,24000,25.00,24266.000000000,24.46,17600,23.61,14925,,,1.000000000000000,,,,,,271,9,,5.00,3,cosecha,PROGRAMADA
1911,"BIO1,CP2,BG2-033,21",2026-05-15,35000,17.00,27778.000000000,18.00,17700,18.00,20725,,,1.430000000000000,,,,,,122,2,,7.00,1,cosecha,PROGRAMADA
873,"BIO2,CP5,BSP-006,13",2025-09-08,31000,17.00,26708.000000000,16.35,33900,17.00,17075,17075.000,,0.670000000000000,,,,525.00,,179,7,BSP-006,4.50,2,cosecha,PROGRAMADA
1348,"BIO2,CP5,BSP-006,15",2026-01-08,28000,21.00,23502.138300000,20.60,26200,21.00,14750,14750.000,,0.880000000000000,,,,,,179,7,BSP-006,4.50,2,cosecha,PROGRAMADA
1934,"BIO3,CP3,PL2-010,21",2026-05-18,32000,19.00,30339.000000000,18.94,28500,18.15,21300,,,0.770000000000000,,,,,,145,10,,5.19,3,cosecha,PROGRAMADA
1540,"BIO3,CP1,PJF-010,18",2026-02-21,20000,23.00,27543.390560000,23.00,16260,23.00,9350,9350.000,,0.740000000000000,,,,,,32,8,PJF-010,6.79,3,cosecha,PROGRAMADA
1569,"BIO3,CP2,PL1-017,17",2026-03-06,25000,19.00,28712.710400000,18.50,22700,16.50,16950,0.000,,0.700000000000000,,,,,,266,9,PL1-017,6.40,3,cosecha,PROGRAMADA
1926,"BIO3,CP2,PL1-054,01",2026-05-17,34000,30.00,25794.000000000,32.50,25650,31.91,17350,,,0.440000000000000,,,,,,355,9,,4.50,3,cosecha,PROGRAMADA
1787,"BIO2,CP3,BSS-035,20",2026-04-22,5800,12.00,21012.000000000,12.95,6200,12.27,10850,,,0.430000000000000,,,,,,235,5,,4.60,2,raleo,PROGRAMADA
1915,"BIO2,CP1,BSF-106,49",2026-05-14,9000,20.00,7568.000000000,19.73,7550,16.60,5647,,,2.300000000000000,,,,,,197,3,,0.87,2,cosecha,PROGRAMADA
2306,"BIO1,CP1,BG1-012,23",2026-07-29,9000,15.00,41091.000000000,13.00,9000,14.00,23150,,,1.000000000000000,,,,,,37,1,,7.75,1,raleo,PROGRAMADA
1927,"BIO2,CP3,BSS-035,20",2026-05-18,20000,22.00,20627.000000000,22.60,19900,22.00,18200,,,0.870000000000000,,,,,,235,5,,4.60,2,cosecha,PROGRAMADA
1922,"BIO2,CP2,BA1-036,21",2026-05-15,12000,22.00,11207.000000000,22.42,6700,22.00,9650,,,0.700000000000000,,,,,,91,4,,2.87,2,cosecha,PROGRAMADA
1914,"BIO2,CP1,BSF-105,49",2026-05-14,8000,13.60,5963.000000000,14.31,7100,14.50,4437,,,2.860000000000000,,,,,,194,3,,0.70,2,cosecha,PROGRAMADA
1919,"BIO3,CP2,PL1-024,21",2026-05-15,35000,23.00,27880.000000000,24.32,28100,23.90,21875,,,0.770000000000000,,,,,,273,9,,6.50,3,cosecha,PROGRAMADA
1913,"BIO3,CP1,PJF-010,19",2026-05-17,30000,21.00,29938.000000000,20.00,27230,21.00,25075,,,0.740000000000000,,,,,,32,8,,6.79,3,cosecha,PROGRAMADA
2028,"BIO1,CP2,BG2-045,05",2026-05-30,35000,24.00,45609.000000000,24.00,33100,24.00,24450,,,0.930000000000000,,,,,,317,2,,8.62,1,cosecha,PROGRAMADA
1928,"BIO2,CP3,BSS-012,20",2026-05-17,30000,23.00,29531.000000000,23.92,29450,23.45,21575,,,0.950000000000000,,,,,,154,5,,5.60,2,cosecha,PROGRAMADA
2029,"BIO2,CP3,BSS-028,21",2026-05-30,6500,18.00,21480.000000000,19.24,6300,18.70,10300,,,0.950000000000000,,,,,,201,5,,4.22,2,raleo,PROGRAMADA
2213,"BIO1,CP2,BG2-040,22",2026-07-06,40000,25.00,45712.000000000,25.00,39000,24.00,21200,,,1.250000000000000,,,,,,143,2,,6.38,1,cosecha,PROGRAMADA
2076,"BIO3,CP1,PJF-016,20",2026-06-10,35000,27.00,38134.000000000,27.50,32150,27.00,20475,,,0.760000000000000,,,,,,57,8,,7.40,3,cosecha,PROGRAMADA
2211,"BIO2,CP1,BSF-018,20",2026-07-07,23000,23.00,22322.000000000,23.21,21050,21.00,14230,,,0.700000000000000,,,,,,213,3,,5.74,2,cosecha,PROGRAMADA
2079,"BIO1,CP2,BG2-024,20",2026-06-10,42000,20.00,36638.000000000,19.10,41550,20.50,19700,,,1.010000000000000,,,,,,95,2,,7.91,1,cosecha,PROGRAMADA
1930,"BIO1,CP2,BG2-031,21",2026-05-18,21000,22.00,21345.000000000,22.10,24500,20.60,14950,,,1.190000000000000,,,,,,117,2,,3.37,1,cosecha,PROGRAMADA
1924,"BIO1,CP2,BG2-029,20",2026-05-16,40000,18.00,43649.000000000,17.70,34900,17.50,25925,,,1.130000000000000,,,,,,110,2,,7.99,1,cosecha,PROGRAMADA
2078,"BIO1,CP1,BG1-017,21",2026-06-10,37000,22.00,44513.000000000,21.80,31100,22.00,25475,,,0.950000000000000,,,,,,51,1,,8.42,1,cosecha,PROGRAMADA
1921,"BIO1,CP1,BG1-005,21",2026-05-17,40000,25.00,38272.000000000,25.00,33400,25.00,19900,,,1.270000000000000,,,,,,11,1,,8.68,1,cosecha,PROGRAMADA
1929,"BIO2,CP1,BSF-007,19",2026-05-16,27000,23.00,25253.000000000,22.62,27850,21.00,18825,,,0.790000000000000,,,,,,171,3,,6.33,2,cosecha,PROGRAMADA
1920,"BIO2,CP1,BSF-030,20",2026-05-17,28000,22.00,24351.000000000,22.10,22440,22.00,22150,,,0.850000000000000,,,,,,225,3,,5.88,2,cosecha,PROGRAMADA
1923,"BIO3,CP3,PL2-006,20",2026-05-17,57000,26.00,54317.000000000,27.06,49050,26.28,45025,,,0.490000000000000,,,,,,133,10,,12.14,3,cosecha,PROGRAMADA
1916,"BIO2,CP3,BSS-032,19",2026-05-16,28000,25.00,29962.000000000,26.50,5250,26.14,23725,,,0.510000000000000,,,,,,232,5,,7.89,2,raleo,PROGRAMADA
1925,"BIO3,CP2,PL1-053,01",2026-05-17,18000,29.00,15648.000000000,31.90,10550,30.63,15700,,,0.450000000000000,,,,,,354,9,,4.45,3,cosecha,PROGRAMADA
2077,"BIO2,CP2,BA1-018,21",2026-06-09,30000,27.00,42642.000000000,28.00,33450,24.28,24175,,,0.800000000000000,,,,,,60,4,,6.28,2,cosecha,PROGRAMADA
1933,"BIO3,CP2,PL1-041,09",2026-05-18,34000,21.00,42388.000000000,22.10,29900,24.20,29800,,,1.000000000000000,,,,,,294,9,,6.00,3,cosecha,PROGRAMADA
1917,"BIO2,CP3,BSS-034,20",2026-05-17,20000,19.00,19479.000000000,21.68,21500,19.00,18475,,,0.800000000000000,,,,,,234,5,,4.97,2,cosecha,PROGRAMADA
1931,"BIO3,CP2,PL1-052,01",2026-05-18,25000,24.00,22108.000000000,24.70,19000,24.00,23325,,,0.330000000000000,,,,,,353,9,,5.80,3,cosecha,PROGRAMADA
1918,"BIO2,CP6,BCE-006,01",2026-05-15,21000,16.00,21257.000000000,16.07,24000,16.00,16600,,,0.670000000000000,,,,,,331,12,,6.00,2,cosecha,PROGRAMADA
2299,"BIO2,CP2,BA1-028,22",2026-07-29,30000,22.00,28128.000000000,23.24,32800,25.00,19375,,,0.700000000000000,,,,,,70,4,,5.49,2,cosecha,PROGRAMADA
742,"BIO2,CP5,BSP-003,12",2025-07-28,41000,19.00,38639.000000000,19.30,39200,18.50,21275,21275.000,,0.620000000000000,,,,,,170,7,BSP-003,6.50,2,cosecha,PROGRAMADA
1570,"BIO1,CP1,BG1-002,21",2026-03-06,17000,25.00,18071.547120000,27.00,17650,26.60,11100,0.000,,1.190000000000000,,,,,,2,1,BG1-002,2.53,1,cosecha,PROGRAMADA
2080,"BIO3,CP2,PL1-046,09",2026-06-10,38000,21.00,38660.000000000,21.03,28100,19.85,22250,,,0.780000000000000,,,,,,299,9,,7.65,3,cosecha,PROGRAMADA
1793,"BIO2,CP5,BSP-007,16",2026-04-22,11000,12.00,40432.000000000,11.70,12150,12.00,23925,,,0.970000000000000,,,,,,182,7,,8.25,2,raleo,PROGRAMADA
1794,"BIO2,CP5,BSP-011,08",2026-04-22,8000,11.00,34584.000000000,10.50,8700,11.00,20525,,,0.840000000000000,,,,,,199,7,,8.30,2,raleo,PROGRAMADA
1790,"BIO2,CP1,BSF-016,20",2026-04-22,8800,13.00,26024.000000000,12.61,7600,12.60,14350,,,1.190000000000000,,,,,,211,3,,5.06,2,raleo,PROGRAMADA
1791,"BIO1,CP2,BG2-039,20",2026-04-24,28000,19.00,28680.000000000,18.50,30600,18.50,13025,,,1.370000000000000,,,,,,140,2,,5.86,1,cosecha,PROGRAMADA
2210,"BIO1,CP2,BG2-039,21",2026-07-08,35000,23.00,38628.000000000,23.00,38300,23.00,21400,,,1.190000000000000,,,,,,140,2,,5.86,1,cosecha,PROGRAMADA
1789,"BIO2,CP1,BSF-010,19",2026-04-24,32000,22.00,33676.000000000,22.17,39500,22.00,26200,,,0.730000000000000,,,,,,180,3,,6.89,2,cosecha,PROGRAMADA
1912,"BIO3,CP2,PL1-004,20",2026-05-14,10000,23.00,42795.000000000,24.65,11050,23.68,27575,,,0.400000000000000,,,,,,247,9,,10.50,3,raleo,PROGRAMADA
2209,"BIO2,CP3,BSS-037,20",2026-07-07,4500,17.00,20122.000000000,16.27,4700,16.80,8800,,,1.180000000000000,,,,,,237,5,,4.25,2,raleo,PROGRAMADA
2304,"BIO2,CP3,BSS-029,21",2026-07-30,26000,24.00,26000.000000000,26.00,22400,26.48,18250,,,0.600000000000000,,,,,,204,5,,5.04,2,cosecha,PROGRAMADA
2305,"BIO1,CP2,BG2-021,22",2026-07-30,45000,22.00,48791.000000000,21.80,44250,22.00,23000,,,1.200000000000000,,,,,,86,2,,7.52,1,cosecha,PROGRAMADA
2302,"BIO3,CP3,PL2-010,22",2026-07-29,5500,24.00,33627.000000000,24.09,5850,24.42,15175,,,1.000000000000000,,,,,,145,10,,5.19,3,cosecha,PROGRAMADA
2301,"BIO3,CP3,PL2-007,23",2026-07-29,5000,21.00,32335.000000000,21.01,5000,23.00,15300,,,0.900000000000000,,,,,,136,10,,5.37,3,raleo,PROGRAMADA
2300,"BIO3,CP2,PL1-029,22",2026-07-29,12000,19.00,68148.000000000,18.51,12450,19.00,30025,,,0.900000000000000,,,,,,278,9,,10.00,3,raleo,PROGRAMADA
2303,"BIO2,CP1,BSF-007,20",2026-07-29,38000,23.00,34891.000000000,23.15,29850,22.50,20322,,,0.900000000000000,,,,,,171,3,,6.33,2,cosecha,PROGRAMADA
794,"BIO2,CP5,BSP-005,30",2025-08-11,30000,18.50,26447.000000000,16.30,30650,17.50,17925,17925.000,,1.690000000000000,,,,475.00,,176,7,BSP-005,2.95,2,cosecha,PROGRAMADA
1792,"BIO2,CP2,BA1-016,20",2026-04-22,6000,11.00,26706.000000000,11.20,6000,11.00,16600,,,0.590000000000000,,,,,,56,4,,6.76,2,raleo,PROGRAMADA
1906,"BIO1,CP1,BG1-015,21",2026-05-14,48000,28.00,51154.000000000,27.50,52000,25.00,32600,,,1.480000000000000,,,,,,46,1,,6.75,1,cosecha,PROGRAMADA
1899,"BIO2,CP1,BSF-022,20",2026-05-13,40000,26.00,37907.000000000,27.38,30900,27.30,29650,,,0.640000000000000,,,,,,217,3,,7.85,2,cosecha,PROGRAMADA
2307,"BIO2,CP1,BSF-002,23",2026-07-30,36000,24.00,32567.000000000,23.37,32250,23.40,21144,,,0.900000000000000,,,,,,155,3,,6.45,2,cosecha,PROGRAMADA
2085,"BIO2,CP2,BA1-029,20",2026-06-11,35000,24.00,38114.000000000,24.79,37450,24.28,23500,,,0.630000000000000,,,,,,72,4,,6.34,2,cosecha,PROGRAMADA
1424,"BIO1,CP1,BG1-011,19",2026-01-26,55000,18.00,59335.111458000,17.00,59400,17.00,28500,28500.000,,1.110000000000000,,,,,,34,1,BG1-011,10.77,1,cosecha,PROGRAMADA
2086,"BIO3,CP2,PL1-045,12",2026-06-11,23000,24.00,26325.000000000,23.92,15150,24.00,13300,,,1.040000000000000,,,,,,298,9,,4.80,3,cosecha,PROGRAMADA
2082,"BIO2,CP2,BA1-002,21",2026-06-10,5000,15.00,24826.000000000,15.66,5500,15.50,15975,,,0.710000000000000,,,,,,4,4,,7.05,2,raleo,PROGRAMADA
2081,"BIO2,CP1,BSF-033,20",2026-06-10,4000,13.00,21797.000000000,12.45,3920,12.70,9311,,,0.590000000000000,,,,,,228,3,,6.73,2,raleo,PROGRAMADA
2083,"BIO2,CP3,BSS-025,24",2026-06-10,1000,15.00,4771.000000000,13.56,1100,14.79,2650,,,0.880000000000000,,,,,,192,5,,1.14,2,raleo,PROGRAMADA
2203,"BIO1,CP1,BG1-002,23",2026-07-03,2600,16.00,12182.000000000,16.80,2400,17.00,6925,,,1.190000000000000,,,,,,2,1,,2.53,1,raleo,PROGRAMADA
1440,"BIO1,CP2,BG2-038,19",2026-01-29,35000,18.00,31534.774768000,17.80,38050,18.00,20150,20150.000,,0.870000000000000,,,,,,137,2,BG2-038,5.74,1,cosecha,PROGRAMADA
1347,"BIO2,CP1,BSF-009,17",2026-01-08,48000,19.00,47887.659820000,21.70,37430,21.70,27725,27725.000,,0.700000000000000,,,,,,178,3,BSF-009,7.15,2,cosecha,PROGRAMADA
1415,"BIO2,CP1,BSF-032,18",2026-01-23,37000,24.00,29296.858852800,22.44,32800,23.99,18500,18500.000,,0.950000000000000,,,,,,227,3,BSF-032,4.23,2,cosecha,PROGRAMADA
1381,"BIO2,CP2,BA1-001,19",2026-01-14,45000,23.00,48360.656750000,23.00,42300,23.00,25925,25925.000,,0.520000000000000,,,,,,1,4,BA1-001,7.63,2,cosecha,PROGRAMADA
1442,"BIO2,CP2,BA1-023,19",2026-01-28,20000,22.00,17533.236710400,22.24,19500,21.00,10425,10425.000,,0.670000000000000,,,,,,65,4,BA1-023,2.98,2,cosecha,PROGRAMADA
1571,"BIO2,CP2,BA1-025,20",2026-03-07,23000,17.00,23164.834500000,18.00,18900,17.00,12250,0.000,,0.430000000000000,,,,,,67,4,BA1-025,4.67,2,cosecha,PROGRAMADA
1324,"BIO2,CP2,BA1-030,18",2026-01-04,28000,20.00,24990.287392000,20.30,23300,20.00,11850,11850.000,,0.290000000000000,,,,,,73,4,BA1-030,6.98,2,cosecha,PROGRAMADA
1414,"BIO2,CP2,BA1-032,18",2026-01-22,24000,16.00,22101.996840000,15.50,25650,16.50,13650,13650.000,,0.370000000000000,,,,,,79,4,BA1-032,5.39,2,cosecha,PROGRAMADA
1373,"BIO2,CP2,BA1-036,19",2026-01-13,20000,21.00,17520.022338000,21.30,17500,23.00,10150,10150.000,,0.690000000000000,,,,,,91,4,BA1-036,2.87,2,cosecha,PROGRAMADA
1371,"BIO2,CP3,BSS-044,19",2026-01-13,13000,20.00,10767.266400000,22.00,9500,23.00,6375,6375.000,,0.680000000000000,,,,,,246,5,BSS-044,1.48,2,cosecha,PROGRAMADA
1384,"BIO2,CP5,BSP-016,01",2026-01-15,16000,19.00,13221.427120000,18.80,13200,19.00,7850,7850.000,,0.880000000000000,,,,,,325,7,BSP-016,2.90,2,cosecha,PROGRAMADA
1418,"BIO3,CP2,PL1-015,17",2026-01-24,28000,20.00,26746.207200000,18.00,19450,20.00,11600,11600.000,,0.900000000000000,,,,,,264,9,PL1-015,6.74,3,cosecha,PROGRAMADA
1382,"BIO3,CP2,PL1-035,19",2026-01-16,16000,15.00,16736.681220480,15.02,16700,15.00,7725,7725.000,,0.700000000000000,,,,,,284,9,PL1-035,2.88,3,cosecha,PROGRAMADA
1435,"BIO3,CP2,PL1-044,07",2026-01-28,25000,22.00,30555.756000000,22.00,24800,22.00,13900,13900.000,,0.600000000000000,,,,,,297,9,PL1-044,7.00,3,cosecha,PROGRAMADA
2308,"BIO2,CP3,BSS-034,21",2026-07-31,27000,30.00,24489.000000000,29.80,20100,31.48,16500,,,0.600000000000000,,,,,,234,5,,4.97,2,cosecha,PROGRAMADA
564,"BIO2,CP5,BSP-010,03",2025-06-03,43000,19.00,40369.000000000,19.62,38650,18.40,19175,19175.000,,5.000000000000000,,,,550.00,,193,7,BSP-010,6.45,2,cosecha,PROGRAMADA
1796,"BIO1,CP2,BG2-049,04",2026-04-24,40000,21.00,45856.000000000,20.80,43450,20.50,24250,,,0.800000000000000,,,,,,321,2,,10.00,1,cosecha,PROGRAMADA
2084,"BIO1,CP1,BG1-016,21",2026-06-11,54000,22.00,59914.000000000,22.00,53950,22.00,32000,,,0.890000000000000,,,,,,49,1,,11.23,1,cosecha,PROGRAMADA
1795,"BIO2,CP1,BSF-001,19",2026-04-24,25000,25.00,21763.000000000,25.39,19060,26.40,14500,,,0.770000000000000,,,,,,153,3,,6.48,2,cosecha,PROGRAMADA
1441,"BIO1,CP1,BG1-014,19",2026-01-29,20000,20.00,15824.508570000,19.50,22750,19.00,12450,12450.000,,0.980000000000000,,,,,,43,1,BG1-014,4.09,1,cosecha,PROGRAMADA
1323,"BIO2,CP1,BSF-006,18",2026-01-04,62000,19.00,55677.402278400,18.06,54000,18.32,30900,30900.000,,0.570000000000000,,,,,,168,3,BSF-006,8.74,2,cosecha,PROGRAMADA
1405,"BIO2,CP1,BSF-019,18",2026-01-20,45000,23.00,45134.026236000,23.40,43500,23.94,22450,22450.000,,0.590000000000000,,,,,,214,3,BSF-019,6.73,2,cosecha,PROGRAMADA
1419,"BIO2,CP3,BSS-021,20",2026-01-24,22000,19.00,17262.018000000,18.00,14150,19.00,10325,10325.000,,0.340000000000000,,,,,,181,5,BSS-021,2.90,2,cosecha,PROGRAMADA
1413,"BIO2,CP3,BSS-033,18",2026-01-22,35000,20.00,31890.024012000,20.20,32700,21.00,18675,18675.000,,0.650000000000000,,,,,,233,5,BSS-033,4.65,2,cosecha,PROGRAMADA
1333,"BIO2,CP3,BSS-034,18",2026-01-06,28000,23.00,24696.766948000,23.00,24800,23.00,17425,17425.000,,0.600000000000000,,,,,,234,5,BSS-034,4.97,2,cosecha,PROGRAMADA
1322,"BIO3,CP2,PL1-019,16",2026-01-04,32000,18.00,30833.535600000,18.00,32100,17.00,18225,18225.000,,0.900000000000000,,,,,,268,9,PL1-019,5.55,3,cosecha,PROGRAMADA
1341,"BIO3,CP3,PL2-007,19",2026-01-08,33000,20.00,32627.462712000,21.20,28250,21.00,13950,13950.000,,0.700000000000000,,,,,,136,10,PL2-007,5.37,3,cosecha,PROGRAMADA
1890,"BIO3,CP1,PJF-002,20",2026-05-11,30000,20.00,29146.000000000,20.80,26325,20.00,27125,,,1.100000000000000,,,,,,7,8,,9.08,3,cosecha,PROGRAMADA
2216,"BIO1,CP2,BG2-028,21",2026-07-08,44000,23.00,47216.000000000,23.10,43600,22.50,28525,,,0.910000000000000,,,,,,107,2,,8.83,1,cosecha,PROGRAMADA
2215,"BIO3,CP2,PL1-009,21",2026-07-08,36000,24.00,28963.000000000,23.46,29000,23.19,16225,,,1.000000000000000,,,,,,252,9,,7.00,3,cosecha,PROGRAMADA
2218,"BIO1,CP2,BG2-026,21",2026-07-10,34000,23.00,43536.000000000,23.00,30750,23.00,21875,,,0.940000000000000,,,,,,101,2,,6.36,1,cosecha,PROGRAMADA
2217,"BIO1,CP1,BG1-007,22",2026-07-10,40000,20.00,46211.000000000,18.85,38450,20.00,30900,,,0.990000000000000,,,,,,16,1,,11.12,1,cosecha,PROGRAMADA
1399,"BIO1,CP2,BG2-022,19",2026-01-19,17000,17.00,13499.206720000,17.20,14000,16.00,8900,8900.000,,0.560000000000000,,,,,,89,2,BG2-022,8.90,1,cosecha,PROGRAMADA
2309,"BIO2,CP2,BA1-030,19",2026-02-22,10000,18.00,35393.000000000,23.00,9900,18.00,23675,,,0.500000000000000,,,,,,73,4,,6.98,2,raleo,PROGRAMADA
411,"BIO2,CP1,BSF-024,14",2025-04-25,33000,20.00,38024.000000000,20.12,38600,19.00,21875,21875.000,,5.000000000000000,2,8,Normal,440.00,12,219,3,BSF-024,7.67,2,cosecha,PROGRAMADA
1541,"BIO1,CP2,BG2-043,04",2026-02-26,30000,18.00,22199.219700000,17.50,30000,19.50,16800,16800.000,,1.090000000000000,,,,,,312,2,BG2-043,8.22,1,cosecha,PROGRAMADA
1573,"BIO2,CP1,BSF-016,19",2026-03-06,27000,23.00,24930.703226880,23.28,24400,23.28,13625,0.000,,0.590000000000000,,,,,,211,3,BSF-016,5.06,2,cosecha,PROGRAMADA
1797,"BIO2,CP2,BA1-026,20",2026-04-24,16000,19.00,19279.000000000,17.81,14700,18.00,10500,,,0.500000000000000,,,,,,68,4,,4.91,2,cosecha,PROGRAMADA
2087,"BIO1,CP2,BG2-050,05",2026-06-12,38000,24.00,39683.000000000,24.00,37500,25.50,24750,,,0.800000000000000,,,,,,322,2,,7.50,1,cosecha,PROGRAMADA
1935,"BIO3,CP2,PL1-050,01",2026-05-18,26000,20.00,22117.000000000,20.00,16050,20.00,18775,,,0.460000000000000,,,,,,351,9,,4.18,3,cosecha,PROGRAMADA
2219,"BIO2,CP3,BSS-035,21",2026-07-07,4800,16.00,20883.000000000,15.84,4650,16.38,10250,,,0.650000000000000,,,,,,235,5,,4.60,2,raleo,PROGRAMADA
1938,"BIO3,CP2,PL1-051,01",2026-05-18,20000,20.00,15825.000000000,20.30,11200,20.00,19925,,,0.470000000000000,,,,,,352,9,,4.16,3,cosecha,PROGRAMADA
2310,"BIO2,CP1,BSF-032,20",2026-06-01,15000,21.00,15913.000000000,21.33,14000,21.33,10625,,,0.710000000000000,,,,,,227,3,,4.23,2,cosecha,PROGRAMADA
798,"BIO1,CP1,BG1-002,18",2025-08-13,15000,17.00,13358.000000000,16.00,17600,16.40,11700,11700.000,,,,,,325.00,,2,1,BG1-002,2.53,1,cosecha,PROGRAMADA
2318,"BIO2,CP1,BSF-011,22",2026-08-02,47000,22.00,43333.000000000,21.77,49400,21.90,27054,,,1.200000000000000,,,,,,200,3,,6.84,2,cosecha,PROGRAMADA
1798,"BIO2,CP2,BA1-036,21",2026-04-24,4000,11.00,10187.000000000,11.50,3100,11.00,6750,,,0.690000000000000,,,,,,91,4,,2.87,2,raleo,PROGRAMADA
2234,"BIO3,CP2,PL1-003,21",2026-07-13,10000,22.00,9233.000000000,19.48,11700,20.32,3825,,,0.700000000000000,,,,,,245,9,,4.30,3,cosecha,PROGRAMADA
1939,"BIO3,CP2,PL1-042,09",2026-05-19,38000,23.00,42187.000000000,26.00,33900,27.50,28325,,,0.940000000000000,,,,,,295,9,,6.40,3,cosecha,PROGRAMADA
1936,"BIO2,CP3,BSS-029,20",2026-05-18,21000,26.00,20106.000000000,25.85,20800,25.00,20775,,,0.790000000000000,,,,,,204,5,,5.04,2,cosecha,PROGRAMADA
2320,"BIO3,CP1,PJF-004,21",2026-08-03,45000,18.00,39802.000000000,16.81,45950,16.00,29845,,,1.100000000000000,,,,,,14,8,,8.95,3,cosecha,PROGRAMADA
2089,"BIO2,CP3,BSS-027,21",2026-06-12,23000,22.00,21770.000000000,22.05,20350,22.00,21700,,,0.800000000000000,,,,,,198,5,,6.22,2,cosecha,PROGRAMADA
2088,"BIO2,CP2,BA1-032,20",2026-06-12,33000,25.00,33632.000000000,25.73,36300,25.00,24425,,,0.560000000000000,,,,,,79,4,,5.39,2,cosecha,PROGRAMADA
2090,"BIO3,CP2,PL1-044,09",2026-06-12,38000,21.00,45173.000000000,20.76,45500,21.00,25000,,,0.860000000000000,,,,,,297,9,,7.00,3,cosecha,PROGRAMADA
2317,"BIO2,CP3,BSS-002,21",2026-08-01,6000,18.00,28759.000000000,17.93,6000,18.81,17775,,,0.700000000000000,,,,,,108,5,,5.64,2,raleo,PROGRAMADA
2228,"BIO2,CP3,BSS-013,21",2026-07-13,25000,26.00,23421.000000000,25.55,24550,26.00,16575,,,0.870000000000000,,,,,,157,5,,4.62,2,cosecha,PROGRAMADA
2229,"BIO1,CP1,BG1-009,23",2026-07-13,29000,27.00,29167.000000000,27.00,23050,27.00,19950,,,1.020000000000000,,,,,,22,1,,4.90,1,cosecha,PROGRAMADA
2315,"BIO2,CP3,BSS-014,21",2026-08-02,24000,31.00,24159.000000000,31.00,26850,31.24,14900,,,0.600000000000000,,,,,,159,5,,5.05,2,cosecha,PROGRAMADA
2220,"BIO3,CP3,PL2-006,21",2026-07-11,47000,19.00,50182.000000000,18.75,51000,18.00,29050,,,0.740000000000000,,,,,,133,10,,12.14,3,cosecha,PROGRAMADA
1361,"BIO1,CP1,BG1-005,19",2026-01-12,36000,25.00,38907.168809600,23.92,38900,24.00,25125,25125.000,,1.270000000000000,,,,,,11,1,BG1-005,8.68,1,cosecha,PROGRAMADA
1544,"BIO1,CP1,BG1-008,20",2026-02-27,45000,18.00,50448.479088000,21.20,52400,20.80,26950,26950.000,,1.040000000000000,,,,,,19,1,BG1-008,7.71,1,cosecha,PROGRAMADA
1575,"BIO1,CP2,BG2-026,19",2026-03-07,37000,17.00,32585.398944000,16.60,37300,18.00,19700,0.000,,0.940000000000000,,,,,,101,2,BG2-026,6.36,1,cosecha,PROGRAMADA
1320,"BIO1,CP2,BG2-043,03",2026-01-03,30000,25.00,28030.818801600,25.78,32400,25.00,15775,16725.000,,1.090000000000000,,,,,,312,2,BG2-043,8.22,1,cosecha,PROGRAMADA
1545,"BIO2,CP1,BSF-027,18",2026-02-26,43000,22.00,42645.352503000,21.85,33900,21.85,23875,23875.000,,0.590000000000000,,,,,,222,3,BSF-027,6.81,2,cosecha,PROGRAMADA
1425,"BIO2,CP2,BA1-012,19",2026-01-27,28000,22.00,32228.606480000,23.00,27350,21.00,17100,17100.000,,0.660000000000000,,,,,,44,4,BA1-012,4.54,2,cosecha,PROGRAMADA
1354,"BIO2,CP2,BA1-024,19",2026-01-09,26000,20.00,24659.751714000,20.01,21250,20.00,12325,12325.000,,0.700000000000000,,,,,,66,4,BA1-024,4.30,2,cosecha,PROGRAMADA
1542,"BIO2,CP3,BSS-008,19",2026-02-26,30000,21.00,29555.749440000,21.00,27600,23.00,17625,17625.000,,0.560000000000000,,,,,,127,5,BSS-008,5.32,2,cosecha,PROGRAMADA
1584,"BIO2,CP3,BSS-032,18",2026-03-09,50000,21.00,55522.586448000,22.80,42630,21.80,27825,,,0.250000000000000,,,,,,232,5,,7.89,2,cosecha,PROGRAMADA
1580,"BIO2,CP3,BSS-035,19",2026-03-08,30000,19.00,26148.981060000,19.10,25650,19.00,16275,,,0.430000000000000,,,,,,235,5,,4.60,2,cosecha,PROGRAMADA
2225,"BIO2,CP2,BA1-034,21",2026-07-11,33000,29.00,30845.000000000,29.35,29250,29.00,16200,,,0.730000000000000,,,,,,84,4,,6.81,2,cosecha,PROGRAMADA
1577,"BIO2,CP2,BA1-030,19",2026-03-07,33000,22.00,35392.648400000,23.00,21950,22.80,23675,,,0.570000000000000,,,,,,73,4,,6.98,2,cosecha,PROGRAMADA
2313,"BIO2,CP1,BSF-003,22",2026-07-31,34000,24.00,32570.000000000,24.50,34000,23.30,21573,,,0.700000000000000,,,,,,158,3,,6.03,2,cosecha,PROGRAMADA
2314,"BIO2,CP5,BSP-012,18",2026-07-31,36000,23.00,36111.000000000,23.30,36000,23.00,19996,,,0.500000000000000,,,,,,202,7,,7.40,2,cosecha,PROGRAMADA
1051,"BIO1,CP1,BG1-002,19",2025-10-21,15000,17.00,14026.000000000,16.80,13800,17.50,8175,8175.000,,1.190000000000000,,,,,,2,1,BG1-002,2.53,1,cosecha,PROGRAMADA
2312,"BIO3,CP1,PJF-001,20",2026-08-02,45000,21.00,39511.000000000,20.32,32200,20.00,24162,,,1.200000000000000,,,,,,3,8,,8.40,3,cosecha,PROGRAMADA
1800,"BIO2,CP6,BCE-008,01",2026-04-24,25000,25.00,29645.000000000,26.68,24000,26.00,14325,,,0.600000000000000,,,,,,333,12,,6.72,2,cosecha,PROGRAMADA
1799,"BIO2,CP3,BSS-005,19",2026-04-24,5700,13.00,20111.000000000,13.38,5800,13.60,12950,,,0.820000000000000,,,,,,118,5,,4.87,2,raleo,PROGRAMADA
2316,"BIO3,CP2,PL1-007,22",2026-08-01,7000,27.00,7275.000000000,25.00,8950,27.00,3750,,,1.000000000000000,,,,,,250,9,,4.00,3,cosecha,PROGRAMADA
2091,"BIO2,CP2,BA1-007,22",2026-06-11,3000,20.90,17414.000000000,20.12,3000,20.00,10450,,,0.660000000000000,,,,,,18,4,,3.02,2,raleo,PROGRAMADA
1937,"BIO3,CP2,PL1-043,09",2026-05-19,36000,39.00,37485.000000000,34.70,25400,33.73,26525,,,0.860000000000000,,,,,,296,9,,7.00,3,cosecha,PROGRAMADA
2092,"BIO2,CP5,BSP-003,17",2026-06-11,4500,15.00,24762.000000000,14.40,5000,15.80,16515,,,0.770000000000000,,,,,,170,7,,6.50,2,raleo,PROGRAMADA
1940,"BIO2,CP1,BSF-025,20",2026-05-18,28000,24.00,29817.000000000,23.44,30350,24.00,25075,,,0.870000000000000,,,,,,220,3,,5.77,2,cosecha,PROGRAMADA
1579,"BIO1,CP2,BG2-048,03",2026-03-08,53000,20.00,50555.887200000,21.00,34475,20.00,33475,,,0.770000000000000,,,,,,320,2,,10.40,1,cosecha,PROGRAMADA
1576,"BIO2,CP1,BSF-025,19",2026-03-07,35000,24.00,31552.668403900,26.11,27600,26.11,15675,0.000,,0.690000000000000,,,,,,220,3,BSF-025,5.77,2,cosecha,PROGRAMADA
1583,"BIO2,CP1,BSF-030,19",2026-03-08,39000,24.00,33923.000311200,23.79,28130,23.79,19100,,,0.680000000000000,,,,,,225,3,,5.88,2,cosecha,PROGRAMADA
1547,"BIO2,CP2,BA1-026,19",2026-02-28,27000,20.00,29551.119780000,21.00,30650,21.00,18325,18325.000,,0.410000000000000,,,,,,68,4,BA1-026,4.91,2,cosecha,PROGRAMADA
1546,"BIO2,CP3,BSS-013,19",2026-02-28,30000,22.00,35139.119400000,25.00,23900,26.50,17650,17650.000,,0.650000000000000,,,,,,157,5,BSS-013,4.62,2,cosecha,PROGRAMADA
1581,"BIO3,CP2,PL1-018,17",2026-03-09,22000,20.00,20964.643700000,19.00,20800,20.00,14425,,,0.700000000000000,,,,,,267,9,,4.55,3,cosecha,PROGRAMADA
1578,"BIO3,CP2,PL1-019,17",2026-03-08,28000,18.00,29426.449650000,18.50,21950,18.00,16775,,,0.700000000000000,,,,,,268,9,,5.55,3,cosecha,PROGRAMADA
1548,"BIO3,CP2,PL1-043,08",2026-02-28,29000,24.00,29629.824000000,24.00,23500,24.00,14200,14500.000,,0.600000000000000,,,,,,296,9,PL1-043,7.00,3,cosecha,PROGRAMADA
2226,"BIO3,CP2,PL1-030,22",2026-07-12,28000,23.00,27369.000000000,20.90,27350,22.90,15700,,,0.910000000000000,,,,,,279,9,,4.40,3,cosecha,PROGRAMADA
2222,"BIO2,CP3,BSS-008,21",2026-07-11,32000,24.00,30085.000000000,24.43,29100,25.00,16950,,,0.560000000000000,,,,,,127,5,,5.32,2,cosecha,PROGRAMADA
2221,"BIO2,CP2,BA1-033,21",2026-07-10,30000,32.00,26661.000000000,31.93,23300,30.00,12400,,,0.400000000000000,,,,,,82,4,,5.05,2,cosecha,PROGRAMADA
2232,"BIO2,CP2,BA1-001,22",2026-07-14,10000,15.00,31069.000000000,13.94,10050,16.00,13400,,,0.780000000000000,,,,,,1,4,,7.63,2,raleo,PROGRAMADA
2319,"BIO2,CP2,BA1-008,21",2026-08-02,30000,26.00,27230.000000000,25.36,28200,25.00,19700,,,0.700000000000000,,,,,,21,4,,5.73,2,cosecha,PROGRAMADA
1396,"BIO2,CP2,BA1-027,19",2026-01-19,30000,19.00,30370.569600000,20.00,30250,17.00,16025,16025.000,,0.410000000000000,,,,,,69,4,BA1-027,4.92,2,cosecha,PROGRAMADA
90,"BIO2,CP2,BA1-040,14",2025-01-26,10000,17.00,8550.000000000,,12000,,6589,6575.000,,,,,,,,103,4,BA1-040,1.80,2,cosecha,PROGRAMADA
95,"BIO2,CP3,BSS-025,15",2025-01-26,8000,25.00,7042.000000000,24.00,8550,,5447,6300.000,,,,,,,,192,5,BSS-025,1.14,2,cosecha,PROGRAMADA
133,"BIO1,CP1,BG1-015,14",2025-02-04,30000,21.00,31185.000000000,21.00,34000,21.80,17250,17250.000,,,2,8,Normal,418.00,13,46,1,BG1-015,6.75,1,cosecha,PROGRAMADA
202,"BIO1,CP2,BG2-030,14",2025-03-06,40000,22.00,39633.000000000,22.39,43400,22.13,27225,27200.000,,,1,8,Normal,510.00,14,113,2,BG2-030,7.32,1,cosecha,PROGRAMADA
255,"BIO1,CP2,BG2-031,15",2025-03-17,23000,19.00,23047.000000000,18.84,18250,17.37,13175,14300.000,,2.000000000000000,1,4,Normal,381.00,14,117,2,BG2-031,3.37,1,cosecha,PROGRAMADA
262,"BIO3,CP3,PL2-008,14",2025-03-17,70000,23.00,63783.000000000,23.14,75300,21.66,40450,40450.000,,,2,12,Normal,900.00,12,139,10,PL2-008,17.00,3,cosecha,PROGRAMADA
295,"BIO1,CP2,BG2-041,14",2025-03-25,40000,22.00,40891.000000000,21.58,35850,21.17,21200,21600.000,,,1,7,Alto,477.00,14,146,2,BG2-041,6.38,1,cosecha,PROGRAMADA
300,"BIO2,CP2,BA1-040,15",2025-03-26,11000,21.00,8712.000000000,20.00,6050,20.00,5225,5150.000,,,1,2,Normal,120.34,12,103,4,BA1-040,1.80,2,cosecha,PROGRAMADA
323,"BIO2,CP1,BSF-015,14",2025-04-02,30000,27.00,30480.000000000,25.62,31750,25.53,18925,18875.000,,,2,8,Normal,260.00,11,210,3,BSF-015,6.88,2,cosecha,PROGRAMADA
348,"BIO1,CP2,BG2-036,14",2025-04-15,18000,17.00,19945.000000000,20.52,25500,20.45,17500,17500.000,,6.000000000000000,1,6,Normal,345.00,14,131,2,BG2-036,5.20,1,cosecha,PROGRAMADA
350,"BIO2,CP3,BSS-023,14",2025-04-10,8000,22.00,7936.000000000,23.50,9500,22.00,6038,6625.000,,1.000000000000000,1,3,Bajo,114.00,14,187,5,BSS-023,2.38,2,cosecha,PROGRAMADA
357,"BIO2,CP1,BSF-031,14",2025-04-16,36000,23.00,37019.000000000,24.12,39800,22.48,21550,21550.000,,4.000000000000000,1,8,Normal,425.00,12,226,3,BSF-031,7.76,2,cosecha,PROGRAMADA
360,"BIO2,CP1,BSF-030,14",2025-04-17,29000,21.00,27379.000000000,20.75,30550,21.68,16925,16775.000,,3.000000000000000,1,6,Normal,395.00,12,225,3,BSF-030,5.88,2,cosecha,PROGRAMADA
364,"BIO2,CP1,BSF-016,14",2025-04-18,22000,24.00,22735.000000000,25.69,12050,22.50,15150,14875.000,,2.000000000000000,1,6,Normal,260.00,12,211,3,BSF-016,5.06,2,cosecha,PROGRAMADA
365,"BIO2,CP1,BSF-029,14",2025-04-20,35000,24.00,36060.000000000,23.70,32850,22.76,20375,20275.000,,4.000000000000000,1,8,Normal,350.00,11,224,3,BSF-029,6.65,2,cosecha,PROGRAMADA
370,"BIO3,CP2,PL1-024,15",2025-04-21,38000,19.00,37259.000000000,20.12,37750,20.84,19925,19925.000,,5.000000000000000,1,6,Bajo,535.00,13,273,9,PL1-024,6.50,3,cosecha,PROGRAMADA
434,"BIO2,CP3,BSS-021,16",2025-05-03,17000,22.00,16497.000000000,22.10,15600,22.00,7425,8025.000,,2.000000000000000,1,3,Bajo,236.00,14,181,5,BSS-021,2.90,2,cosecha,PROGRAMADA
445,"BIO2,CP3,BSS-018,15",2025-05-08,12000,26.00,12026.000000000,27.00,8300,27.00,10775,10300.000,,,1,2,Bajo,146.00,14,172,5,BSS-018,4.43,2,cosecha,PROGRAMADA
477,"BIO2,CP3,BSS-020,15",2025-05-15,22000,29.00,23025.000000000,29.25,16100,29.00,10755,10800.000,,1.000000000000000,1,4,Bajo,315.00,14,177,5,BSS-020,3.04,2,cosecha,PROGRAMADA
491,"BIO3,CP1,PJF-009,15",2025-05-17,22000,24.00,23680.000000000,25.50,24900,24.30,14050,14000.000,,4.000000000000000,,,,400.00,,29,8,PJF-009,6.03,3,cosecha,PROGRAMADA
498,"BIO1,CP2,BG2-042,15",2025-05-20,20000,21.00,21255.000000000,20.27,19200,23.45,10150,10050.000,,,2,7,Normal,250.00,14,149,2,BG2-042,6.62,1,cosecha,PROGRAMADA
514,"BIO3,CP2,PL1-002,15",2025-05-23,30000,20.00,24918.000000000,20.12,31950,20.33,16450,16500.000,,3.000000000000000,1,5,Bajo,442.00,13,243,9,PL1-002,4.50,3,cosecha,PROGRAMADA
529,"BIO3,CP3,PL2-002,15",2025-05-25,32000,19.00,23448.000000000,19.11,27200,18.93,15100,15100.000,,3.000000000000000,1,5,Bajo,400.00,13,120,10,PL2-002,5.73,3,cosecha,PROGRAMADA
541,"BIO1,CP2,BG2-031,16",2025-05-28,26000,31.00,19530.000000000,30.99,21600,31.86,11925,11925.000,,2.000000000000000,,,,250.00,,117,2,BG2-031,3.37,1,cosecha,PROGRAMADA
581,"BIO2,CP3,BSS-023,15",2025-06-11,13000,17.00,11928.000000000,17.00,14350,17.00,6895,6875.000,,,,,,,,187,5,BSS-023,2.38,2,cosecha,PROGRAMADA
592,"BIO2,CP4,BA2-207,02",2025-06-18,3500,22.00,2488.000000000,22.89,2000,23.00,1625,1650.000,,1.000000000000000,,,,,,311,6,BA2-207,0.38,2,cosecha,PROGRAMADA
597,"BIO2,CP3,BSS-027,15",2025-06-20,30000,19.00,28080.000000000,19.00,28800,19.00,13500,13350.000,,,,,,,,198,5,BSS-027,6.22,2,cosecha,PROGRAMADA
608,"BIO2,CP3,BSS-014,15",2025-06-27,26000,25.00,28370.000000000,26.88,23600,26.88,12150,12150.000,,3.000000000000000,,,,,,159,5,BSS-014,5.05,2,cosecha,PROGRAMADA
618,"BIO2,CP3,BSS-039,15",2025-06-29,26000,19.00,26301.000000000,19.28,28500,19.28,13375,13375.000,,2.000000000000000,,,,,,239,5,BSS-039,6.74,2,cosecha,PROGRAMADA
653,"BIO2,CP3,BSS-006,15",2025-07-09,30000,20.00,29679.000000000,22.03,29500,22.03,15450,15450.000,,3.000000000000000,1,5,Normal,375.00,17,121,5,BSS-006,4.86,2,cosecha,PROGRAMADA
661,"BIO3,CP3,PL2-001,15",2025-07-11,20000,22.00,17320.000000000,21.76,15600,24.41,8920,8925.000,,5.000000000000000,1,3,Bajo,225.00,13,116,10,PL2-001,2.01,3,cosecha,PROGRAMADA
696,"BIO1,CP2,BG2-024,15",2025-07-18,47000,19.00,39677.000000000,19.00,51700,19.59,24875,24875.000,,8.000000000000000,2,8,Normal,675.00,14,95,2,BG2-024,7.91,1,cosecha,PROGRAMADA
699,"BIO2,CP3,BSS-028,16",2025-07-18,24000,22.00,24510.000000000,22.00,23000,22.00,12125,12125.000,,2.000000000000000,1,5,Normal,300.00,14,201,5,BSS-028,4.22,2,cosecha,PROGRAMADA
707,"BIO1,CP1,BG1-011,16",2025-07-22,33000,26.00,28433.000000000,24.00,28500,26.00,17900,17900.000,,11.000000000000000,1,4,Normal,300.00,14,34,1,BG1-011,10.77,1,cosecha,PROGRAMADA
719,"BIO2,CP4,BA2-205,25",2025-07-23,2500,15.00,2201.000000000,14.50,2800,16.00,1680,1680.000,,1.000000000000000,1,1,Normal,50.00,14,83,6,BA2-205,0.46,2,cosecha,PROGRAMADA
728,"BIO1,CP1,BG1-016,16",2025-07-24,55000,20.00,53068.000000000,17.90,49870,18.00,27200,27200.000,,,,,,625.00,,49,1,BG1-016,11.23,1,cosecha,PROGRAMADA
743,"BIO2,CP2,BA1-040,17",2025-07-28,10000,15.50,8316.000000000,15.00,9050,15.50,5225,5225.000,,1.100000000000000,,,,150.00,,103,4,BA1-040,1.80,2,cosecha,PROGRAMADA
767,"BIO2,CP2,BA1-020,16",2025-08-02,22000,14.00,18232.000000000,13.01,22700,14.00,11650,11650.000,,,,,,,,62,4,BA1-020,4.55,2,cosecha,PROGRAMADA
768,"BIO2,CP3,BSS-041,16",2025-08-04,20000,22.00,21618.000000000,21.80,22300,22.00,10850,10850.000,,,,,,,,241,5,BSS-041,3.82,2,cosecha,PROGRAMADA
785,"BIO1,CP2,BG2-031,17",2025-08-09,20000,19.00,17645.000000000,19.04,22000,19.54,12190,12190.000,,0.590000000000000,,,,,,117,2,BG2-031,3.37,1,cosecha,PROGRAMADA
788,"BIO2,CP1,BSF-020,15",2025-08-10,31000,22.00,30071.000000000,22.00,33200,23.65,18325,18325.000,,,,,,,,215,3,BSF-020,6.54,2,cosecha,PROGRAMADA
796,"BIO2,CP1,BSF-026,16",2025-08-12,29000,21.00,29245.000000000,21.00,30087,21.00,17225,17225.000,,,,,,,,221,3,BSF-026,6.33,2,cosecha,PROGRAMADA
1535,"BIO1,CP1,BG1-007,20",2026-02-26,60000,20.00,60233.728464000,21.00,60300,21.00,30775,30775.000,,0.990000000000000,,,,,,16,1,BG1-007,11.12,1,cosecha,PROGRAMADA
1076,"BIO2,CP5,BSP-011,05",2025-10-27,48000,16.00,45577.000000000,15.60,51550,15.00,26250,26250.000,,0.000000000000000,,,,625.00,,199,7,BSP-011,8.30,2,cosecha,PROGRAMADA
800,"BIO2,CP1,BSF-022,16",2025-08-13,35000,18.00,28133.000000000,18.10,34350,18.23,19375,19375.000,,0.380000000000000,,,,,,217,3,BSF-022,7.85,2,cosecha,PROGRAMADA
802,"BIO2,CP1,BSF-012,16",2025-08-14,32000,17.00,26544.000000000,16.50,30840,17.59,16275,16275.000,,0.680000000000000,,,,,,203,3,BSF-012,5.85,2,cosecha,PROGRAMADA
808,"BIO2,CP3,BSS-035,16",2025-08-16,21000,15.00,20748.000000000,15.30,25250,15.30,13850,13850.000,,0.430000000000000,,,,,,235,5,BSS-035,4.60,2,cosecha,PROGRAMADA
809,"BIO3,CP2,PL1-010,17",2025-08-16,46000,16.00,44322.000000000,17.98,44750,16.75,23900,23900.000,,0.963855421686747,,,,,,253,9,PL1-010,8.30,3,cosecha,PROGRAMADA
810,"BIO2,CP1,BSF-028,16",2025-08-16,37000,16.00,25610.000000000,15.11,35200,16.00,18950,18950.000,,0.470000000000000,,,,,,223,3,BSF-028,6.42,2,cosecha,PROGRAMADA
828,"BIO2,CP1,BSF-031,16",2025-08-24,40000,15.00,33290.000000000,15.00,44300,14.92,23200,23200.000,,0.640000000000000,,,,,,226,3,BSF-031,7.76,2,cosecha,PROGRAMADA
840,"BIO1,CP2,BG2-021,17",2025-08-27,47000,18.40,42617.000000000,18.40,45500,18.00,24725,24725.000,,0.930000000000000,,,,,,86,2,BG2-021,7.52,1,cosecha,PROGRAMADA
1549,"BIO1,CP1,BG1-003,19",2026-03-03,40000,20.00,33902.338800000,22.00,39750,22.00,24200,24100.000,,1.000000000000000,,,,,,5,1,BG1-003,6.99,1,cosecha,PROGRAMADA
1357,"BIO1,CP2,BG2-029,18",2026-01-10,16000,23.00,11625.737640000,22.00,7150,22.00,13525,13525.000,,0.630000000000000,,,,,,110,2,BG2-029,7.99,1,cosecha,PROGRAMADA
856,"BIO2,CP2,BA1-029,16",2025-09-03,32000,17.00,30771.000000000,16.97,32200,17.00,17275,17275.000,,0.470000000000000,,,,,,72,4,BA1-029,6.34,2,cosecha,PROGRAMADA
859,"BIO2,CP4,BA2-042,15",2025-09-04,70000,22.00,64797.000000000,21.53,68250,22.00,38100,38100.000,,0.790000000000000,,,,,,90,6,BA2-042,11.40,2,cosecha,PROGRAMADA
860,"BIO2,CP1,BSF-035,16",2025-09-04,35000,18.00,27091.000000000,18.13,36800,18.00,18850,18850.000,,0.710000000000000,,,,,,230,3,BSF-035,5.66,2,cosecha,PROGRAMADA
871,"BIO2,CP1,BSF-007,15",2025-09-08,33000,19.00,30581.000000000,18.30,30100,18.86,16000,16000.000,,0.630000000000000,,,,425.00,,171,3,BSF-007,6.33,2,cosecha,PROGRAMADA
875,"BIO2,CP2,BA1-008,16",2025-09-08,40000,21.00,35297.000000000,20.00,37850,20.00,21575,21575.000,,0.350000000000000,,,,600.00,,21,4,BA1-008,5.73,2,cosecha,PROGRAMADA
885,"BIO2,CP1,BSF-009,15",2025-09-10,40000,18.00,31874.000000000,17.62,35740,16.98,19200,19200.000,,0.560000000000000,,,,,,178,3,BSF-009,7.15,2,cosecha,PROGRAMADA
888,"BIO2,CP1,BSF-016,16",2025-09-11,37000,21.00,24631.000000000,21.00,24828,21.00,15675,15675.000,,0.590000000000000,,,,425.00,,211,3,BSF-016,5.06,2,cosecha,PROGRAMADA
894,"BIO3,CP3,PL2-010,17",2025-09-13,32000,19.00,31470.000000000,20.88,29200,19.66,17175,17175.000,,0.580000000000000,,,,,,145,10,PL2-010,5.19,3,cosecha,PROGRAMADA
899,"BIO2,CP3,BSS-044,17",2025-09-13,16000,24.00,11722.000000000,24.00,12450,24.00,7225,7225.000,,0.680000000000000,,,,,,246,5,BSS-044,1.48,2,cosecha,PROGRAMADA
902,"BIO3,CP2,PL1-035,17",2025-09-15,16000,17.00,12572.000000000,17.18,13550,15.91,8270,8270.000,,1.040000000000000,,,,,,284,9,PL1-035,2.88,3,cosecha,PROGRAMADA
907,"BIO3,CP3,PL2-007,17",2025-09-17,30000,18.00,28076.000000000,19.29,28350,18.01,16725,16725.000,,0.740000000000000,,,,,,136,10,PL2-007,5.37,3,cosecha,PROGRAMADA
941,"BIO2,CP1,BSF-033,15",2025-09-23,45000,19.00,38762.000000000,18.70,45720,18.70,23825,23825.000,,0.590000000000000,,,,,,228,3,BSF-033,6.73,2,cosecha,PROGRAMADA
963,"BIO3,CP2,PL1-015,15",2025-09-27,30000,17.00,27239.000000000,16.70,31500,17.00,18050,18050.000,,0.880000000000000,,,,,,264,9,PL1-015,6.74,3,cosecha,PROGRAMADA
988,"BIO2,CP1,BSF-017,16",2025-10-05,34000,17.00,28933.000000000,16.18,33500,16.20,18750,18750.000,,0.000000000000000,,,,,,212,3,BSF-017,5.89,2,cosecha,PROGRAMADA
999,"BIO3,CP1,PJF-008,16",2025-10-08,40000,17.00,41890.000000000,17.14,35100,17.00,20300,20300.000,,0.720000000000000,,,,,,26,8,PJF-008,9.66,3,cosecha,PROGRAMADA
1024,"BIO3,CP1,PJF-001,16",2025-10-15,39000,22.00,43387.000000000,22.36,40100,22.00,24425,24425.000,,0.000000000000000,,,,,,3,8,PJF-001,8.40,3,cosecha,PROGRAMADA
1030,"BIO2,CP3,BSS-040,18",2025-10-17,21000,15.00,20322.000000000,14.60,23650,15.00,14900,14900.000,,0.000000000000000,,,,,,240,5,BSS-040,7.03,2,cosecha,PROGRAMADA
1035,"BIO2,CP3,BSS-041,17",2025-10-18,18000,22.00,18179.000000000,22.30,16400,22.00,9400,9400.000,,0.000000000000000,,,,,,241,5,BSS-041,3.82,2,cosecha,PROGRAMADA
1042,"BIO2,CP3,BSS-001,17",2025-10-19,31000,23.00,32802.000000000,24.60,29000,23.00,15850,15850.000,,0.000000000000000,,,,,,105,5,BSS-001,6.81,2,cosecha,PROGRAMADA
1185,"BIO1,CP2,BG2-030,18",2025-11-27,42000,18.00,37594.000000000,17.92,38700,18.24,22825,22825.000,,1.090000000000000,,,,,,113,2,BG2-030,7.32,1,cosecha,PROGRAMADA
1801,"BIO2,CP3,BSS-040,21",2026-04-25,30000,27.00,26428.000000000,28.42,24300,24.00,14225,,,0.430000000000000,,,,,,240,5,,7.03,2,cosecha,PROGRAMADA
1802,"BIO2,CP1,BSF-033,19",2026-04-25,30000,23.00,27870.000000000,23.48,21600,23.40,23375,,,0.890000000000000,,,,,,228,3,,6.73,2,cosecha,PROGRAMADA
1803,"BIO2,CP2,BA1-019,20",2026-04-25,3000,12.00,15889.000000000,13.00,2900,12.00,8400,,,0.500000000000000,,,,,,61,4,,3.08,2,raleo,PROGRAMADA
1808,"BIO2,CP2,BA1-010,20",2026-04-26,3000,12.00,12144.000000000,12.20,3000,11.00,7450,,,0.680000000000000,,,,,,27,4,,3.01,2,raleo,PROGRAMADA
1805,"BIO2,CP3,BSS-011,19",2026-04-26,35000,19.00,32592.000000000,18.78,26350,18.07,21025,,,1.020000000000000,,,,,,150,5,,4.92,2,cosecha,PROGRAMADA
1340,"BIO1,CP2,BG2-031,19",2026-01-07,23000,21.00,22019.558027600,21.17,21300,22.30,14075,14325.000,,1.190000000000000,,,,,,117,2,BG2-031,3.37,1,cosecha,PROGRAMADA
1356,"BIO1,CP2,BG2-033,19",2026-01-10,32000,17.00,22963.113600000,14.88,17000,16.00,14850,14850.000,,1.430000000000000,,,,,,122,2,BG2-033,7.00,1,cosecha,PROGRAMADA
1351,"BIO1,CP2,BG2-036,18",2026-01-09,30000,19.00,35106.420772800,19.26,35100,19.00,19220,19550.000,,1.150000000000000,,,,,,131,2,BG2-036,5.20,1,cosecha,PROGRAMADA
1325,"BIO1,CP2,BG2-040,19",2026-01-05,48000,18.00,36626.166192000,18.60,32000,18.50,19700,20075.000,,1.100000000000000,,,,,,143,2,BG2-040,6.38,1,cosecha,PROGRAMADA
1512,"BIO1,CP2,BG2-044,04",2026-02-21,28000,16.00,28708.521660000,15.90,20600,15.50,10700,10700.000,,1.100000000000000,,,,,,316,2,BG2-044,8.19,1,cosecha,PROGRAMADA
1806,"BIO2,CP3,BSS-034,20",2026-04-26,10300,13.00,28696.000000000,14.55,10550,13.85,12425,,,0.600000000000000,,,,,,234,5,,4.97,2,raleo,PROGRAMADA
1807,"BIO2,CP2,BA1-009,20",2026-04-26,3000,12.00,13852.000000000,12.00,3000,11.00,7000,,,0.900000000000000,,,,,,24,4,,3.08,2,raleo,PROGRAMADA
1945,"BIO1,CP1,BG1-011,21",2026-05-19,13000,14.00,33478.000000000,14.10,13600,14.50,21075,,,1.110000000000000,,,,,,34,1,,10.77,1,raleo,PROGRAMADA
1946,"BIO1,CP2,BG2-045,05",2026-05-19,15000,17.00,38672.000000000,18.50,15200,17.00,23125,,,0.930000000000000,,,,,,317,2,,8.62,1,raleo,PROGRAMADA
1954,"BIO3,CP2,PL1-017,18",2026-05-21,26000,23.00,25185.000000000,23.80,17000,23.31,22350,,,0.780000000000000,,,,,,266,9,,6.40,3,cosecha,PROGRAMADA
1941,"BIO2,CP2,BA1-016,20",2026-05-19,28000,19.00,29255.000000000,19.63,30150,19.00,29050,,,0.890000000000000,,,,,,56,4,,6.76,2,cosecha,PROGRAMADA
1950,"BIO2,CP5,BSP-016,03",2026-05-20,16000,18.00,15104.000000000,17.50,13600,18.00,14125,,,1.720000000000000,,,,,,325,7,,2.90,2,cosecha,PROGRAMADA
2071,"BIO3,CP2,PL1-006,21",2026-06-09,5000,20.00,20514.000000000,21.68,5100,23.57,12300,,,1.030000000000000,,,,,,249,9,,5.80,3,raleo,PROGRAMADA
1685,"BIO3,CP2,PL1-046,08",2026-04-04,30000,18.00,33393.000000000,18.00,26850,17.00,19750,,,0.700000000000000,,,,,,299,9,PL1-046,7.65,3,cosecha,PROGRAMADA
1696,"BIO1,CP1,BG1-016,20",2026-04-06,50000,21.00,49515.000000000,20.00,51600,20.50,31300,,,0.890000000000000,,,,,,49,1,BG1-016,11.23,1,cosecha,PROGRAMADA
2233,"BIO2,CP2,BA1-003,22",2026-07-14,10000,15.00,24343.000000000,14.16,8000,16.00,8950,,,0.720000000000000,,,,,,6,4,,5.57,2,raleo,PROGRAMADA
1394,"BIO1,CP2,BG2-021,19",2026-01-19,45000,16.00,35431.766822400,16.44,39900,17.00,24025,24025.000,,1.330000000000000,,,,,,86,2,BG2-021,7.52,1,cosecha,PROGRAMADA
1499,"BIO1,CP2,BG2-049,03",2026-02-17,40000,24.00,41799.216000000,23.70,37400,25.00,19625,19625.000,,0.800000000000000,,,,,,321,2,BG2-049,10.00,1,cosecha,PROGRAMADA
1385,"BIO2,CP2,BA1-006,19",2026-01-15,25000,20.00,0.000000000,0.00,22100,20.00,13075,13075.000,,0.700000000000000,,,,,,15,4,BA1-006,4.26,2,cosecha,PROGRAMADA
1550,"BIO2,CP2,BA1-019,19",2026-03-01,18000,18.00,12018.597360000,17.70,8200,18.00,8125,8125.000,,0.650000000000000,,,,,,61,4,BA1-019,3.08,2,cosecha,PROGRAMADA
1463,"BIO2,CP2,BA1-040,20",2026-02-03,12000,17.00,12817.544400000,17.00,8300,18.70,7825,7825.000,,1.110000000000000,,,,,,103,4,BA1-040,1.80,2,cosecha,PROGRAMADA
1537,"BIO2,CP3,BSS-001,19",2026-02-26,42000,20.00,39635.180640000,22.00,27830,22.00,20125,20125.000,,0.590000000000000,,,,,,105,5,BSS-001,6.81,2,cosecha,PROGRAMADA
1475,"BIO2,CP3,BSS-015,18",2026-02-08,38000,20.00,36050.236488000,20.60,32200,21.00,20325,20325.000,,0.510000000000000,,,,,,162,5,BSS-015,5.88,2,cosecha,PROGRAMADA
1516,"BIO3,CP1,PJF-009,19",2026-02-21,27000,15.00,25523.976960000,16.00,26287,16.00,12625,12625.000,,0.660000000000000,,,,,,29,8,PJF-009,6.03,3,cosecha,PROGRAMADA
1572,"BIO3,CP2,PL1-016,17",2026-03-07,25000,19.00,28475.054520000,19.00,20600,19.00,17075,0.000,,0.800000000000000,,,,,,265,9,PL1-016,6.18,3,cosecha,PROGRAMADA
1511,"BIO3,CP2,PL1-028,19",2026-02-20,37000,19.00,32738.310000000,18.00,35200,17.00,18550,18550.000,,0.700000000000000,,,,,,277,9,PL1-028,5.50,3,cosecha,PROGRAMADA
1809,"BIO2,CP2,BA1-028,21",2026-04-25,4000,11.00,18978.000000000,11.20,3950,11.00,12350,,,0.550000000000000,,,,,,70,4,,5.49,2,raleo,PROGRAMADA
2326,"BIO3,CP1,PJF-005,20",,40000,24.00,50276.000000000,22.54,,,27225,,,,,,,,,17,8,,10.65,3,cosecha,PROGRAMADA
1951,"BIO1,CP2,BG2-046,05",2026-05-20,18000,15.00,43334.000000000,15.60,18300,15.00,36525,,,0.870000000000000,,,,,,318,2,,12.60,1,raleo,PROGRAMADA
1947,"BIO1,CP1,BG1-017,21",2026-05-20,9000,13.00,24317.000000000,13.10,8100,13.00,18625,,,0.950000000000000,,,,,,51,1,,8.42,1,raleo,PROGRAMADA
2322,"BIO2,CP3,BSS-005,20",2026-08-03,29000,26.00,29107.000000000,25.82,30450,26.34,17350,,,0.600000000000000,,,,,,118,5,,4.87,2,cosecha,PROGRAMADA
1944,"BIO2,CP3,BSS-032,19",2026-05-20,24000,28.00,25878.000000000,28.07,11500,28.00,23725,,,0.510000000000000,,,,,,232,5,,7.89,2,cosecha,PROGRAMADA
1943,"BIO2,CP1,BSF-003,21",2026-05-20,29000,24.00,28746.000000000,26.37,23000,24.00,21200,,,0.660000000000000,,,,,,158,3,,6.03,2,cosecha,PROGRAMADA
1963,"BIO2,CP1,BSF-031,20",2026-05-22,36000,19.00,31777.000000000,17.69,36900,19.00,28400,,,0.900000000000000,,,,,,226,3,,7.76,2,cosecha,PROGRAMADA
1129,"BIO2,CP2,BA1-008,17",2025-11-13,28000,18.00,18556.000000000,18.40,23000,18.50,15650,15650.000,,0.350000000000000,,,,,,21,4,BA1-008,5.73,2,cosecha,PROGRAMADA
2224,"BIO1,CP1,BG1-008,22",2026-07-11,41000,24.00,41134.000000000,24.20,43100,25.00,29950,,,0.910000000000000,,,,,,19,1,,7.71,1,cosecha,PROGRAMADA
1942,"BIO3,CP3,PL2-011,21",2026-05-20,32000,19.00,30401.000000000,18.62,29500,19.93,19025,,,0.620000000000000,,,,,,156,10,,6.44,3,cosecha,PROGRAMADA
1959,"BIO3,CP2,PL1-003,20",2026-05-22,20000,28.00,21295.000000000,28.08,22950,28.00,14650,,,0.700000000000000,,,,,,245,9,,4.30,3,cosecha,PROGRAMADA
1970,"BIO3,CP2,PL1-010,21",2026-05-24,40000,26.00,38133.000000000,26.05,23000,26.00,37550,,,0.960000000000000,,,,,,253,9,,8.30,3,raleo,PROGRAMADA
1958,"BIO2,CP2,BA1-010,20",2026-05-21,12000,25.00,13272.000000000,25.00,9600,25.00,11250,,,1.000000000000000,,,,,,27,4,,3.01,2,cosecha,PROGRAMADA
1966,"BIO3,CP1,PJF-017,20",2026-05-24,25000,17.00,22375.000000000,17.90,25800,18.50,9450,,,0.790000000000000,,,,,,59,8,,7.56,3,cosecha,PROGRAMADA
1952,"BIO2,CP1,BSF-002,22",2026-05-21,32000,23.00,34272.000000000,25.37,27050,23.00,20225,,,0.930000000000000,,,,,,155,3,,6.45,2,cosecha,PROGRAMADA
2227,"BIO3,CP2,PL1-033,21",2026-07-13,33000,24.00,37604.000000000,23.05,37800,23.01,21675,,,0.810000000000000,,,,,,282,9,,7.40,3,cosecha,PROGRAMADA
1948,"BIO3,CP2,PL1-018,18",2026-05-21,22000,27.00,20925.000000000,29.80,15500,29.14,15675,,,0.660000000000000,,,,,,267,9,,4.55,3,cosecha,PROGRAMADA
1968,"BIO2,CP3,BSS-039,20",2026-05-24,30000,21.00,27749.000000000,20.75,30300,20.00,19800,,,0.890000000000000,,,,,,239,5,,6.74,2,cosecha,PROGRAMADA
1949,"BIO3,CP2,PL1-040,09",2026-05-21,29000,27.00,26028.000000000,31.40,23400,31.50,22825,,,1.280000000000000,,,,,,293,9,,4.70,3,cosecha,PROGRAMADA
2223,"BIO1,CP2,BG2-033,22",2026-07-11,35000,25.00,35803.000000000,23.20,19850,22.50,16175,,,1.000000000000000,,,,,,122,2,,7.00,1,cosecha,PROGRAMADA
1969,"BIO2,CP2,BA1-006,21",2026-05-23,23000,22.00,17451.000000000,21.86,18400,22.00,16175,,,0.940000000000000,,,,,,15,4,,4.26,2,cosecha,PROGRAMADA
1962,"BIO2,CP3,BSS-014,20",2026-05-23,24000,24.00,24444.000000000,25.83,24450,24.00,19025,,,0.590000000000000,,,,,,159,5,,5.05,2,cosecha,PROGRAMADA
2235,"BIO1,CP2,BG2-029,21",2026-07-14,35000,20.00,31883.000000000,18.10,34800,21.20,22325,,,1.130000000000000,,,,,,110,2,,7.99,1,cosecha,PROGRAMADA
2321,"BIO2,CP1,BSF-031,21",2026-08-03,46000,20.00,43900.000000000,19.44,47350,19.50,28972,,,1.000000000000000,,,,,,226,3,,7.76,2,cosecha,PROGRAMADA
1552,"BIO3,CP2,PL1-041,08",2026-03-02,35000,23.00,34920.864000000,24.00,34250,23.00,18275,18350.000,,0.700000000000000,,,,,,294,9,PL1-041,6.00,3,cosecha,PROGRAMADA
1961,"BIO3,CP2,PL1-031,21",2026-05-23,18000,24.00,18702.000000000,24.10,17600,22.30,11925,,,1.250000000000000,,,,,,280,9,,3.20,3,cosecha,PROGRAMADA
1965,"BIO3,CP2,PL1-016,18",2026-05-23,23000,25.00,24129.000000000,25.30,13050,24.02,25000,,,0.810000000000000,,,,,,265,9,,6.18,3,cosecha,PROGRAMADA
1957,"BIO2,CP3,BSS-005,19",2026-05-22,25000,22.00,24918.000000000,24.69,28700,22.00,22825,,,0.820000000000000,,,,,,118,5,,4.87,2,cosecha,PROGRAMADA
1811,"BIO2,CP3,BSS-012,20",2026-04-27,7500,12.00,25796.000000000,13.93,5200,14.29,13725,,,1.070000000000000,,,,,,154,5,,5.60,2,raleo,PROGRAMADA
1687,"BIO2,CP1,BSF-024,19",2026-04-06,30000,22.00,32811.000000000,21.56,32700,22.00,27125,,,0.780000000000000,,,,,,219,3,BSF-024,7.67,2,cosecha,PROGRAMADA
1956,"BIO3,CP2,PL1-019,18",2026-05-22,27000,26.00,24752.000000000,28.90,19200,28.68,17150,,,0.910000000000000,,,,,,268,9,,5.55,3,cosecha,PROGRAMADA
1813,"BIO3,CP2,PL1-005,20",2026-04-27,29000,20.00,29188.000000000,20.06,20200,19.81,20350,,,0.800000000000000,,,,,,248,9,,6.00,3,cosecha,PROGRAMADA
2099,"BIO2,CP1,BSF-004,21",2026-06-13,4500,16.00,22406.000000000,15.75,4183,15.00,11808,,,0.560000000000000,,,,,,161,3,,7.17,2,raleo,PROGRAMADA
1686,"BIO1,CP1,BG1-017,20",2026-04-04,45000,23.00,51233.000000000,23.00,48400,22.10,24525,,,0.950000000000000,,,,,,51,1,BG1-017,8.42,1,cosecha,PROGRAMADA
1690,"BIO2,CP3,BSS-023,20",2026-04-05,14000,19.00,10441.000000000,19.90,10650,24.00,7500,,,0.840000000000000,,,,,,187,5,BSS-023,2.38,2,cosecha,PROGRAMADA
1812,"BIO2,CP2,BA1-030,20",2026-04-27,22000,15.00,21266.000000000,13.82,23200,15.00,17700,,,0.700000000000000,,,,,,73,4,,6.98,2,cosecha,PROGRAMADA
1692,"BIO2,CP3,BSS-027,20",2026-04-06,37000,21.00,34173.000000000,21.67,29200,22.40,20150,,,0.800000000000000,,,,,,198,5,BSS-027,6.22,2,cosecha,PROGRAMADA
1810,"BIO3,CP1,PJF-012,23",2026-04-26,29000,21.00,27517.000000000,21.50,24350,21.50,17225,,,0.730000000000000,,,,,,45,8,,6.83,3,cosecha,PROGRAMADA
1691,"BIO2,CP1,BSF-034,19",2026-04-05,22000,22.00,19294.000000000,21.83,18360,22.00,14500,,,0.950000000000000,,,,,,229,3,BSF-034,4.22,2,cosecha,PROGRAMADA
1814,"BIO2,CP1,BSF-004,20",2026-04-26,32000,19.00,29686.000000000,18.78,28693,19.00,23375,,,0.700000000000000,,,,,,161,3,,7.17,2,cosecha,PROGRAMADA
1815,"BIO2,CP1,BSF-025,20",2026-04-26,8000,15.00,29102.000000000,14.76,8200,14.76,17175,,,0.690000000000000,,,,,,220,3,,5.77,2,raleo,PROGRAMADA
1693,"BIO2,CP2,BA1-029,19",2026-04-06,20000,24.00,27966.000000000,25.01,19050,24.00,18400,,,0.790000000000000,,,,,,72,4,BA1-029,6.34,2,cosecha,PROGRAMADA
2236,"BIO2,CP3,BSS-009,21",2026-07-13,2500,19.00,20621.000000000,20.49,2200,20.50,10925,,,0.720000000000000,,,,,,130,5,,4.15,2,raleo,PROGRAMADA
1697,"BIO1,CP2,BG2-037,21",2026-04-06,40000,24.00,40050.000000000,24.30,43650,23.80,22675,,,0.940000000000000,,,,,,134,2,BG2-037,5.34,1,cosecha,PROGRAMADA
1695,"BIO2,CP5,BSP-013,17",2026-04-05,7000,13.00,26409.000000000,11.00,7100,13.00,15700,,,1.410000000000000,,,,,,205,7,BSP-013,4.95,2,cosecha,PROGRAMADA
1688,"BIO2,CP5,BSP-005,34",2026-04-04,4000,13.00,19511.000000000,12.50,5500,13.00,10425,,,1.360000000000000,,,,,,176,7,BSP-005,2.95,2,cosecha,PROGRAMADA
2096,"BIO1,CP2,BG2-030,21",2026-06-13,36000,21.00,33889.000000000,21.00,37850,22.00,22625,,,1.090000000000000,,,,,,113,2,,7.32,1,cosecha,PROGRAMADA
2237,"BIO2,CP3,BSS-010,21",2026-07-13,4000,18.00,16304.000000000,18.73,4000,18.60,8850,,,0.750000000000000,,,,,,132,5,,2.65,2,raleo,PROGRAMADA
2093,"BIO2,CP3,BSS-023,21",2026-06-13,13000,21.00,9370.000000000,21.01,7300,21.00,7150,,,0.840000000000000,,,,,,187,5,,2.38,2,cosecha,PROGRAMADA
2103,"BIO2,CP2,BA1-023,21",2026-06-14,22000,25.00,13748.000000000,24.62,16400,24.00,11125,,,0.670000000000000,,,,,,65,4,,2.98,2,cosecha,PROGRAMADA
2323,"BIO2,CP2,BA1-009,21",2026-08-03,15000,26.00,14914.000000000,25.84,15250,26.50,11150,,,0.600000000000000,,,,,,24,4,,3.08,2,cosecha,PROGRAMADA
2104,"BIO2,CP3,BSS-038,20",2026-06-15,18000,24.00,15794.000000000,21.36,16750,22.00,13175,,,0.700000000000000,,,,,,238,5,,4.30,2,cosecha,PROGRAMADA
2095,"BIO2,CP6,BCE-017,01",2026-06-12,16000,28.00,12965.000000000,26.89,10650,28.00,6625,,,0.410000000000000,,,,,,343,12,,2.43,2,cosecha,PROGRAMADA
2094,"BIO3,CP1,PJF-014,20",2026-06-13,29000,19.00,34311.000000000,19.30,20050,20.00,30925,,,0.650000000000000,,,,,,52,8,,7.68,3,cosecha,PROGRAMADA
2106,"BIO2,CP5,BSP-003,17",2026-06-16,25000,17.00,26998.000000000,15.70,22200,17.00,17776,,,0.770000000000000,,,,,,170,7,,6.50,2,cosecha,PROGRAMADA
2105,"BIO2,CP6,BCE-002,01",2026-06-14,16000,22.00,17209.000000000,19.36,17800,22.00,11425,,,0.400000000000000,,,,,,327,12,,5.04,2,cosecha,PROGRAMADA
2110,"BIO3,CP3,PL2-008,21",2026-06-16,65000,21.00,65720.000000000,20.39,64050,22.30,33650,,,0.650000000000000,,,,,,139,10,,17.00,3,cosecha,PROGRAMADA
1202,"BIO3,CP2,PL1-029,18",2025-11-29,49000,16.00,41376.000000000,15.64,40650,16.00,21725,21725.000,,,,,,,,278,9,PL1-029,10.00,3,cosecha,PROGRAMADA
1694,"BIO3,CP3,PL2-002,20",2026-04-06,32000,23.00,35307.000000000,21.50,31450,22.00,20300,,,0.800000000000000,,,,,,120,10,PL2-002,5.73,3,cosecha,PROGRAMADA
2109,"BIO3,CP2,PL1-001,21",2026-06-17,33000,21.00,38528.000000000,20.44,39670,21.30,24250,,,0.670000000000000,,,,,,207,9,,9.00,3,cosecha,PROGRAMADA
1689,"BIO2,CP5,BSP-010,08",2026-04-04,5000,13.00,31909.000000000,13.20,5900,13.00,23000,,,0.930000000000000,,,,,,193,7,BSP-010,6.45,2,cosecha,PROGRAMADA
1816,"BIO3,CP1,PJF-009,20",2026-04-28,28000,19.00,26587.000000000,20.00,29200,20.00,17450,,,0.830000000000000,,,,,,29,8,,6.03,3,cosecha,PROGRAMADA
1819,"BIO2,CP3,BSS-032,19",2026-04-27,8700,13.00,40424.000000000,16.60,5800,16.30,16180,,,1.010000000000000,,,,,,232,5,,7.89,2,raleo,PROGRAMADA
1817,"BIO2,CP1,BSF-013,19",2026-04-27,32000,25.00,32030.000000000,28.93,27800,28.00,23350,,,0.720000000000000,,,,,,206,3,,8.37,2,cosecha,PROGRAMADA
1818,"BIO2,CP1,BSF-030,20",2026-04-27,9000,13.00,28638.000000000,15.78,9000,15.70,16250,,,0.850000000000000,,,,,,225,3,,5.88,2,raleo,PROGRAMADA
1972,"BIO2,CP5,BSP-012,17",2026-05-25,16000,16.00,21355.000000000,15.40,20650,16.00,22625,,,0.810000000000000,,,,,,202,7,,7.40,2,cosecha,PROGRAMADA
2239,"BIO2,CP1,BSF-003,22",2026-07-15,5200,16.00,26281.000000000,15.69,4800,15.82,16148,,,0.620000000000000,,,,,,158,3,,6.03,2,raleo,PROGRAMADA
2097,"BIO3,CP1,PJF-015,20",2026-06-14,34000,22.00,36687.000000000,21.50,28150,22.00,28175,,,0.650000000000000,,,,,,55,8,,7.74,3,cosecha,PROGRAMADA
2241,"BIO2,CP3,BSS-034,21",2026-07-14,5000,20.00,25654.000000000,20.36,5500,20.50,12500,,,0.600000000000000,,,,,,234,5,,4.97,2,raleo,PROGRAMADA
2098,"BIO2,CP1,BSF-001,20",2026-06-14,5000,16.00,23992.000000000,15.55,6128,15.12,12243,,,0.620000000000000,,,,,,153,3,,6.48,2,raleo,PROGRAMADA
2100,"BIO3,CP2,PL1-036,22",2026-06-14,27000,23.00,24141.000000000,22.70,31300,22.64,15750,,,0.900000000000000,,,,,,285,9,,6.70,3,cosecha,PROGRAMADA
2238,"BIO2,CP1,BSF-002,23",2026-07-15,5500,16.00,27995.000000000,15.75,5200,15.75,16744,,,0.930000000000000,,,,,,155,3,,6.45,2,raleo,PROGRAMADA
2240,"BIO2,CP3,BSS-029,21",2026-07-14,5500,20.00,26645.000000000,21.80,5000,22.10,14275,,,0.790000000000000,,,,,,204,5,,5.04,2,raleo,PROGRAMADA
2108,"BIO2,CP6,BCE-001,01",2026-06-15,16000,21.00,12205.000000000,19.59,11250,21.00,7925,,,0.640000000000000,,,,,,326,12,,3.14,2,cosecha,PROGRAMADA
2101,"BIO3,CP2,PL1-047,09",2026-06-15,38000,17.00,38009.000000000,17.60,36200,17.50,22700,,,0.760000000000000,,,,,,300,9,,7.90,3,cosecha,PROGRAMADA
2111,"BIO2,CP3,BSS-015,20",2026-06-16,27000,21.00,22958.000000000,25.30,22000,22.46,17375,,,0.680000000000000,,,,,,162,5,,5.88,2,cosecha,PROGRAMADA
2102,"BIO1,CP2,BG2-047,05",2026-06-15,40000,24.00,54762.000000000,23.00,42800,26.00,29425,,,0.560000000000000,,,,,,319,2,,10.80,1,cosecha,PROGRAMADA
2107,"BIO2,CP2,BA1-022,21",2026-06-16,32000,24.00,26569.000000000,23.46,25050,24.00,18800,,,0.860000000000000,,,,,,64,4,,4.67,2,cosecha,PROGRAMADA
1971,"BIO2,CP3,BSS-006,20",2026-05-25,17000,16.00,14947.000000000,15.50,13000,18.00,12325,,,0.620000000000000,,,,,,121,5,,4.86,2,cosecha,PROGRAMADA
2324,"BIO1,CP1,BG1-017,22",2026-08-03,36000,20.00,39204.000000000,19.20,19500,20.50,21400,,,1.000000000000000,,,,,,51,1,,8.42,1,cosecha,PROGRAMADA
1239,"BIO2,CP2,BA1-005,19",2025-12-09,39000,19.00,37422.000000000,18.68,40800,19.40,20075,20075.000,,0.430000000000000,,,,,,12,4,BA1-005,6.99,2,cosecha,PROGRAMADA
1390,"BIO2,CP2,BA1-003,19",2026-01-17,42000,24.00,43838.250540000,23.80,41450,23.00,26525,26525.000,,0.540000000000000,,,,,,6,4,BA1-003,5.57,2,cosecha,PROGRAMADA
1700,"BIO2,CP3,BSS-021,21",2026-04-08,12000,20.00,10651.000000000,23.80,10900,23.90,7525,,,0.690000000000000,,,,,,181,5,BSS-021,2.90,2,cosecha,PROGRAMADA
1698,"BIO1,CP1,BG1-012,21",2026-04-08,48000,20.00,54589.000000000,21.30,51050,21.60,33800,,,1.030000000000000,,,,,,37,1,BG1-012,7.75,1,cosecha,PROGRAMADA
1701,"BIO2,CP2,BA1-040,21",2026-04-07,8000,18.00,6191.000000000,19.50,4000,18.00,5575,,,1.000000000000000,,,,,,103,4,BA1-040,1.80,2,cosecha,PROGRAMADA
2114,"BIO3,CP3,PL2-005,21",2026-06-17,22000,20.00,20717.000000000,20.44,24100,21.95,14550,,,0.820000000000000,,,,,,129,10,,6.13,3,cosecha,PROGRAMADA
2112,"BIO2,CP3,BSS-017,20",2026-06-17,37000,21.00,33903.000000000,21.43,31800,22.00,22275,,,0.510000000000000,,,,,,169,5,,7.80,2,cosecha,PROGRAMADA
1820,"BIO2,CP2,BA1-001,21",2026-04-28,7000,11.00,32742.000000000,11.45,7000,11.00,14100,,,0.650000000000000,,,,,,1,4,,7.63,2,raleo,PROGRAMADA
1821,"BIO2,CP1,BSF-009,19",2026-04-28,8000,13.00,35939.000000000,15.20,9000,15.00,18000,,,0.700000000000000,,,,,,178,3,,7.15,2,raleo,PROGRAMADA
2113,"BIO3,CP2,PL1-034,21",2026-06-17,35000,24.00,39923.000000000,25.47,37500,24.50,21400,,,0.890000000000000,,,,,,283,9,,9.00,3,cosecha,PROGRAMADA
1822,"BIO2,CP1,BSF-017,19",2026-04-28,33000,25.00,34220.000000000,27.74,26040,25.00,18400,,,0.850000000000000,,,,,,212,3,,5.89,2,cosecha,PROGRAMADA
1823,"BIO3,CP2,PL1-009,20",2026-04-30,42000,23.00,44020.000000000,23.83,32850,21.70,19225,,,0.800000000000000,,,,,,252,9,,7.00,3,cosecha,PROGRAMADA
2242,"BIO2,CP2,BA1-006,22",2026-07-14,5000,15.00,19242.000000000,15.76,4400,15.00,6900,,,0.700000000000000,,,,,,15,4,,4.26,2,raleo,PROGRAMADA
1974,"BIO3,CP2,PL1-007,21",2026-05-24,6000,30.00,21171.000000000,30.01,6000,29.60,15900,,,1.000000000000000,,,,,,250,9,,4.00,3,raleo,PROGRAMADA
2325,"BIO3,CP1,PJF-003,22",,30000,27.00,36865.000000000,25.25,,,19675,,,,,,,,,10,8,,8.83,3,cosecha,PROGRAMADA
1973,"BIO2,CP2,BA1-001,21",2026-05-25,35000,21.00,39097.000000000,21.13,40250,21.00,29575,,,0.790000000000000,,,,,,1,4,,7.63,2,cosecha,PROGRAMADA
1278,"BIO2,CP2,BA1-034,18",2025-12-18,24000,20.00,21844.000000000,19.40,17950,20.00,10200,10200.000,,0.440000000000000,,,,,,84,4,BA1-034,6.81,2,cosecha,PROGRAMADA
1699,"BIO1,CP2,BG2-030,20",2026-04-08,50000,24.00,50350.000000000,26.00,48300,25.50,25525,,,1.090000000000000,,,,,,113,2,BG2-030,7.32,1,cosecha,PROGRAMADA
1335,"BIO2,CP1,BSF-025,18",2026-01-06,38000,21.00,34925.520115200,21.12,39400,21.40,21300,22075.000,,0.690000000000000,,,,,,220,3,BSF-025,5.77,2,cosecha,PROGRAMADA
2243,"BIO2,CP2,BA1-008,21",2026-07-14,8000,15.00,25733.000000000,15.67,7800,15.00,12425,,,0.700000000000000,,,,,,21,4,,5.73,2,raleo,PROGRAMADA
1412,"BIO2,CP1,BSF-034,18",2026-01-22,26000,23.00,22933.840921200,22.41,22800,24.11,12875,12875.000,,0.710000000000000,,,,,,229,3,BSF-034,4.22,2,cosecha,PROGRAMADA
1401,"BIO2,CP3,BSS-009,18",2026-01-21,28000,18.00,27996.215400000,18.00,27040,18.00,15650,15650.000,,0.480000000000000,,,,,,130,5,BSS-009,4.15,2,cosecha,PROGRAMADA
1380,"BIO2,CP3,BSS-043,19",2026-01-15,15000,21.00,13793.388544000,20.80,9900,21.00,7875,7875.000,,0.530000000000000,,,,,,244,5,BSS-043,1.88,2,cosecha,PROGRAMADA
1824,"BIO3,CP1,PJF-008,19",2026-04-30,27000,15.00,25726.000000000,15.10,27400,15.00,25900,,,0.720000000000000,,,,,,26,8,,9.66,3,cosecha,PROGRAMADA
1825,"BIO2,CP5,BSP-013,17",2026-04-29,26000,23.00,27369.000000000,22.80,25000,23.00,25500,,,1.410000000000000,,,,,,205,7,,4.95,2,cosecha,PROGRAMADA
2327,"BIO3,CP2,PL1-019,19",,32000,28.00,36661.000000000,28.81,,,19475,,,,,,,,,268,9,,5.55,3,cosecha,PROGRAMADA
1978,"BIO3,CP1,PJF-015,20",2026-05-25,12000,16.00,31056.000000000,14.00,10800,15.00,20225,,,0.900000000000000,,,,,,55,8,,7.74,3,raleo,PROGRAMADA
1979,"BIO2,CP3,BSS-033,20",2026-05-26,21000,19.00,18216.000000000,18.51,18950,19.00,11850,,,0.650000000000000,,,,,,233,5,,4.65,2,cosecha,PROGRAMADA
2115,"BIO2,CP1,BSF-013,21",2026-06-17,5500,12.00,25261.000000000,14.26,5400,11.85,16518,,,0.600000000000000,,,,,,206,3,,8.37,2,raleo,PROGRAMADA
2118,"BIO2,CP3,BSS-020,22",2026-06-18,13000,24.00,12323.000000000,23.88,10650,23.20,8350,,,0.660000000000000,,,,,,177,5,,3.04,2,cosecha,PROGRAMADA
2120,"BIO3,CP2,PL1-002,21",2026-06-19,16000,20.00,17297.000000000,19.59,19300,18.86,11475,,,0.890000000000000,,,,,,243,9,,4.50,3,cosecha,PROGRAMADA
2126,"BIO2,CP2,BA1-015,21",2026-06-19,17000,25.00,18617.000000000,26.00,20300,26.00,16925,,,0.740000000000000,,,,,,53,4,,4.06,2,cosecha,PROGRAMADA
2123,"BIO2,CP3,BSS-041,21",2026-06-19,18000,20.00,16713.000000000,22.05,17500,22.00,10300,,,0.520000000000000,,,,,,241,5,,3.82,2,cosecha,PROGRAMADA
2128,"BIO1,CP2,BG2-034,23",2026-06-20,50000,18.00,51535.000000000,18.10,43200,18.00,24975,,,1.050000000000000,,,,,,125,2,,8.61,1,cosecha,PROGRAMADA
2127,"BIO1,CP1,BG1-006,23",2026-06-19,35000,19.00,34574.000000000,19.80,31150,19.00,17675,,,1.370000000000000,,,,,,13,1,,5.11,1,cosecha,PROGRAMADA
1402,"BIO2,CP2,BA1-017,19",2026-01-20,23000,19.00,29815.010400000,21.00,24500,20.00,13550,13550.000,,0.650000000000000,,,,,,58,4,BA1-017,4.60,2,cosecha,PROGRAMADA
2328,"BIO3,CP3,PL2-008,22",,17000,18.00,113439.000000000,18.80,,,43025,,,,,,,,,139,10,,17.00,3,cosecha,PROGRAMADA
1702,"BIO1,CP2,BG2-038,20",2026-04-07,40000,24.00,45404.000000000,27.60,45950,24.00,25100,,,1.050000000000000,,,,,,137,2,BG2-038,5.74,1,cosecha,PROGRAMADA
1704,"BIO2,CP2,BA1-032,19",2026-04-07,15000,23.00,22530.000000000,23.70,12200,23.00,14300,,,0.700000000000000,,,,,,79,4,BA1-032,5.39,2,cosecha,PROGRAMADA
1703,"BIO2,CP3,BSS-019,20",2026-04-07,18000,21.00,24504.000000000,23.98,19450,23.90,11750,,,1.290000000000000,,,,,,174,5,BSS-019,3.09,2,cosecha,PROGRAMADA
1705,"BIO3,CP3,PL2-004,20",2026-04-07,28000,22.00,30476.000000000,24.00,28650,24.00,17450,,,0.800000000000000,,,,,,126,10,PL2-004,6.40,3,cosecha,PROGRAMADA
1826,"BIO1,CP1,BG1-007,21",2026-05-01,60000,19.00,58530.000000000,19.10,56800,21.00,28780,,,0.990000000000000,,,,,,16,1,,11.12,1,cosecha,PROGRAMADA
2116,"BIO2,CP1,BSF-014,30",2026-06-17,4300,15.00,17760.000000000,17.40,4200,15.35,12465,,,0.450000000000000,,,,,,209,3,,6.71,2,raleo,PROGRAMADA
1977,"BIO3,CP1,PJF-014,20",2026-05-25,11000,15.00,34794.000000000,13.70,6630,14.80,22750,,,0.780000000000000,,,,,,52,8,,7.68,3,raleo,PROGRAMADA
2121,"BIO3,CP3,PL2-002,21",2026-06-18,22000,26.00,21759.000000000,26.50,21450,25.70,15275,,,1.050000000000000,,,,,,120,10,,5.73,3,cosecha,PROGRAMADA
2117,"BIO1,CP2,BG2-044,06",2026-06-17,31000,19.00,38332.000000000,19.30,36300,19.60,21325,,,0.980000000000000,,,,,,316,2,,8.19,1,cosecha,PROGRAMADA
2125,"BIO2,CP2,BA1-005,22",2026-06-19,5000,16.00,23571.000000000,19.12,4800,17.50,22150,,,0.860000000000000,,,,,,12,4,,6.99,2,raleo,PROGRAMADA
2245,"BIO3,CP3,PL2-102,52",2026-07-16,4500,30.00,3626.000000000,29.50,4600,29.12,2450,,,2.210000000000000,,,,,,152,10,,1.36,3,cosecha,PROGRAMADA
2249,"BIO2,CP1,BSF-028,21",2026-07-15,28000,23.00,25951.000000000,22.36,29416,21.40,19721,,,0.620000000000000,,,,,,223,3,,6.42,2,cosecha,PROGRAMADA
2248,"BIO2,CP2,BA1-010,21",2026-07-16,5000,15.00,13480.000000000,14.01,5550,16.00,7225,,,0.660000000000000,,,,,,27,4,,3.01,2,raleo,PROGRAMADA
2244,"BIO2,CP5,BSP-007,17",2026-07-16,39000,20.00,36094.000000000,18.90,36900,20.00,21650,,,0.730000000000000,,,,,,182,7,,8.25,2,cosecha,PROGRAMADA
2250,"BIO2,CP1,BSF-012,21",2026-07-16,29000,23.00,24674.000000000,23.05,27400,24.00,17868,,,0.700000000000000,,,,,,203,3,,5.85,2,cosecha,PROGRAMADA
2251,"BIO2,CP5,BSP-011,09",2026-07-17,40000,20.00,40249.000000000,18.80,35350,18.50,21375,,,0.700000000000000,,,,,,199,7,,8.30,2,cosecha,PROGRAMADA
1709,"BIO3,CP2,PL1-002,20",2026-04-08,17000,21.00,19643.000000000,22.00,13500,22.81,10925,,,0.800000000000000,,,,,,243,9,PL1-002,4.50,3,cosecha,PROGRAMADA
1827,"BIO2,CP3,BSS-013,20",2026-05-01,38000,20.00,20401.000000000,20.03,30600,23.00,19375,,,0.870000000000000,,,,,,157,5,,4.62,2,cosecha,PROGRAMADA
1706,"BIO2,CP3,BSS-031,21",2026-04-09,13000,12.00,37917.000000000,13.00,13000,12.25,28700,,,0.790000000000000,,,,,,231,5,BSS-031,8.82,2,raleo,PROGRAMADA
2129,"BIO2,CP2,BA1-013,21",2026-06-19,22000,23.00,21368.000000000,24.21,25550,25.80,17625,,,0.850000000000000,,,,,,47,4,,4.71,2,cosecha,PROGRAMADA
1708,"BIO2,CP2,BA1-023,20",2026-04-09,11000,26.00,12642.000000000,27.49,8300,26.00,9550,,,0.900000000000000,,,,,,65,4,BA1-023,2.98,2,cosecha,PROGRAMADA
1445,"BIO1,CP2,BG2-024,18",2026-01-30,35000,23.00,40980.207100000,23.50,30200,22.00,15525,15525.000,,1.010000000000000,,,,,,95,2,BG2-024,7.91,1,cosecha,PROGRAMADA
1469,"BIO1,CP2,BG2-047,03",2026-02-06,43000,21.00,52381.296000000,22.00,38800,22.00,18925,18925.000,,0.560000000000000,,,,,,319,2,BG2-047,10.80,1,cosecha,PROGRAMADA
1457,"BIO2,CP5,BSP-009,07",2026-02-02,27000,19.00,25216.214800000,17.20,21400,18.50,15225,15225.000,,0.840000000000000,,,,,,189,7,BSP-009,4.75,2,cosecha,PROGRAMADA
1467,"BIO3,CP1,PJF-011,19",2026-02-06,31000,22.00,31299.848182800,23.58,27750,20.50,15750,15750.000,,0.600000000000000,,,,,,42,8,PJF-011,6.69,3,cosecha,PROGRAMADA
1470,"BIO3,CP2,PL1-001,19",2026-02-07,58000,28.00,57778.156800000,20.80,51050,22.00,29000,29000.000,,0.700000000000000,,,,,,207,9,PL1-001,9.00,3,cosecha,PROGRAMADA
1471,"BIO3,CP2,PL1-006,19",2026-02-07,28000,24.00,27619.228800000,24.00,28000,4828.00,16300,16300.000,,0.600000000000000,,,,,,249,9,PL1-006,5.80,3,cosecha,PROGRAMADA
1468,"BIO3,CP2,PL1-046,07",2026-02-06,37000,20.00,37103.418000000,20.00,38650,20.00,22425,22425.000,,0.700000000000000,,,,,,299,9,PL1-046,7.65,3,cosecha,PROGRAMADA
1450,"BIO3,CP3,PL2-011,19",2026-01-31,42000,23.00,43189.172208000,23.40,39200,23.00,21725,21725.000,,0.600000000000000,,,,,,156,10,PL2-011,6.44,3,cosecha,PROGRAMADA
1,"BIO2,CP1,BSF-020,12",2025-01-02,33000,23.00,34286.000000000,23.00,30750,,,20975.000,,,,,,,,215,3,BSF-020,6.54,2,cosecha,PROGRAMADA
1707,"BIO1,CP1,BG1-014,20",2026-04-09,25000,20.00,25247.000000000,20.00,31900,22.80,19625,,,1.220000000000000,,,,,,43,1,BG1-014,4.09,1,cosecha,PROGRAMADA
1710,"BIO3,CP3,PL2-005,20",2026-04-09,34000,23.00,37164.000000000,25.00,32400,27.73,19625,,,0.800000000000000,,,,,,129,10,PL2-005,6.13,3,cosecha,PROGRAMADA
1980,"BIO3,CP2,PL1-004,20",2026-05-23,42000,27.00,42795.000000000,24.65,41100,27.00,28950,,,0.670000000000000,,,,,,247,9,,10.50,3,cosecha,PROGRAMADA
1711,"BIO1,CP2,BG2-050,04",2026-04-09,30000,26.00,33730.000000000,25.50,27100,27.00,16050,,,0.800000000000000,,,,,,322,2,BG2-050,7.50,1,cosecha,PROGRAMADA
2,"BIO2,CP2,BA1-001,13",2025-01-02,55000,27.00,55736.000000000,,57700,,,35422.000,,,,,,,,1,4,BA1-001,7.63,2,cosecha,PROGRAMADA
2119,"BIO2,CP2,BA1-021,21",2026-06-18,19000,25.00,17035.000000000,25.68,16550,25.00,13625,,,0.850000000000000,,,,,,63,4,,3.54,2,cosecha,PROGRAMADA
3,"BIO2,CP4,BA2-043,11",2025-01-02,40000,18.00,45600.000000000,,38850,,,25100.000,,,,,,,,93,6,BA2-043,8.47,2,cosecha,PROGRAMADA
4,"BIO2,CP2,BA1-008,12",2025-01-03,35000,19.00,29990.000000000,,40600,,,26050.000,,,,,,,,21,4,BA1-008,5.73,2,cosecha,PROGRAMADA
5,"BIO3,CP2,PL1-036,14",2025-01-03,26000,17.00,,,28100,,,,,,,,,,,285,9,PL1-036,6.70,3,cosecha,PROGRAMADA
6,"BIO2,CP3,BSS-044,13",2025-01-03,3350,23.00,8378.000000000,23.82,8330,,,6050.000,,,,,,,,246,5,BSS-044,1.48,2,cosecha,PROGRAMADA
2124,"BIO2,CP5,BSP-005,35",2026-06-19,11000,16.00,10536.000000000,18.00,10250,16.90,7261,,,0.680000000000000,,,,,,176,7,,2.95,2,cosecha,PROGRAMADA
2246,"BIO2,CP5,BSP-016,04",2026-07-16,3700,15.00,13349.000000000,14.50,3600,15.30,7958,,,0.690000000000000,,,,,,325,7,,2.90,2,raleo,PROGRAMADA
2122,"BIO3,CP3,PL2-004,21",2026-06-19,24000,25.00,23338.000000000,23.63,21950,25.13,16025,,,0.780000000000000,,,,,,126,10,,6.40,3,cosecha,PROGRAMADA
7,"BIO2,CP5,BSP-012,9",2025-01-03,46000,19.00,,,46600,,,,,,,,,,,202,7,BSP-012,7.40,2,cosecha,PROGRAMADA
2329,"BIO3,CP1,PJF-010,20",,33000,21.00,35073.000000000,21.30,,,19625,,,,,,,,,32,8,,6.79,3,cosecha,PROGRAMADA
8,"BIO2,CP2,BA1-012,13",2025-01-04,33000,26.00,33300.000000000,,38150,,,23250.000,,,,,,,,44,4,BA1-012,4.54,2,cosecha,PROGRAMADA
9,"BIO3,CP2,PL1-034,13",2025-01-04,50000,,,,51150,,,,,,,,,,,283,9,PL1-034,9.00,3,cosecha,PROGRAMADA
10,"BIO2,CP2,BA1-003,13",2025-01-04,34000,23.00,33500.000000000,,34050,,,22655.000,,,,,,,,6,4,BA1-003,5.57,2,cosecha,PROGRAMADA
11,"BIO2,CP3,BSS-016,12",2025-01-04,35000,21.00,44548.000000000,23.22,29630,,,16925.000,,,,,,,,166,5,BSS-016,7.57,2,cosecha,PROGRAMADA
12,"BIO2,CP1,BSF-022,13",2025-01-04,36000,23.00,51041.000000000,23.18,34250,,,17375.000,,,,,,,,217,3,BSF-022,7.85,2,cosecha,PROGRAMADA
13,"BIO1,CP2,BG2-031,14",2025-01-04,16000,20.00,21510.000000000,19.73,19450,,,,,,,,,,,117,2,BG2-031,3.37,1,cosecha,PROGRAMADA
14,"BIO2,CP2,BA1-013,13",2025-01-05,35000,,33600.000000000,,38350,,,24775.000,,,,,,,,47,4,BA1-013,4.71,2,cosecha,PROGRAMADA
15,"BIO2,CP1,BSF-018,12",2025-01-05,35000,,40574.000000000,25.20,31800,,,20425.000,,,,,,,,213,3,BSF-018,5.74,2,cosecha,PROGRAMADA
16,"BIO2,CP2,BA1-017,13",2025-01-05,25000,20.00,22900.000000000,,26300,,,16075.000,,,,,,,,58,4,BA1-017,4.60,2,cosecha,PROGRAMADA
17,"BIO1,CP2,BG2-032,14",2025-01-05,48000,20.00,54483.000000000,17.38,48600,,,,,,,,,,,119,2,BG2-032,9.69,1,cosecha,PROGRAMADA
18,"BIO2,CP3,BSS-001,13",2025-01-05,26000,21.00,36761.000000000,21.77,22050,,,14450.000,,,,,,,,105,5,BSS-001,6.81,2,cosecha,PROGRAMADA
19,"BIO2,CP3,BSS-005,12",2025-01-06,25000,24.00,28232.000000000,24.35,23500,,,12250.000,,,,,,,,118,5,BSS-005,4.87,2,cosecha,PROGRAMADA
20,"BIO2,CP2,BA1-021,13",2025-01-07,24000,24.00,22800.000000000,,25700,,,16280.000,,,,,,,,63,4,BA1-021,3.54,2,cosecha,PROGRAMADA
21,"BIO2,CP3,BSS-032,12",2025-01-07,30000,22.00,41584.000000000,23.42,33500,,,19500.000,,,,,,,,232,5,BSS-032,7.89,2,cosecha,PROGRAMADA
22,"BIO3,CP1,PJF-010,12",2025-01-07,27000,21.00,,,23850,,,16125.000,,,,,,,,32,8,PJF-010,6.79,3,cosecha,PROGRAMADA
23,"BIO2,CP2,BA1-028,13",2025-01-07,35000,24.00,36950.000000000,,23050,,,13025.000,,,,,,,,70,4,BA1-028,5.49,2,cosecha,PROGRAMADA
24,"BIO3,CP2,PL1-026,13",2025-01-07,14000,20.00,,,11750,,,,,,,,,,,275,9,PL1-026,3.00,3,cosecha,PROGRAMADA
25,"BIO3,CP2,PL1-025,13",2025-01-07,20000,21.00,,,19550,,,,,,,,,,,274,9,PL1-025,4.00,3,cosecha,PROGRAMADA
26,"BIO2,CP1,BSF-027,12",2025-01-08,36000,25.00,53118.000000000,23.89,34500,,,24400.000,,,,,,,,222,3,BSF-027,6.81,2,cosecha,PROGRAMADA
27,"BIO2,CP2,BA1-022,13",2025-01-08,28000,22.00,26100.000000000,,28250,,,18825.000,,,,,,,,64,4,BA1-022,4.67,2,cosecha,PROGRAMADA
28,"BIO2,CP2,BA1-037,13",2025-01-08,13000,,14600.000000000,,11700,,,7575.000,,,,,,,,94,4,BA1-037,2.38,2,cosecha,PROGRAMADA
29,"BIO2,CP2,BA1-024,12",2025-01-08,25000,18.00,22600.000000000,,30150,,,19300.000,,,,,,,,66,4,BA1-024,4.30,2,cosecha,PROGRAMADA
30,"BIO3,CP2,PL1-035,13",2025-01-08,12000,17.00,,,11100,,,,,,,,,,,284,9,PL1-035,2.88,3,cosecha,PROGRAMADA
31,"BIO3,CP2,PL1-031,13",2025-01-08,16000,22.00,,,15850,,,,,,,,,,,280,9,PL1-031,3.20,3,cosecha,PROGRAMADA
32,"BIO1,CP1,BG1-009,14",2025-01-08,30000,21.00,34576.000000000,20.60,33400,,,,,,,,,,,22,1,BG1-009,4.90,1,cosecha,PROGRAMADA
33,"BIO2,CP3,BSS-029,13",2025-01-08,22000,20.00,24019.000000000,20.69,24850,,,11925.000,,,,,,,,204,5,BSS-029,5.04,2,cosecha,PROGRAMADA
34,"BIO2,CP2,BA1-039,12",2025-01-09,20000,21.00,19200.000000000,,19400,,,12955.000,,,,,,,,100,4,BA1-039,3.12,2,cosecha,PROGRAMADA
35,"BIO2,CP3,BSS-041,13",2025-01-09,20000,24.00,21946.000000000,24.00,21250,,,12575.000,,,,,,,,241,5,BSS-041,3.82,2,cosecha,PROGRAMADA
36,"BIO2,CP4,BA2-044,11",2025-01-09,66000,22.00,67600.000000000,,54950,,,39000.000,,,,,,,,96,6,BA2-044,11.30,2,cosecha,PROGRAMADA
37,"BIO2,CP2,BA1-023,13",2025-01-09,18000,22.00,16900.000000000,,20600,,,13000.000,,,,,,,,65,4,BA1-023,2.98,2,cosecha,PROGRAMADA
38,"BIO2,CP5,BSP-002,10",2025-01-09,23000,22.00,32661.000000000,19.70,21600,,,10775.000,,,,,,,,167,7,BSP-002,4.65,2,cosecha,PROGRAMADA
39,"BIO2,CP5,BSP-015,09",2025-01-09,32000,21.00,27748.000000000,15.40,29200,,,11800.000,,,,,,,,305,7,BSP-015,6.00,2,cosecha,PROGRAMADA
40,"BIO2,CP2,BA1-018,13",2025-01-10,37000,21.00,34700.000000000,,33000,,,21050.000,,,,,,,,60,4,BA1-018,6.28,2,cosecha,PROGRAMADA
41,"BIO2,CP3,BSS-040,13",2025-01-10,30000,22.00,36831.000000000,22.05,29800,,,15100.000,,,,,,,,240,5,BSS-040,7.03,2,cosecha,PROGRAMADA
42,"BIO3,CP2,PL1-020,10",2025-01-10,20000,,,,19950,,,,,,,,,,,269,9,PL1-020,5.00,3,cosecha,PROGRAMADA
43,"BIO3,CP2,PL1-006,13",2025-01-10,28000,18.00,,,26100,,,,,,,,,,,249,9,PL1-006,5.80,3,cosecha,PROGRAMADA
44,"BIO2,CP5,BSP-003,09",2025-01-10,40000,17.00,,,38300,,,,,,,,,,,170,7,BSP-003,6.50,2,cosecha,PROGRAMADA
45,"BIO2,CP2,BA1-020,13",2025-01-11,28000,19.00,28414.000000000,,36200,,,22050.000,,,,,,,,62,4,BA1-020,4.55,2,cosecha,PROGRAMADA
46,"BIO2,CP5,BSP-001,10",2025-01-11,20000,25.00,17054.000000000,24.00,15350,,,8900.000,,,,,,,,164,7,BSP-001,3.40,2,cosecha,PROGRAMADA
47,"BIO3,CP2,PL1-014,13",2025-01-11,30000,18.00,,,31450,,,,,,,,,,,263,9,PL1-014,6.76,3,cosecha,PROGRAMADA
48,"BIO3,CP3,PL2-008,13",2025-01-11,76000,22.00,69482.000000000,21.11,85350,,,46225.000,,,,,,,,139,10,PL2-008,17.00,3,cosecha,PROGRAMADA
49,"BIO3,CP2,PL1-029,13",2025-01-12,48000,18.00,,,50000,,,,,,,,,,,278,9,PL1-029,10.00,3,cosecha,PROGRAMADA
50,"BIO2,CP4,BA2-047,11",2025-01-12,40000,18.00,41250.000000000,,38500,,,,,,,,,,,106,6,BA2-047,7.44,2,cosecha,PROGRAMADA
51,"BIO3,CP3,PL2-011,13",2025-01-13,30000,22.00,24770.000000000,20.33,31150,,,,,,,,,,,156,10,PL2-011,6.44,3,cosecha,PROGRAMADA
52,"BIO2,CP4,BA2-048,12",2025-01-13,18000,20.00,,,16530,,,,,,,,,,,109,6,BA2-048,2.80,2,cosecha,PROGRAMADA
53,"BIO2,CP1,BSF-012,13",2025-01-14,32000,23.00,36839.000000000,22.45,30100,,,20575.000,,,,,,,,203,3,BSF-012,5.85,2,cosecha,PROGRAMADA
54,"BIO3,CP1,PJF-013,12",2025-01-14,18000,22.00,,,9040,,,15100.000,,,,,,,,48,8,PJF-013,5.90,3,cosecha,PROGRAMADA
55,"BIO1,CP2,BG2-042,13",2025-01-14,35000,19.00,32386.000000000,18.53,38100,,,23261.000,,,,,,,,149,2,BG2-042,6.62,1,cosecha,PROGRAMADA
56,"BIO3,CP2,PL1-013,11",2025-01-14,28000,17.00,,,32150,,,,,,,,,,,262,9,PL1-013,7.35,3,cosecha,PROGRAMADA
57,"BIO3,CP2,PL1-027,13",2025-01-14,30000,17.00,,,32260,,,,,,,,,,,276,9,PL1-027,7.00,3,cosecha,PROGRAMADA
58,"BIO3,CP2,PL1-015,11",2025-01-15,28000,16.00,,,29500,,,,,,,,,,,264,9,PL1-015,6.74,3,cosecha,PROGRAMADA
59,"BIO3,CP2,PL1-028,13",2025-01-15,20000,16.00,,,22400,,,,,,,,,,,277,9,PL1-028,5.50,3,cosecha,PROGRAMADA
60,"BIO2,CP1,BSF-016,13",2025-01-16,25000,26.00,36023.000000000,25.38,28900,,,19575.000,,,,,,,,211,3,BSF-016,5.06,2,cosecha,PROGRAMADA
61,"BIO2,CP4,BA2-046,11",2025-01-16,55000,22.00,,,54900,,,,,,,,,,,102,6,BA2-046,10.50,2,cosecha,PROGRAMADA
62,"BIO3,CP1,PJF-016,12",2025-01-16,25000,23.00,,,27450,,,18700.000,,,,,,,,57,8,PJF-016,7.40,3,cosecha,PROGRAMADA
63,"BIO2,CP3,BSS-008,13",2025-01-16,26000,20.00,26097.000000000,18.40,21250,,,10725.000,,,,,,,,127,5,BSS-008,5.32,2,cosecha,PROGRAMADA
64,"BIO1,CP1,BG1-016,13",2025-01-16,55000,16.00,46697.000000000,14.00,54900,,,31475.000,,,,,,,,49,1,BG1-016,11.23,1,cosecha,PROGRAMADA
65,"BIO2,CP1,BSF-035,13",2025-01-18,30000,24.00,29182.000000000,24.93,29700,,,16775.000,,,,,,,,230,3,BSF-035,5.66,2,cosecha,PROGRAMADA
66,"BIO1,CP2,BG2-041,13",2025-01-18,38000,19.00,34668.000000000,19.00,39200,,,25201.000,,,,,,,,146,2,BG2-041,6.38,1,cosecha,PROGRAMADA
67,"BIO2,CP1,BSF-015,13",2025-01-19,34000,24.00,36377.000000000,25.30,29000,,,21500.000,,,,,,,,210,3,BSF-015,6.88,2,cosecha,PROGRAMADA
68,"BIO1,CP1,BG1-012,14",2025-01-19,35000,18.00,32538.000000000,17.35,33700,,,20175.000,,,,,,,,37,1,BG1-012,7.75,1,cosecha,PROGRAMADA
69,"BIO1,CP1,BG1-017,13",2025-01-20,43000,20.00,42679.000000000,19.20,38150,,,25900.000,,,,,,,,51,1,BG1-017,8.42,1,cosecha,PROGRAMADA
70,"BIO2,CP1,BSF-028,13",2025-01-20,30000,22.00,34215.000000000,23.75,31800,,,20675.000,,,,,,,,223,3,BSF-028,6.42,2,cosecha,PROGRAMADA
71,"BIO3,CP1,PJF-002,13",2025-01-21,38000,20.00,,,30850,,,23450.000,,,,,,,,7,8,PJF-002,9.08,3,cosecha,PROGRAMADA
72,"BIO2,CP3,BSS-026,13",2025-01-21,30000,20.00,33339.000000000,19.50,32700,,,17475.000,,,,,,,,195,5,BSS-026,7.13,2,cosecha,PROGRAMADA
73,"BIO2,CP1,BSF-029,13",2025-01-21,30000,22.00,35814.000000000,24.00,36000,,,16900.000,,,,,,,,224,3,BSF-029,6.65,2,cosecha,PROGRAMADA
74,"BIO2,CP2,BA1-025,13",2025-01-21,23000,17.00,23100.000000000,,22000,,,14800.000,,,,,,,,67,4,BA1-025,4.67,2,cosecha,PROGRAMADA
75,"BIO2,CP4,BA2-050,12",2025-01-22,45000,17.00,,,39200,,,,,,,,,,,115,6,BA2-050,8.55,2,cosecha,PROGRAMADA
76,"BIO2,CP3,BSS-039,13",2025-01-22,31000,20.00,29150.000000000,17.68,28000,,,14525.000,,,,,,,,239,5,BSS-039,6.74,2,cosecha,PROGRAMADA
77,"BIO1,CP1,BG1-011,13",2025-01-22,50000,20.00,60281.000000000,21.20,48350,,,26225.000,,,,,,,,34,1,BG1-011,10.77,1,cosecha,PROGRAMADA
78,"BIO3,CP2,PL1-001,13",2025-01-22,36000,18.50,33300.000000000,18.50,41350,18.50,,21350.000,,,2,10,Alto,529.00,13,207,9,PL1-001,9.00,3,cosecha,PROGRAMADA
79,"BIO2,CP2,BA1-014,13",2025-01-23,35000,18.00,35620.000000000,,40950,,,24750.000,,,,,,,,50,4,BA1-014,7.25,2,cosecha,PROGRAMADA
80,"BIO1,CP1,BG1-010,12",2025-01-23,40000,20.00,38071.000000000,20.00,36700,20.50,,21475.000,,,2,7,Alto,397.00,12,25,1,BG1-010,7.21,1,cosecha,PROGRAMADA
81,"BIO3,CP3,PL2-004,13",2025-01-23,32000,21.00,28412.000000000,20.18,31500,20.56,,,,,1,7,Alto,442.00,14,126,10,PL2-004,6.40,3,cosecha,PROGRAMADA
82,"BIO3,CP2,PL1-002,13",2025-01-23,20000,18.00,,,21900,19.02,,,,,1,5,Alto,267.00,14,243,9,PL1-002,4.50,3,cosecha,PROGRAMADA
83,"BIO2,CP2,BA1-026,13",2025-01-23,26000,18.00,24100.000000000,,22200,,,15575.000,,,,,,,,68,4,BA1-026,4.91,2,cosecha,PROGRAMADA
84,"BIO2,CP5,BSP-010,01",2025-01-23,30000,15.00,26933.000000000,25.50,25800,14.40,,13550.000,,,,,,,,193,7,BSP-010,6.45,2,cosecha,PROGRAMADA
85,"BIO2,CP2,BA1-015,13",2025-01-24,22000,19.00,21400.000000000,,30600,,15755,14925.000,,,,,,,,53,4,BA1-015,4.06,2,cosecha,PROGRAMADA
86,"BIO1,CP2,BG2-040,14",2025-01-24,35000,23.00,39459.000000000,22.49,38550,23.30,21725,22600.000,,,2,9,Normal,436.00,12,143,2,BG2-040,6.38,1,cosecha,PROGRAMADA
87,"BIO3,CP3,PL2-005,13",2025-01-24,32000,19.00,27602.000000000,18.44,33400,18.33,18475,18525.000,,,,,,,,129,10,PL2-005,6.13,3,cosecha,PROGRAMADA
88,"BIO3,CP2,PL1-005,13",2025-01-24,24000,16.00,22283.000000000,16.55,27100,15.07,13725,13725.000,,,1,5,Alto,416.00,12,248,9,PL1-005,6.00,3,cosecha,PROGRAMADA
89,"BIO3,CP3,PL2-002,13",2025-01-25,28000,22.00,28099.000000000,22.07,30200,19.60,15950,15950.000,,,,,,,,120,10,PL2-002,5.73,3,cosecha,PROGRAMADA
91,"BIO3,CP2,PL1-017,11",2025-01-25,22000,14.50,22021.000000000,17.00,23900,14.52,14000,13850.000,,,,,,,,266,9,PL1-017,6.40,3,cosecha,PROGRAMADA
92,"BIO1,CP1,BG1-014,13",2025-01-26,28000,16.00,21594.000000000,16.00,26300,17.09,16500,16500.000,,,,,,,,43,1,BG1-014,4.09,1,cosecha,PROGRAMADA
93,"BIO3,CP2,PL1-009,13",2025-01-26,22000,15.00,19633.000000000,15.00,24900,13.56,11925,11875.000,,,,,,,,252,9,PL1-009,7.00,3,cosecha,PROGRAMADA
94,"BIO3,CP2,PL1-030,14",2025-01-26,18000,13.00,16968.000000000,13.18,20750,12.55,9850,10000.000,,,,,,,,279,9,PL1-030,4.40,3,cosecha,PROGRAMADA
96,"BIO1,CP2,BG2-034,15",2025-01-27,45000,20.00,48685.000000000,19.77,44700,19.84,22150,21275.000,,,2,11,Normal,614.00,13,125,2,BG2-034,8.61,1,cosecha,PROGRAMADA
97,"BIO3,CP2,PL1-018,11",2025-01-27,18000,18.00,17020.000000000,18.09,18750,17.08,10625,11300.000,,,,,,,,267,9,PL1-018,4.55,3,cosecha,PROGRAMADA
98,"BIO3,CP2,PL1-033,13",2025-01-27,25000,16.00,24097.000000000,15.58,31500,15.36,14675,14900.000,,,,,,,,282,9,PL1-033,7.40,3,cosecha,PROGRAMADA
99,"BIO2,CP3,BSS-034,13",2025-01-28,27000,28.00,32179.000000000,27.25,25500,27.00,13637,13950.000,,,1,5,Normal,344.00,13,234,5,BSS-034,4.97,2,cosecha,PROGRAMADA
100,"BIO1,CP2,BG2-039,13",2025-01-28,30000,17.00,29672.000000000,16.44,40050,17.75,21500,22.375,,,1,6,Normal,525.00,13,140,2,BG2-039,5.86,1,cosecha,PROGRAMADA
101,"BIO2,CP3,BSS-023,13",2025-01-28,15000,20.00,14470.000000000,20.00,15750,21.00,8052,8600.000,,,,,,,,187,5,BSS-023,2.38,2,cosecha,PROGRAMADA
102,"BIO2,CP2,BA1-034,13",2025-01-28,36000,19.00,34200.000000000,,40700,,21410,21775.000,,,,,,,,84,4,BA1-034,6.81,2,cosecha,PROGRAMADA
103,"BIO3,CP2,PL1-042,02",2025-01-28,20000,18.00,18671.000000000,17.32,23400,16.93,12800,12850.000,,,,,,,,295,9,PL1-042,7.00,3,cosecha,PROGRAMADA
104,"BIO3,CP2,PL1-016,11",2025-01-28,22000,19.00,21923.000000000,18.97,23850,18.22,13675,14.175,,,,,,,,265,9,PL1-016,6.18,3,cosecha,PROGRAMADA
105,"BIO2,CP2,BA1-033,13",2025-01-29,26000,17.00,25300.000000000,,27900,,15765,15400.000,,,,,,,,82,4,BA1-033,5.05,2,cosecha,PROGRAMADA
106,"BIO3,CP2,PL1-040,02",2025-01-29,20000,18.00,21483.000000000,18.50,23500,17.22,13100,13000.000,,,,,,,,293,9,PL1-040,7.00,3,cosecha,PROGRAMADA
107,"BIO2,CP1,BSF-019,13",2025-01-29,33000,20.00,32770.000000000,20.12,31000,21.67,16600,17100.000,,,1,8,Normal,425.00,12,214,3,BSF-019,6.73,2,cosecha,PROGRAMADA
108,"BIO3,CP1,PJF-012,17",2025-01-30,25000,21.00,,,26400,21.60,22400,22025.000,,,,,,,,45,8,PJF-012,6.83,3,cosecha,PROGRAMADA
109,"BIO1,CP2,BG2-026,13",2025-01-30,34650,24.00,46808.000000000,23.07,31750,22.83,18975,19255.000,,,2,8,Alto,425.00,13,101,2,BG2-026,6.36,1,cosecha,PROGRAMADA
110,"BIO2,CP3,BSS-022,14",2025-01-30,15000,17.00,16000.000000000,18.65,17450,18.50,9414,10925.000,,,,3,Bajo,275.00,,184,5,BSS-022,2.45,2,cosecha,PROGRAMADA
111,"BIO2,CP2,BA1-035,13",2025-01-30,25000,18.00,26064.000000000,,30100,19.00,16565,16475.000,,,,6,Normal,475.00,,88,4,BA1-035,5.05,2,cosecha,PROGRAMADA
112,"BIO3,CP2,PL1-041,02",2025-01-30,20000,19.00,22296.000000000,19.20,24200,15.85,13100,13050.000,,,,,,,,294,9,PL1-041,7.00,3,cosecha,PROGRAMADA
113,"BIO2,CP1,BSF-002,15",2025-01-30,32000,20.00,30936.000000000,19.82,29100,21.48,14750,15250.000,,,2,8,Alto,425.00,12,155,3,BSF-002,6.45,2,cosecha,PROGRAMADA
114,"BIO2,CP5,BSP-014,09",2025-01-30,25000,24.00,21404.000000000,23.50,18300,22.80,8725,9025.000,,,,,,,,292,7,BSP-014,6.90,2,cosecha,PROGRAMADA
115,"BIO2,CP1,BSF-031,13",2025-01-31,35000,23.00,40315.000000000,22.49,37350,22.67,19550,19900.000,,,1,8,Normal,450.00,11,226,3,BSF-031,7.76,2,cosecha,PROGRAMADA
116,"BIO2,CP2,BA1-030,13",2025-01-31,35000,19.00,36854.000000000,,35300,,21800,21400.000,,,,,,,,73,4,BA1-030,6.98,2,cosecha,PROGRAMADA
117,"BIO3,CP2,PL1-043,02",2025-01-31,22000,21.00,22484.000000000,20.42,23150,18.89,12975,12975.000,,,,,,,,296,9,PL1-043,7.00,3,cosecha,PROGRAMADA
118,"BIO3,CP1,PJF-017,12",2025-02-01,21000,18.00,21223.000000000,17.20,28100,18.00,24475,23825.000,,,1,8,Normal,325.00,13,59,8,PJF-017,7.56,3,cosecha,PROGRAMADA
119,"BIO3,CP1,PJF-007,13",2025-02-01,19000,21.00,19608.000000000,20.30,25178,21.00,20700,20700.000,,,,,,,,23,8,PJF-007,5.91,3,cosecha,PROGRAMADA
120,"BIO2,CP1,BSF-030,13",2025-02-01,32000,25.00,28048.000000000,21.68,31550,27.83,18000,17450.000,,,1,6,Normal,415.40,13,225,3,BSF-030,5.88,2,cosecha,PROGRAMADA
121,"BIO2,CP2,BA1-005,14",2025-02-01,35000,16.00,36600.000000000,17.00,37100,17.00,16675,15625.000,,,,,,,,12,4,BA1-005,6.99,2,cosecha,PROGRAMADA
122,"BIO2,CP1,BSF-034,13",2025-02-02,21000,23.00,21041.000000000,23.73,21980,23.32,12750,13275.000,,,1,5,Bajo,250.00,12,229,3,BSF-034,4.22,2,cosecha,PROGRAMADA
123,"BIO2,CP2,BA1-002,13",2025-02-02,40000,21.00,39085.000000000,21.00,36100,21.00,20095,19975.000,,,,,,,,4,4,BA1-002,7.05,2,cosecha,PROGRAMADA
124,"BIO2,CP5,BSP-007,9",2025-02-02,43000,18.00,41763.000000000,17.70,41850,17.00,18600,21200.000,,,,,,,,182,7,BSP-007,8.25,2,cosecha,PROGRAMADA
125,"BIO3,CP1,PJF-003,14",2025-02-03,29000,22.00,31082.000000000,20.00,32650,20.00,25475,24875.000,,,2,10,Normal,375.00,10,10,8,PJF-003,8.83,3,cosecha,PROGRAMADA
126,"BIO1,CP2,BG2-036,13",2025-02-03,28000,16.00,23946.000000000,18.20,31800,18.86,18050,19125.000,,,1,6,Alto,300.00,13,131,2,BG2-036,5.20,1,cosecha,PROGRAMADA
127,"BIO2,CP2,BA1-007,14",2025-02-03,18000,19.00,18600.000000000,19.00,18750,21.00,10750,10725.000,,,,,,,,18,4,BA1-007,3.02,2,cosecha,PROGRAMADA
128,"BIO1,CP1,BG1-008,14",2025-02-03,28000,16.00,34434.000000000,14.50,31250,15.60,16300,16850.000,,,2,8,Normal,454.00,14,19,1,BG1-008,7.71,1,cosecha,PROGRAMADA
129,"BIO2,CP1,BSF-032,13",2025-02-04,21000,23.00,20796.000000000,23.40,22850,22.28,12825,12750.000,,,1,5,Normal,225.00,12,227,3,BSF-032,4.23,2,cosecha,PROGRAMADA
130,"BIO1,CP2,BG2-029,13",2025-02-04,40000,18.00,51412.000000000,18.28,38750,18.34,22925,22350.000,,,2,8,Alto,436.00,13,110,2,BG2-029,7.99,1,cosecha,PROGRAMADA
131,"BIO1,CP1,BG1-003,13",2025-02-04,38000,16.00,33801.000000000,15.70,36250,16.00,20225,20425.000,,,2,7,Normal,458.00,14,5,1,BG1-003,6.99,1,cosecha,PROGRAMADA
132,"BIO1,CP2,BG2-027,14",2025-02-05,28000,19.00,30031.000000000,19.18,35000,20.36,17650,17675.000,,,2,8,Normal,380.00,13,104,2,BG2-027,6.47,1,cosecha,PROGRAMADA
134,"BIO2,CP5,BSP-013,10",2025-02-05,32000,16.00,32931.000000000,18.90,29350,18.10,14350,14350.000,,,1,4,Normal,475.00,13,205,7,BSP-013,4.95,2,cosecha,PROGRAMADA
135,"BIO2,CP3,BSS-003,13",2025-02-06,17000,19.00,18016.000000000,19.48,21450,20.00,11142,10300.000,,,1,3,Normal,278.00,13,111,5,BSS-003,2.94,2,cosecha,PROGRAMADA
136,"BIO2,CP3,BSS-027,13",2025-02-06,30000,26.00,28900.000000000,26.00,33350,26.00,17049,17050.000,,,1,4,Normal,385.00,13,198,5,BSS-027,6.22,2,cosecha,PROGRAMADA
137,"BIO2,CP1,BSF-021,13",2025-02-06,28000,23.00,30270.000000000,23.38,27800,24.52,15375,15275.000,,,1,7,Normal,336.00,10,216,3,BSF-021,5.35,2,cosecha,PROGRAMADA
138,"BIO1,CP1,BG1-002,15",2025-02-06,13000,17.00,9574.000000000,17.20,11200,18.60,7775,7750.000,,,1,3,Normal,228.80,13,2,1,BG1-002,2.53,1,cosecha,PROGRAMADA
139,"BIO2,CP2,BA1-009,13",2025-02-06,19000,20.00,18973.000000000,20.00,23400,21.00,13025,12400.000,,,1,4,Normal,303.00,8,24,4,BA1-009,3.08,2,cosecha,PROGRAMADA
140,"BIO1,CP2,BG2-021,14",2025-02-06,33000,17.00,30866.000000000,16.96,33300,20.40,19400,19475.000,,,1,8,Bajo,400.00,12,86,2,BG2-021,7.52,1,cosecha,PROGRAMADA
141,"BIO3,CP2,PL1-010,14",2025-02-06,30000,16.00,23602.000000000,15.84,26050,16.00,17025,17025.000,,,2,5,Normal,353.00,13,253,9,PL1-010,8.30,3,cosecha,PROGRAMADA
142,"BIO2,CP3,BSS-042,13",2025-02-07,11000,22.00,10693.000000000,21.82,16200,21.00,9379,8325.000,,,1,3,Normal,175.00,14,242,5,BSS-042,2.97,2,cosecha,PROGRAMADA
143,"BIO2,CP3,BSS-043,14",2025-02-07,10000,27.00,11730.000000000,26.26,10950,26.00,6463,5900.000,,,1,2,Normal,128.00,14,244,5,BSS-043,1.88,2,cosecha,PROGRAMADA
144,"BIO2,CP2,BA1-010,13",2025-02-07,23000,21.00,20535.000000000,21.00,23050,21.00,12525,12575.000,,,1,4,Normal,300.00,12,27,4,BA1-010,3.01,2,cosecha,PROGRAMADA
145,"BIO1,CP2,BG2-033,14",2025-02-07,24000,21.00,29392.000000000,20.09,26600,20.68,13100,13000.000,,,2,8,Normal,300.00,12,122,2,BG2-033,7.00,1,cosecha,PROGRAMADA
146,"BIO2,CP3,BSS-002,13",2025-02-08,22000,21.00,23842.000000000,21.00,31200,21.00,16054,15475.000,,,1,6,Normal,356.00,10,108,5,BSS-002,5.64,2,cosecha,PROGRAMADA
147,"BIO2,CP4,BA2-045,12",2025-02-08,55000,17.00,55440.000000000,18.00,61300,18.00,34200,34100.000,,,2,12,Normal,991.80,12,99,6,BA2-045,10.00,2,cosecha,PROGRAMADA
148,"BIO2,CP3,BSS-018,14",2025-02-11,20000,28.00,19582.000000000,28.50,16300,28.00,12811,14200.000,,,1,5,Normal,238.90,13,172,5,BSS-018,4.43,2,cosecha,PROGRAMADA
149,"BIO3,CP1,PJF-008,13",2025-02-12,28000,19.00,29750.000000000,20.00,32665,20.00,24025,22600.000,,,2,10,Normal,486.32,11,26,8,PJF-008,9.66,3,cosecha,PROGRAMADA
150,"BIO2,CP1,BSF-003,14",2025-02-13,30000,25.00,33494.000000000,26.30,33150,25.00,18250,18125.000,,,2,8,Normal,325.00,9,158,3,BSF-003,6.03,2,cosecha,PROGRAMADA
151,"BIO2,CP3,BSS-006,13",2025-02-13,15000,31.00,13407.000000000,32.30,12300,32.00,8350,8850.000,,,1,5,Normal,154.50,11,121,5,BSS-006,4.86,2,cosecha,PROGRAMADA
152,"BIO2,CP3,BSS-019,14",2025-02-13,15000,17.00,15647.000000000,16.50,15500,17.00,9745,9225.000,,,1,4,Normal,234.00,14,174,5,BSS-019,3.09,2,cosecha,PROGRAMADA
153,"BIO2,CP2,BA1-016,13",2025-02-13,45000,24.00,46400.000000000,24.00,46700,23.77,23325,22725.000,,,2,8,Normal,539.30,11,56,4,BA1-016,6.76,2,cosecha,PROGRAMADA
154,"BIO3,CP3,PL2-003,13",2025-02-13,32000,26.00,29620.000000000,25.51,32050,25.50,17600,17650.000,,3.000000000000000,1,7,Normal,450.00,12,123,10,PL2-003,4.57,3,cosecha,PROGRAMADA
155,"BIO1,CP1,BG1-007,14",2025-02-13,48000,18.00,48170.000000000,17.90,46300,17.60,26275,26250.000,,,2,12,Normal,661.71,14,16,1,BG1-007,11.12,1,cosecha,PROGRAMADA
156,"BIO2,CP1,BSF-024,13",2025-02-14,36000,23.00,37648.000000000,23.61,33200,23.75,20175,19625.000,,,2,8,Normal,298.50,10,219,3,BSF-024,7.67,2,cosecha,PROGRAMADA
157,"BIO3,CP1,PJF-014,13",2025-02-14,27000,22.00,32525.000000000,25.00,32250,25.00,20600,20025.000,,,1,8,Normal,450.00,12,52,8,PJF-014,7.68,3,cosecha,PROGRAMADA
158,"BIO2,CP5,BSP-011,01",2025-02-14,48000,18.00,48900.000000000,20.60,45250,19.10,25100,25050.000,,,1,8,Normal,600.00,,199,7,BSP-011,8.30,2,cosecha,PROGRAMADA
159,"BIO2,CP4,BA2-042,12",2025-02-14,55000,19.00,70392.000000000,21.59,40600,21.00,30800,30634.000,,,2,12,Normal,700.00,13,90,6,BA2-042,11.40,2,cosecha,PROGRAMADA
160,"BIO3,CP3,PL2-001,13",2025-02-14,16000,23.00,14244.000000000,22.70,16550,23.57,9250,9250.000,,5.000000000000000,1,3,Normal,200.00,10,116,10,PL2-001,2.01,3,cosecha,PROGRAMADA
161,"BIO2,CP1,BSF-025,13",2025-02-15,25000,22.00,28286.000000000,23.58,25250,22.00,12375,12575.000,,,1,6,Normal,257.80,12,220,3,BSF-025,5.77,2,cosecha,PROGRAMADA
162,"BIO2,CP3,BSS-009,13",2025-02-15,25000,26.00,25678.000000000,25.00,16350,25.00,12385,12200.000,,,1,5,Normal,330.00,13,130,5,BSS-009,4.15,2,cosecha,PROGRAMADA
163,"BIO2,CP3,BSS-010,13",2025-02-15,16000,21.00,16468.000000000,19.85,16250,19.80,8945,9025.000,,,1,5,Normal,251.00,13,132,5,BSS-010,2.65,2,cosecha,PROGRAMADA
164,"BIO3,CP3,PL2-006,13",2025-02-15,56000,23.00,52900.000000000,23.59,65200,23.19,30225,30225.000,,,2,12,Normal,835.00,12,133,10,PL2-006,12.14,3,cosecha,PROGRAMADA
165,"BIO2,CP4,BA2-041,12",2025-02-15,60000,19.00,51630.000000000,19.08,41300,18.08,25925,25575.000,,,2,10,Normal,590.60,13,87,6,BA2-041,8.20,2,cosecha,PROGRAMADA
166,"BIO3,CP1,PJF-015,13",2025-02-16,15000,26.00,17879.000000000,25.00,22150,25.00,16250,15650.000,,,1,8,Normal,290.00,12,55,8,PJF-015,7.74,3,cosecha,PROGRAMADA
167,"BIO2,CP3,BSS-033,13",2025-02-16,22000,19.00,23631.000000000,22.00,19350,22.00,13465,12450.000,,,1,5,Normal,312.70,13,233,5,BSS-033,4.65,2,cosecha,PROGRAMADA
168,"BIO1,CP2,BG2-038,14",2025-02-16,28000,19.00,26962.000000000,19.41,31300,18.13,17775,17950.000,,,1,6,Normal,410.00,13,137,2,BG2-038,5.74,1,cosecha,PROGRAMADA
169,"BIO3,CP2,PL1-022,14",2025-02-16,26000,23.00,18395.000000000,22.69,23050,22.45,12250,12250.000,,,,,,,,271,9,PL1-022,5.00,3,cosecha,PROGRAMADA
385,"BIO3,CP1,PJF-015,14",2025-04-24,26000,21.00,26900.000000000,21.00,27200,21.30,11450,11250.000,,7.000000000000000,,,,,,55,8,PJF-015,7.74,3,cosecha,PROGRAMADA
170,"BIO2,CP3,BSS-038,13",2025-02-17,25000,27.00,26353.000000000,27.50,23250,27.00,12715,13150.000,,,1,5,Normal,356.00,13,238,5,BSS-038,4.30,2,cosecha,PROGRAMADA
171,"BIO2,CP3,BSS-014,13",2025-02-17,25000,19.00,23330.000000000,20.00,20200,19.00,12445,13025.000,,,1,6,Normal,338.00,13,159,5,BSS-014,5.05,2,cosecha,PROGRAMADA
172,"BIO1,CP2,BG2-024,13",2025-02-17,45000,18.00,42976.000000000,21.00,33750,18.49,21825,22300.000,,,2,8,Alto,521.00,14,95,2,BG2-024,7.91,1,cosecha,PROGRAMADA
173,"BIO3,CP2,PL1-024,14",2025-02-17,32000,21.00,28718.000000000,20.64,32600,19.05,17025,17025.000,,,1,6,Normal,425.00,13,273,9,PL1-024,6.50,3,cosecha,PROGRAMADA
174,"BIO2,CP3,BSS-012,13",2025-02-18,27000,21.00,27166.000000000,22.00,22341,20.00,15575,14425.000,,,1,6,Normal,392.00,13,154,5,BSS-012,5.60,2,cosecha,PROGRAMADA
175,"BIO2,CP3,BSS-035,13",2025-02-18,21000,21.00,23043.000000000,22.00,18950,22.00,13550,12625.000,,,1,5,Normal,291.40,13,235,5,BSS-035,4.60,2,cosecha,PROGRAMADA
176,"BIO2,CP1,BSF-007,12",2025-02-19,32000,22.00,32647.000000000,24.42,25740,22.30,17700,17050.000,,3.000000000000000,2,8,Normal,256.50,11,171,3,BSF-007,6.33,2,cosecha,PROGRAMADA
177,"BIO2,CP3,BSS-015,13",2025-02-19,22000,22.00,23285.000000000,24.00,22410,24.00,14365,14075.000,,4.000000000000000,2,6,Normal,296.00,13,162,5,BSS-015,5.88,2,cosecha,PROGRAMADA
178,"BIO3,CP1,PJF-011,14",2025-02-19,27000,21.00,25333.000000000,22.50,25450,22.00,17875,16975.000,,,1,7,Normal,325.00,13,42,8,PJF-011,6.69,3,cosecha,PROGRAMADA
179,"BIO2,CP2,BA1-019,13",2025-02-19,22000,20.00,18974.000000000,20.00,21300,23.42,12375,12375.000,,,1,4,Normal,260.00,8,61,4,BA1-019,3.08,2,cosecha,PROGRAMADA
180,"BIO3,CP2,PL1-019,11",2025-02-20,30000,17.00,22329.000000000,16.55,21700,15.60,13075,12900.000,,5.000000000000000,1,5,Normal,325.00,12,268,9,PL1-019,5.55,3,cosecha,PROGRAMADA
181,"BIO2,CP2,BA1-032,13",2025-02-20,35000,22.00,33914.000000000,22.00,34000,25.02,20137,20075.000,,,1,6,Normal,468.00,13,79,4,BA1-032,5.39,2,cosecha,PROGRAMADA
182,"BIO2,CP2,BA1-038,13",2025-02-21,16000,20.00,16359.000000000,22.00,14150,21.97,8575,8575.000,,,1,3,Normal,254.00,16,97,4,BA1-038,2.60,2,cosecha,PROGRAMADA
183,"BIO3,CP1,PJF-001,13",2025-02-22,24000,23.00,22655.000000000,23.00,24000,23.00,14200,13375.000,,,1,8,Normal,281.00,13,3,8,PJF-001,8.40,3,cosecha,PROGRAMADA
184,"BIO2,CP2,BA1-036,14",2025-02-22,18000,21.00,15280.000000000,22.00,12800,26.38,7000,7000.000,,,1,3,Normal,250.00,13,91,4,BA1-036,2.87,2,cosecha,PROGRAMADA
185,"BIO2,CP1,BSF-006,13",2025-02-23,42000,26.00,44836.000000000,25.91,37900,25.75,24275,24950.000,,,1,10,Normal,400.00,,168,3,BSF-006,8.74,2,cosecha,PROGRAMADA
186,"BIO1,CP2,BG2-037,15",2025-02-24,35000,20.00,34345.000000000,19.49,34850,19.38,18700,18425.000,,,1,5,Alto,443.00,14,134,2,BG2-037,5.34,1,cosecha,PROGRAMADA
187,"BIO2,CP2,BA1-029,13",2025-02-24,35000,21.00,30686.000000000,20.00,27350,20.77,13875,13875.000,,,2,8,Normal,460.90,13,72,4,BA1-029,6.34,2,cosecha,PROGRAMADA
188,"BIO2,CP1,BSF-009,12",2025-02-25,35000,22.00,36568.000000000,25.83,39700,24.76,24450,23575.000,,,2,8,Normal,299.41,11,178,3,BSF-009,7.15,2,cosecha,PROGRAMADA
189,"BIO2,CP3,BSS-031,15",2025-02-25,32000,27.00,32220.000000000,27.00,32100,27.00,19950,18075.000,,,2,10,Normal,214.50,13,231,5,BSS-031,8.82,2,cosecha,PROGRAMADA
190,"BIO3,CP2,PL1-003,13",2025-02-25,20000,21.00,17048.000000000,20.34,21650,20.33,10900,10900.000,,,1,5,Normal,277.00,11,245,9,PL1-003,4.30,3,cosecha,PROGRAMADA
191,"BIO3,CP2,PL1-004,13",2025-02-26,44000,21.00,36555.000000000,20.96,45000,19.45,21875,21875.000,,,1,8,Normal,500.00,10,247,9,PL1-004,10.50,3,cosecha,PROGRAMADA
192,"BIO2,CP2,BA1-006,14",2025-02-26,25000,17.00,22699.000000000,17.30,22500,17.00,10870,10450.000,,,1,5,Normal,300.00,13,15,4,BA1-006,4.26,2,cosecha,PROGRAMADA
193,"BIO3,CP2,PL1-007,14",2025-02-27,24000,19.00,19818.000000000,20.38,22350,20.48,12425,12425.000,,,1,5,Normal,300.00,11,250,9,PL1-007,4.00,3,cosecha,PROGRAMADA
194,"BIO2,CP5,BSP-006,10",2025-02-27,31000,22.00,29411.000000000,21.22,30200,20.50,17750,17750.000,,,,,,,,179,7,BSP-006,4.50,2,cosecha,PROGRAMADA
195,"BIO2,CP2,BA1-027,14",2025-02-27,26000,21.00,25000.000000000,21.00,20950,21.00,11975,11400.000,,,1,5,Normal,273.00,13,69,4,BA1-027,4.92,2,cosecha,PROGRAMADA
196,"BIO2,CP1,BSF-033,12",2025-02-28,33000,22.00,37665.000000000,24.77,34250,22.30,21950,21650.000,,,,,,,,228,3,BSF-033,6.73,2,cosecha,PROGRAMADA
197,"BIO2,CP2,BA1-003,14",2025-02-28,38000,16.00,37252.000000000,16.00,34550,16.00,18325,17525.000,,,1,7,Normal,488.00,12,6,4,BA1-003,5.57,2,cosecha,PROGRAMADA
198,"BIO2,CP5,BSP-004,10",2025-03-03,35000,20.00,31547.000000000,18.80,29750,19.00,18875,18825.000,,,1,5,Alto,434.00,,173,7,BSP-004,5.65,2,cosecha,PROGRAMADA
199,"BIO2,CP3,BSS-007,13",2025-03-04,28000,20.00,28739.000000000,20.48,24050,20.00,15725,13825.000,,,1,4,Normal,378.00,13,124,5,BSS-007,3.35,2,cosecha,PROGRAMADA
200,"BIO1,CP1,BG1-006,15",2025-03-04,26000,27.00,29904.000000000,26.60,21750,27.70,13950,13925.000,,,1,6,Normal,418.00,14,13,1,BG1-006,5.11,1,cosecha,PROGRAMADA
201,"BIO2,CP2,BA1-001,14",2025-03-04,48000,19.00,47236.000000000,20.10,37400,20.00,20725,20725.000,,,2,8,Normal,598.50,11,1,4,BA1-001,7.63,2,cosecha,PROGRAMADA
203,"BIO2,CP5,BSP-009,02",2025-03-05,33000,23.00,34642.000000000,25.50,31500,22.00,19375,19400.000,,,1,4,Bajo,351.00,12,189,7,BSP-009,4.75,2,cosecha,PROGRAMADA
204,"BIO2,CP1,BSF-013,13",2025-03-06,38000,26.00,40883.000000000,26.12,36000,24.60,23750,24250.000,,,2,10,Normal,390.00,13,206,3,BSF-013,8.37,2,cosecha,PROGRAMADA
205,"BIO2,CP3,BSS-028,14",2025-03-06,26000,17.00,21538.000000000,17.26,24350,18.00,15025,13225.000,,,1,5,Normal,417.00,13,201,5,BSS-028,4.22,2,cosecha,PROGRAMADA
206,"BIO2,CP3,BSS-021,15",2025-03-06,16000,28.00,16813.000000000,28.80,15450,28.00,10150,10025.000,,,1,3,Alto,210.00,13,181,5,BSS-021,2.90,2,cosecha,PROGRAMADA
207,"BIO2,CP2,BA1-008,13",2025-03-06,35000,22.00,33280.000000000,22.00,26150,22.00,14425,14425.000,,,1,6,Normal,402.00,12,21,4,BA1-008,5.73,2,cosecha,PROGRAMADA
208,"BIO3,CP2,PL1-031,14",2025-03-06,18000,20.00,17300.000000000,20.06,18350,20.46,9425,9425.000,,,2,4,Normal,205.00,12,280,9,PL1-031,3.20,3,cosecha,PROGRAMADA
573,"BIO3,CP2,PL1-043,04",2025-06-06,30000,21.00,27923.000000000,20.35,33250,23.08,16225,16225.000,,3.000000000000000,,,,,,296,9,PL1-043,7.00,3,cosecha,PROGRAMADA
209,"BIO2,CP4,BA2-049,13",2025-03-06,20000,20.00,19289.000000000,19.51,16150,20.00,9050,9050.000,,,1,3,Normal,225.00,14,112,6,BA2-049,2.14,2,cosecha,PROGRAMADA
210,"BIO2,CP3,BSS-017,13",2025-03-07,31000,30.00,34595.000000000,32.00,21550,28.00,19350,16075.000,,,1,8,Normal,371.00,13,169,5,BSS-017,7.80,2,cosecha,PROGRAMADA
211,"BIO1,CP2,BG2-022,14",2025-03-07,40000,19.00,39199.000000000,18.20,38900,18.18,21025,21125.000,,,2,8,Alto,544.40,14,89,2,BG2-022,8.90,1,cosecha,PROGRAMADA
212,"BIO3,CP1,PJF-004,13",2025-03-07,36000,30.00,42235.000000000,30.00,27600,30.00,23025,22375.000,,,2,9,Normal,400.00,14,14,8,PJF-004,8.95,3,cosecha,PROGRAMADA
213,"BIO3,CP2,PL1-008,13",2025-03-07,34000,23.00,28995.000000000,22.58,35200,23.25,19000,19000.000,,,2,8,Normal,423.00,12,251,9,PL1-008,6.40,3,cosecha,PROGRAMADA
214,"BIO3,CP3,PL2-007,14",2025-03-07,36000,23.00,30202.000000000,23.00,36600,22.76,19375,19375.000,,,1,5,Normal,456.00,11,136,10,PL2-007,5.37,3,cosecha,PROGRAMADA
215,"BIO2,CP3,BSS-020,14",2025-03-07,10000,35.00,13389.000000000,35.00,6600,35.00,9000,8925.000,,,1,4,Normal,149.00,13,177,5,BSS-020,3.04,2,cosecha,PROGRAMADA
216,"BIO2,CP2,BA1-012,14",2025-03-07,28000,19.00,23372.000000000,19.50,24510,19.00,14300,14300.000,,,1,5,Normal,386.55,12,44,4,BA1-012,4.54,2,cosecha,PROGRAMADA
217,"BIO2,CP5,BSP-012,10",2025-03-07,40000,26.00,38095.000000000,26.00,35650,25.20,17300,17275.000,,,2,7,Bajo,214.00,12,202,7,BSP-012,7.40,2,cosecha,PROGRAMADA
218,"BIO3,CP2,PL1-026,14",2025-03-07,16000,16.00,11570.000000000,17.60,15250,18.51,8465,8450.000,,,2,4,Normal,167.00,12,275,9,PL1-026,3.00,3,cosecha,PROGRAMADA
219,"BIO3,CP1,PJF-005,13",2025-03-08,38000,23.00,35728.000000000,23.00,20900,23.00,20975,20725.000,,,2,8,Normal,509.00,14,17,8,PJF-005,10.65,3,cosecha,PROGRAMADA
220,"BIO3,CP2,PL1-011,13",2025-03-08,28000,23.00,26765.000000000,23.25,28100,22.46,16000,16000.000,,,1,4,Normal,400.00,12,260,9,PL1-011,5.70,3,cosecha,PROGRAMADA
221,"BIO1,CP1,BG1-005,14",2025-03-08,40000,23.00,45830.000000000,24.00,45000,22.37,24425,24600.000,,,2,10,Alto,694.90,14,11,1,BG1-005,8.68,1,cosecha,PROGRAMADA
222,"BIO3,CP3,PL2-010,14",2025-03-08,30000,21.00,25936.000000000,22.27,22900,20.62,17100,17100.000,,,1,6,Normal,372.00,12,145,10,PL2-010,5.19,3,cosecha,PROGRAMADA
223,"BIO2,CP2,BA1-013,14",2025-03-08,35000,18.00,30672.000000000,18.50,30700,18.00,17675,17675.000,,,1,6,Normal,610.00,13,47,4,BA1-013,4.71,2,cosecha,PROGRAMADA
224,"BIO3,CP2,PL1-025,14",2025-03-08,20000,19.00,18575.000000000,20.16,23300,20.26,11300,11300.000,,,1,4,Normal,213.00,13,274,9,PL1-025,4.00,3,cosecha,PROGRAMADA
225,"BIO3,CP3,PL2-013,14",2025-03-09,45000,24.00,36717.000000000,23.76,38350,24.59,24050,24050.000,,,1,6,Normal,410.00,12,163,10,PL2-013,6.51,3,cosecha,PROGRAMADA
226,"BIO2,CP4,BA2-044,12",2025-03-09,52000,19.00,56681.000000000,19.00,44650,17.00,22675,22675.000,,,2,12,Alto,698.48,13,96,6,BA2-044,11.30,2,cosecha,PROGRAMADA
227,"BIO3,CP2,PL1-046,02",2025-03-10,34000,24.00,23707.000000000,23.62,27700,19.54,17975,17975.000,,,2,7,Normal,390.00,12,299,9,PL1-046,8.31,3,cosecha,PROGRAMADA
228,"BIO2,CP5,BSP-008,02",2025-03-10,35000,24.00,32116.000000000,24.30,27300,25.20,17925,17925.000,,,1,4,Normal,444.00,13,186,7,BSP-008,4.45,2,cosecha,PROGRAMADA
229,"BIO2,CP4,BA2-043,12",2025-03-10,40000,17.00,38461.000000000,17.20,38500,17.00,25200,25200.000,,,2,10,Normal,660.79,12,93,6,BA2-043,8.47,2,cosecha,PROGRAMADA
230,"BIO1,CP1,BG1-009,15",2025-03-10,23000,18.00,22250.000000000,17.20,25000,17.46,12825,10775.000,,,1,5,Alto,361.26,14,22,1,BG1-009,4.90,1,cosecha,PROGRAMADA
231,"BIO2,CP1,BSF-001,13",2025-03-11,32000,23.00,33227.000000000,24.69,26750,22.57,20275,20025.000,,,1,8,Normal,330.00,,153,3,BSF-001,6.48,2,cosecha,PROGRAMADA
232,"BIO3,CP2,PL1-047,02",2025-03-11,34000,22.00,26052.000000000,21.54,30000,20.26,19275,19275.000,,,2,7,Normal,401.00,10,300,9,PL1-047,8.59,3,cosecha,PROGRAMADA
233,"BIO1,CP2,BG2-023,14",2025-03-11,45000,23.00,53853.000000000,24.43,42600,21.80,25500,25500.000,,,2,10,Alto,765.00,14,92,2,BG2-023,10.02,1,cosecha,PROGRAMADA
234,"BIO2,CP2,BA1-021,14",2025-03-11,22000,19.00,21588.000000000,19.80,19150,19.00,11625,11625.000,,,1,4,Alto,219.95,11,63,4,BA1-021,3.54,2,cosecha,PROGRAMADA
235,"BIO2,CP1,BSF-010,13",2025-03-12,30000,22.00,30586.000000000,22.42,31250,21.50,16275,16250.000,,,2,8,Normal,300.00,12,180,3,BSF-010,6.89,2,cosecha,PROGRAMADA
236,"BIO1,CP2,BG2-028,14",2025-03-12,45000,19.00,53336.000000000,21.12,40200,20.08,24350,23950.000,,,2,10,Alto,580.00,14,107,2,BG2-028,8.83,1,cosecha,PROGRAMADA
237,"BIO2,CP2,BA1-022,14",2025-03-12,22000,18.00,21925.000000000,19.40,24600,19.00,12900,12900.000,,,1,5,Normal,414.30,12,64,4,BA1-022,4.67,2,cosecha,PROGRAMADA
238,"BIO3,CP2,PL1-035,14",2025-03-12,15000,20.00,15612.000000000,21.06,13300,18.75,8350,8350.000,,,2,3,Normal,190.00,13,284,9,PL1-035,2.88,3,cosecha,PROGRAMADA
239,"BIO3,CP2,PL1-044,02",2025-03-13,30000,,23512.000000000,21.66,25250,18.49,16125,16125.000,,3.000000000000000,2,7,Normal,353.00,11,297,9,PL1-044,7.51,3,cosecha,PROGRAMADA
240,"BIO3,CP2,PL1-036,15",2025-03-13,26000,22.00,20653.000000000,22.17,16600,22.53,14200,14200.000,,5.000000000000000,3,6,Normal,182.00,13,285,9,PL1-036,6.70,3,cosecha,PROGRAMADA
241,"BIO2,CP2,BA1-037,14",2025-03-13,13000,19.00,12070.000000000,19.21,11100,19.00,8475,8475.000,,2.000000000000000,1,3,Normal,232.48,13,94,4,BA1-037,2.38,2,cosecha,PROGRAMADA
242,"BIO2,CP2,BA1-039,13",2025-03-13,17000,18.00,16454.000000000,18.44,17500,19.00,10625,10625.000,,2.000000000000000,1,4,Normal,237.02,11,100,4,BA1-039,3.12,2,cosecha,PROGRAMADA
243,"BIO2,CP5,BSP-015,10",2025-03-13,38000,20.00,37699.000000000,20.40,35400,20.20,16925,16925.000,,4.000000000000000,1,6,Normal,616.00,12,305,7,BSP-015,6.00,2,cosecha,PROGRAMADA
244,"BIO2,CP2,BA1-023,14",2025-03-13,22000,19.00,20151.000000000,19.21,15000,19.00,9750,9750.000,,2.000000000000000,1,3,Normal,353.26,13,65,4,BA1-023,2.98,2,cosecha,PROGRAMADA
245,"BIO2,CP1,BSF-008,13",2025-03-14,32000,27.00,35260.000000000,26.58,26700,25.16,22700,23075.000,,3.000000000000000,2,8,Normal,370.00,12,175,3,BSF-008,6.59,2,cosecha,PROGRAMADA
246,"BIO2,CP3,BSS-016,13",2025-03-14,42000,20.00,44366.000000000,20.00,30900,16.00,22625,20900.000,,,1,8,Normal,657.90,13,166,5,BSS-016,7.57,2,cosecha,PROGRAMADA
247,"BIO3,CP2,PL1-034,14",2025-03-14,42000,18.00,35009.000000000,17.86,34800,16.30,23750,23750.000,,7.000000000000000,4,7,Normal,449.00,12,283,9,PL1-034,9.00,3,cosecha,PROGRAMADA
248,"BIO1,CP2,BG2-032,15",2025-03-14,50000,24.00,62824.000000000,24.56,55800,23.68,30000,30000.000,,,2,10,Alto,750.00,14,119,2,BG2-032,9.69,1,cosecha,PROGRAMADA
249,"BIO2,CP2,BA1-017,14",2025-03-14,26000,18.00,24996.000000000,19.00,24800,19.00,14425,14425.000,,2.000000000000000,1,5,Normal,506.22,12,58,4,BA1-017,4.60,2,cosecha,PROGRAMADA
250,"BIO3,CP2,PL1-029,14",2025-03-14,40000,17.00,42831.000000000,16.64,52600,17.13,30100,30100.000,,7.000000000000000,5,10,Normal,526.00,13,278,9,PL1-029,10.00,3,cosecha,PROGRAMADA
251,"BIO2,CP1,BSF-011,14",2025-03-15,27000,30.00,33294.000000000,29.50,23900,30.00,15750,16275.000,,,2,8,Normal,247.00,12,200,3,BSF-011,6.84,2,cosecha,PROGRAMADA
252,"BIO2,CP3,BSS-029,14",2025-03-15,40000,22.00,39762.000000000,22.00,34860,22.00,19700,17575.000,,2.000000000000000,1,6,Normal,604.00,13,204,5,BSS-029,5.04,2,cosecha,PROGRAMADA
253,"BIO2,CP2,BA1-018,14",2025-03-15,40000,,39790.000000000,24.00,33200,24.00,19125,19125.000,,2.000000000000000,2,8,Normal,506.22,12,60,4,BA1-018,6.28,2,cosecha,PROGRAMADA
254,"BIO2,CP3,BSS-037,13",2025-03-16,24000,30.00,25245.000000000,30.00,24600,30.00,14025,14150.000,,2.000000000000000,1,5,Normal,324.60,13,237,5,BSS-037,4.25,2,cosecha,PROGRAMADA
256,"BIO3,CP2,PL1-045,05",2025-03-16,28000,18.00,20200.000000000,17.76,23300,16.69,14150,14150.000,,1.000000000000000,1,3,Normal,315.00,13,298,9,PL1-045,5.00,3,cosecha,PROGRAMADA
257,"BIO3,CP3,PL2-011,14",2025-03-16,30000,23.00,25289.000000000,22.68,30450,21.23,15800,15800.000,,4.000000000000000,2,6,Normal,355.00,10,156,10,PL2-011,6.44,3,cosecha,PROGRAMADA
258,"BIO2,CP3,BSS-011,13",2025-03-17,28000,27.00,31368.000000000,28.00,30000,27.00,19450,17500.000,,3.000000000000000,1,5,Normal,428.20,13,150,5,BSS-011,4.92,2,cosecha,PROGRAMADA
259,"BIO3,CP1,PJF-010,13",2025-03-17,25000,18.00,29909.000000000,18.80,31750,18.00,18875,18350.000,,,,,,,,32,8,PJF-010,6.79,3,cosecha,PROGRAMADA
260,"BIO2,CP4,BA2-205,23",2025-03-17,3000,,3036.000000000,20.00,2300,20.00,1825,1775.000,,1.000000000000000,1,1,Normal,54.80,9,83,6,BA2-205,0.46,2,cosecha,PROGRAMADA
261,"BIO2,CP1,BSF-004,14",2025-03-18,34000,23.00,36352.000000000,26.55,30250,26.00,21225,19825.000,,,2,8,Normal,470.00,12,161,3,BSF-004,7.17,2,cosecha,PROGRAMADA
263,"BIO2,CP4,BA2-048,13",2025-03-18,15000,21.00,12963.000000000,21.00,16150,21.00,8050,8200.000,,2.000000000000000,1,6,Normal,233.70,11,109,6,BA2-048,2.80,2,cosecha,PROGRAMADA
264,"BIO1,CP1,BG1-101,35",2025-03-18,4000,19.00,3311.000000000,19.00,5150,19.00,2715,2300.000,,,1,1,Normal,40.00,13,28,1,BG1-101,1.32,1,cosecha,PROGRAMADA
265,"BIO2,CP3,BSS-013,14",2025-03-19,26000,23.00,28076.000000000,23.00,24000,22.00,16050,16400.000,,3.000000000000000,1,5,Normal,413.00,14,157,5,BSS-013,4.62,2,cosecha,PROGRAMADA
266,"BIO2,CP5,BSP-001,11",2025-03-19,20000,19.00,17677.000000000,20.55,21050,19.00,10350,10350.000,,2.000000000000000,1,4,Normal,292.00,11,164,7,BSP-001,3.40,2,cosecha,PROGRAMADA
267,"BIO2,CP2,BA1-024,13",2025-03-19,20000,16.00,20547.000000000,18.10,22450,19.00,11625,11600.000,,2.000000000000000,1,6,Normal,277.60,12,66,4,BA1-024,4.30,2,cosecha,PROGRAMADA
268,"BIO3,CP2,PL1-013,12",2025-03-19,26000,17.00,20481.000000000,15.56,27400,15.25,13225,13225.000,,7.000000000000000,2,8,Normal,437.00,11,262,9,PL1-013,7.35,3,cosecha,PROGRAMADA
269,"BIO2,CP1,BSF-017,13",2025-03-20,28000,24.00,29235.000000000,23.14,30500,21.75,19600,20225.000,,,1,6,Normal,270.00,13,212,3,BSF-017,5.89,2,cosecha,PROGRAMADA
270,"BIO2,CP3,BSS-032,13",2025-03-20,38000,19.00,41430.000000000,19.50,32550,18.00,22525,18675.000,,,2,8,Normal,651.10,13,232,5,BSS-032,7.89,2,cosecha,PROGRAMADA
271,"BIO2,CP1,BSF-022,14",2025-03-20,34000,24.00,41508.000000000,25.30,30000,25.45,17650,18550.000,,6.000000000000000,2,7,Normal,445.00,13,217,3,BSF-022,7.85,2,cosecha,PROGRAMADA
272,"BIO2,CP5,BSP-002,11",2025-03-20,23000,17.00,21739.000000000,17.00,20500,17.00,12225,12225.000,,2.000000000000000,1,4,Bajo,360.00,12,167,7,BSP-002,4.65,2,cosecha,PROGRAMADA
273,"BIO2,CP4,BA2-047,12",2025-03-20,28000,20.00,26189.000000000,20.00,27800,20.00,14550,14550.000,,,2,6,Normal,316.40,11,106,6,BA2-047,7.44,2,cosecha,PROGRAMADA
274,"BIO3,CP2,PL1-014,14",2025-03-20,26000,17.00,19189.000000000,17.25,23250,13.73,12650,12650.000,,6.000000000000000,1,6,Normal,340.00,10,263,9,PL1-014,6.76,3,cosecha,PROGRAMADA
275,"BIO3,CP2,PL1-015,12",2025-03-20,26000,17.00,18411.000000000,15.05,27000,15.28,13075,13075.000,,7.000000000000000,1,6,Normal,375.00,12,264,9,PL1-015,6.74,3,cosecha,PROGRAMADA
276,"BIO2,CP1,BSF-020,13",2025-03-21,34000,27.00,36711.000000000,27.00,32450,25.25,19675,21475.000,,,2,8,Normal,280.00,12,215,3,BSF-020,6.54,2,cosecha,PROGRAMADA
277,"BIO2,CP1,BSF-018,13",2025-03-21,28000,26.00,32833.000000000,26.00,31200,26.03,19175,19150.000,,,1,6,Normal,320.00,11,213,3,BSF-018,5.74,2,cosecha,PROGRAMADA
278,"BIO2,CP5,BSP-003,10",2025-03-21,35000,20.00,30674.000000000,19.50,27000,19.30,15650,15650.000,,2.000000000000000,1,6,Bajo,400.00,12,170,7,BSP-003,6.50,2,cosecha,PROGRAMADA
279,"BIO3,CP2,PL1-006,14",2025-03-21,26000,16.00,18631.000000000,15.70,26000,16.70,13350,13350.000,,,1,5,Normal,400.00,12,249,9,PL1-006,5.80,3,cosecha,PROGRAMADA
280,"BIO3,CP2,PL1-027,14",2025-03-21,30000,18.00,22589.000000000,18.02,29200,18.36,15950,15950.000,,5.000000000000000,3,6,Normal,300.00,13,276,9,PL1-027,7.00,3,cosecha,PROGRAMADA
281,"BIO2,CP3,BSS-040,15",2025-03-21,36000,18.00,37415.000000000,18.00,35150,18.00,15400,12900.000,,2.000000000000000,2,8,Normal,629.50,14,240,5,BSS-040,7.03,2,cosecha,PROGRAMADA
282,"BIO2,CP1,BSF-026,14",2025-03-22,30000,27.00,36468.000000000,30.10,32700,29.20,20850,20650.000,,3.000000000000000,1,8,Normal,280.00,12,221,3,BSF-026,6.33,2,cosecha,PROGRAMADA
283,"BIO2,CP3,BSS-005,13",2025-03-22,27000,20.00,28542.000000000,20.00,30600,21.00,18375,16325.000,,2.000000000000000,1,5,Bajo,463.70,13,118,5,BSS-005,4.87,2,cosecha,PROGRAMADA
284,"BIO2,CP4,BA2-046,12",2025-03-22,40000,19.00,39501.000000000,19.00,44150,18.40,24150,24300.000,,9.000000000000000,2,10,Normal,543.52,12,102,6,BA2-046,10.50,2,cosecha,PROGRAMADA
285,"BIO3,CP2,PL1-028,14",2025-03-22,28000,20.00,23262.000000000,21.65,27700,19.88,14950,14950.000,,5.000000000000000,3,6,Normal,290.00,12,277,9,PL1-028,5.50,3,cosecha,PROGRAMADA
286,"BIO2,CP3,BSS-001,14",2025-03-23,27000,22.00,27267.000000000,22.00,19800,21.00,12772,13450.000,,,2,8,Normal,433.50,13,105,5,BSS-001,6.81,2,cosecha,PROGRAMADA
287,"BIO2,CP4,BA2-050,13",2025-03-24,45000,18.00,38824.000000000,17.20,42250,18.00,23500,23600.000,,8.000000000000000,2,8,Normal,663.50,12,115,6,BA2-050,8.55,2,cosecha,PROGRAMADA
288,"BIO1,CP1,BG1-010,13",2025-03-24,28000,20.00,31645.000000000,20.00,30050,19.60,17250,16450.000,,8.000000000000000,2,5,Normal,340.00,14,25,1,BG1-010,7.21,1,cosecha,PROGRAMADA
289,"BIO1,CP1,BG1-011,14",2025-03-24,38000,20.00,46677.000000000,19.70,37850,20.50,21575,22050.000,,,2,11,Alto,555.00,14,34,1,BG1-011,10.77,1,cosecha,PROGRAMADA
290,"BIO2,CP2,BA1-028,14",2025-03-25,28000,20.00,26572.000000000,20.00,25000,20.00,16825,16825.000,,2.000000000000000,1,6,Normal,458.29,13,70,4,BA1-028,5.49,2,cosecha,PROGRAMADA
291,"BIO2,CP1,BSF-027,13",2025-03-25,34000,25.00,38524.000000000,24.63,37600,23.45,21375,21200.000,,,1,8,Normal,300.00,12,222,3,BSF-027,6.81,2,cosecha,PROGRAMADA
292,"BIO2,CP3,BSS-041,14",2025-03-25,17000,17.00,18352.000000000,17.10,22700,17.00,11415,11050.000,,2.000000000000000,1,4,Bajo,305.60,14,241,5,BSS-041,3.82,2,cosecha,PROGRAMADA
293,"BIO3,CP2,PL1-002,14",2025-03-25,26000,18.00,21910.000000000,18.20,29800,19.34,14650,14650.000,,3.000000000000000,1,4,Bajo,420.00,12,243,9,PL1-002,4.50,3,cosecha,PROGRAMADA
294,"BIO2,CP2,BA1-025,14",2025-03-25,22000,20.00,21699.000000000,19.20,18950,19.00,11400,11400.000,,,1,5,Normal,328.02,13,67,4,BA1-025,4.67,2,cosecha,PROGRAMADA
296,"BIO1,CP1,BG1-016,14",2025-03-26,40000,22.00,53365.000000000,21.60,39550,21.00,23425,24225.000,,,2,10,Normal,527.00,14,49,1,BG1-016,11.23,1,cosecha,PROGRAMADA
297,"BIO3,CP2,PL1-001,14",2025-03-26,42000,19.00,29157.000000000,18.18,45300,18.20,22075,22075.000,,6.000000000000000,2,9,Bajo,600.00,14,207,9,PL1-001,9.00,3,cosecha,PROGRAMADA
298,"BIO1,CP2,BG2-042,14",2025-03-27,38000,20.00,39795.000000000,20.24,38100,20.11,21600,20050.000,,,2,8,Alto,507.00,14,149,2,BG2-042,6.62,1,cosecha,PROGRAMADA
2134,"BIO2,CP2,BA1-014,21",2026-06-21,40000,27.00,41240.000000000,26.60,47450,27.00,28950,,,0.690000000000000,,,,,,50,4,,7.25,2,cosecha,PROGRAMADA
299,"BIO1,CP1,BG1-017,14",2025-03-27,33000,23.00,41772.000000000,22.55,36550,23.00,19755,19875.000,,,1,6,Alto,378.00,14,51,1,BG1-017,8.42,1,cosecha,PROGRAMADA
301,"BIO2,CP2,BA1-015,14",2025-03-27,22000,19.00,19893.000000000,18.56,19100,19.00,10275,10175.000,,,1,4,Normal,240.40,12,53,4,BA1-015,4.06,2,cosecha,PROGRAMADA
302,"BIO3,CP3,PL2-002,14",2025-03-27,30000,19.00,25428.000000000,18.66,31850,17.87,16575,16575.000,,,1,5,Bajo,410.00,11,120,10,PL2-002,5.73,3,cosecha,PROGRAMADA
303,"BIO2,CP2,BA1-014,14",2025-03-28,32000,19.00,30305.000000000,19.00,31650,19.00,17275,17275.000,,,2,4,Normal,372.41,12,50,4,BA1-014,7.25,2,cosecha,PROGRAMADA
304,"BIO1,CP1,BG1-012,15",2025-03-28,37000,16.00,29164.000000000,15.55,35600,17.00,21700,20825.000,,,1,8,Normal,534.00,14,37,1,BG1-012,7.75,1,cosecha,PROGRAMADA
305,"BIO3,CP3,PL2-005,14",2025-03-28,32000,20.00,29022.000000000,19.18,35600,18.70,18275,18275.000,,,2,6,Bajo,460.00,12,129,10,PL2-005,6.13,3,cosecha,PROGRAMADA
306,"BIO2,CP3,BSS-008,14",2025-03-28,27000,19.00,26381.000000000,17.50,30750,21.00,15235,13955.000,,,1,6,Bajo,450.20,13,127,5,BSS-008,5.32,2,cosecha,PROGRAMADA
307,"BIO2,CP2,BA1-020,14",2025-03-29,23000,20.00,22242.000000000,20.20,23200,20.00,13550,13550.000,,,1,5,Normal,305.40,10,62,4,BA1-020,4.55,2,cosecha,PROGRAMADA
308,"BIO3,CP2,PL1-030,15",2025-03-29,24000,15.00,18709.000000000,14.72,22150,14.17,12625,12625.000,,,2,4,Normal,280.00,12,279,9,PL1-030,4.40,3,cosecha,PROGRAMADA
309,"BIO3,CP2,PL1-018,12",2025-03-29,24000,17.00,17701.000000000,17.02,20750,15.59,12950,12950.000,,,1,5,Bajo,300.00,12,267,9,PL1-018,4.55,3,cosecha,PROGRAMADA
310,"BIO3,CP3,PL2-004,14",2025-03-30,44000,23.00,35905.000000000,22.85,39450,24.08,23825,23950.000,,,1,6,Bajo,515.00,13,126,10,PL2-004,6.40,3,cosecha,PROGRAMADA
311,"BIO2,CP2,BA1-035,14",2025-03-30,30000,20.00,25597.000000000,19.20,24400,20.00,13375,13375.000,,1.000000000000000,1,6,Normal,340.57,11,88,4,BA1-035,5.05,2,cosecha,PROGRAMADA
312,"BIO2,CP3,BSS-025,16",2025-03-30,7000,23.00,6807.000000000,23.00,6500,23.00,3695,3875.000,,,1,2,Normal,112.20,14,192,5,BSS-025,1.14,2,cosecha,PROGRAMADA
313,"BIO3,CP2,PL1-017,12",2025-03-30,30000,19.00,22703.000000000,18.97,26300,18.67,14075,14075.000,,3.000000000000000,2,8,Bajo,426.00,12,266,9,PL1-017,6.40,3,cosecha,PROGRAMADA
314,"BIO2,CP1,BSF-012,14",2025-03-31,28000,30.00,31718.000000000,31.00,24750,32.00,17050,16550.000,,,1,6,Normal,270.00,11,203,3,BSF-012,5.85,2,cosecha,PROGRAMADA
315,"BIO3,CP1,PJF-002,14",2025-03-31,22000,29.00,23090.000000000,28.40,21150,28.40,14450,14650.000,,,,,,,,7,8,PJF-002,9.08,3,cosecha,PROGRAMADA
316,"BIO3,CP2,PL1-033,14",2025-03-31,38000,16.00,27409.000000000,16.08,36950,16.22,18050,18050.000,,,4,8,Alto,390.00,13,282,9,PL1-033,7.40,3,cosecha,PROGRAMADA
317,"BIO2,CP2,BA1-034,14",2025-03-31,30000,15.00,28436.000000000,14.60,32900,15.00,16775,16775.000,,,2,6,Normal,420.55,11,84,4,BA1-034,6.81,2,cosecha,PROGRAMADA
318,"BIO2,CP2,BA1-033,14",2025-04-01,28000,19.00,27331.000000000,20.50,27400,20.00,15375,15375.000,,,1,6,Normal,362.05,10,82,4,BA1-033,5.05,2,cosecha,PROGRAMADA
319,"BIO3,CP2,PL1-016,12",2025-04-01,32000,17.00,22533.000000000,17.21,30500,16.53,14875,14875.000,,,2,7,Bajo,487.00,11,265,9,PL1-016,6.18,3,cosecha,PROGRAMADA
320,"BIO3,CP2,PL1-005,14",2025-04-02,30000,18.00,23573.000000000,17.93,23100,17.31,14125,14125.000,,,1,5,Bajo,415.00,12,248,9,PL1-005,6.00,3,cosecha,PROGRAMADA
321,"BIO3,CP2,PL1-009,14",2025-04-02,44000,17.00,38549.000000000,19.05,33700,17.87,21950,21950.000,,,2,7,Bajo,441.00,13,252,9,PL1-009,7.00,3,cosecha,PROGRAMADA
322,"BIO2,CP2,BA1-030,14",2025-04-02,38000,18.00,37622.000000000,17.50,26750,18.00,17050,17050.000,,,2,8,Normal,525.00,13,73,4,BA1-030,6.98,2,cosecha,PROGRAMADA
324,"BIO2,CP3,BSS-026,14",2025-04-03,27000,21.00,27242.000000000,21.00,31750,24.00,17525,15975.000,,2.000000000000000,2,6,Bajo,375.60,14,195,5,BSS-026,7.13,2,cosecha,PROGRAMADA
325,"BIO2,CP2,BA1-026,14",2025-04-03,22000,16.00,19000.000000000,16.20,19900,16.00,13700,13700.000,,,1,5,Normal,287.26,11,68,4,BA1-026,4.91,2,cosecha,PROGRAMADA
326,"BIO3,CP1,PJF-013,13",2025-04-04,28000,28.00,27247.000000000,27.84,19400,28.00,15175,15175.000,,6.000000000000000,,,,,,48,8,PJF-013,5.90,3,cosecha,PROGRAMADA
327,"BIO2,CP3,BSS-034,14",2025-04-04,22000,20.00,22667.000000000,19.65,24600,22.00,13575,13775.000,,3.000000000000000,1,5,Bajo,275.30,14,234,5,BSS-034,4.97,2,cosecha,PROGRAMADA
328,"BIO2,CP2,BA1-002,14",2025-04-04,30000,16.00,26905.000000000,15.77,32150,17.00,18125,18125.000,,2.000000000000000,2,6,Normal,416.39,13,4,4,BA1-002,7.05,2,cosecha,PROGRAMADA
329,"BIO3,CP2,PL1-041,03",2025-04-04,32000,17.00,21159.000000000,16.26,28700,17.01,16000,16000.000,,3.000000000000000,2,7,Bajo,453.00,11,294,9,PL1-041,7.00,3,cosecha,PROGRAMADA
330,"BIO2,CP5,BSP-010,02",2025-04-04,33000,16.00,32706.000000000,17.33,28250,16.70,16050,16350.000,,5.000000000000000,1,5,Bajo,454.00,13,193,7,BSP-010,6.45,2,cosecha,PROGRAMADA
331,"BIO1,CP1,BG1-014,14",2025-04-05,25000,17.00,19535.000000000,16.70,22300,17.00,14150,14125.000,,4.000000000000000,1,3,Alto,327.00,14,43,1,BG1-014,4.09,1,cosecha,PROGRAMADA
332,"BIO3,CP1,PJF-016,13",2025-04-05,30000,25.00,35643.000000000,25.91,29200,26.00,20060,20175.000,,7.000000000000000,,,,,,57,8,PJF-016,7.40,3,cosecha,PROGRAMADA
333,"BIO2,CP2,BA1-005,15",2025-04-05,35000,18.00,33216.000000000,18.00,38150,19.00,21600,21600.000,,2.000000000000000,2,6,Normal,554.50,12,12,4,BA1-005,6.99,2,cosecha,PROGRAMADA
334,"BIO2,CP4,BA2-207,01",2025-04-05,2000,19.00,1969.000000000,17.90,2400,19.00,1845,1850.000,,1.000000000000000,,,,,,311,6,BA2-207,0.38,2,cosecha,PROGRAMADA
335,"BIO3,CP2,PL1-042,03",2025-04-05,32000,17.00,23510.000000000,17.25,25700,16.97,16200,16200.000,,3.000000000000000,1,7,Bajo,455.00,14,295,9,PL1-042,7.00,3,cosecha,PROGRAMADA
336,"BIO2,CP5,BSP-005,28",2025-04-05,16000,18.00,16355.000000000,18.00,16350,17.20,9850,9800.000,,3.000000000000000,1,3,Bajo,159.00,12,176,7,BSP-005,2.95,2,cosecha,PROGRAMADA
337,"BIO2,CP2,BA1-007,15",2025-04-06,15000,18.00,15547.000000000,18.00,17750,17.00,10725,10725.000,,2.000000000000000,1,4,Normal,234.23,13,18,4,BA1-007,3.02,2,cosecha,PROGRAMADA
338,"BIO3,CP2,PL1-040,03",2025-04-06,32000,20.00,25510.000000000,19.72,23850,18.45,16150,16150.000,,3.000000000000000,2,6,Bajo,446.00,11,293,9,PL1-040,7.00,3,cosecha,PROGRAMADA
339,"BIO3,CP1,PJF-017,13",2025-04-06,25000,17.00,28614.000000000,17.70,31250,17.00,17100,17275.000,,7.000000000000000,,,,,,59,8,PJF-017,7.56,3,cosecha,PROGRAMADA
340,"BIO3,CP2,PL1-043,03",2025-04-07,32000,17.00,22951.000000000,16.67,19350,18.33,16525,16525.000,,3.000000000000000,2,6,Bajo,410.00,12,296,9,PL1-043,7.00,3,cosecha,PROGRAMADA
341,"BIO1,CP2,BG2-034,16",2025-04-07,44000,23.00,46715.000000000,22.42,43100,23.43,20325,20050.000,,7.000000000000000,2,8,Normal,627.00,14,125,2,BG2-034,8.61,1,cosecha,PROGRAMADA
342,"BIO1,CP2,BG2-039,14",2025-04-08,33000,24.00,34486.000000000,26.75,41800,24.62,22675,22675.000,,5.000000000000000,1,6,Alto,546.00,14,140,2,BG2-039,5.86,1,cosecha,PROGRAMADA
2135,"BIO2,CP5,BSP-010,09",2026-06-21,28000,20.00,27017.000000000,20.00,25350,20.00,19523,,,0.780000000000000,,,,,,193,7,,6.45,2,cosecha,PROGRAMADA
343,"BIO2,CP4,BA2-045,13",2025-04-09,40000,17.00,33561.000000000,16.95,39600,17.00,22350,22350.000,,9.000000000000000,2,10,Normal,593.35,13,99,6,BA2-045,10.00,2,cosecha,PROGRAMADA
344,"BIO1,CP2,BG2-026,14",2025-04-10,35000,20.00,34487.000000000,20.54,36500,20.73,21375,21375.000,,4.000000000000000,2,8,Normal,558.00,14,101,2,BG2-026,6.36,1,cosecha,PROGRAMADA
345,"BIO2,CP3,BSS-027,14",2025-04-10,28000,22.00,24084.000000000,22.00,22050,22.50,16260,14175.000,,2.000000000000000,2,8,Normal,285.30,14,198,5,BSS-027,6.22,2,cosecha,PROGRAMADA
346,"BIO1,CP1,BG1-003,14",2025-04-10,37000,19.00,31371.000000000,17.00,36300,17.00,19475,19475.000,,7.000000000000000,1,4,Normal,353.14,11,5,1,BG1-003,6.99,1,cosecha,PROGRAMADA
347,"BIO2,CP1,BSF-028,14",2025-04-11,32000,21.00,30508.000000000,21.60,30600,22.00,16775,16150.000,,3.000000000000000,1,8,Normal,390.00,12,223,3,BSF-028,6.42,2,cosecha,PROGRAMADA
349,"BIO1,CP1,BG1-002,16",2025-04-11,13000,19.00,11327.000000000,18.50,13500,17.00,7550,7550.000,,3.000000000000000,1,3,Normal,221.00,13,2,1,BG1-002,2.53,1,cosecha,PROGRAMADA
351,"BIO2,CP3,BSS-022,15",2025-04-12,11000,26.00,10888.000000000,25.00,10700,26.00,6825,6950.000,,1.000000000000000,1,3,Bajo,135.70,14,184,5,BSS-022,2.45,2,cosecha,PROGRAMADA
352,"BIO1,CP2,BG2-040,15",2025-04-15,45000,27.00,45083.000000000,27.93,46300,28.11,25075,25075.000,,7.000000000000000,2,7,Alto,503.00,14,143,2,BG2-040,6.38,1,cosecha,PROGRAMADA
353,"BIO2,CP5,BSP-013,11",2025-04-15,27000,18.00,27663.000000000,19.54,20250,18.50,10625,10625.000,,4.000000000000000,1,4,Bajo,292.00,14,205,7,BSP-013,4.95,2,cosecha,PROGRAMADA
354,"BIO2,CP2,BA1-009,14",2025-04-16,19000,20.00,18451.000000000,19.45,19500,19.45,11550,11550.000,,2.000000000000000,1,4,Normal,353.14,11,24,4,BA1-009,3.08,2,cosecha,PROGRAMADA
355,"BIO2,CP5,BSP-007,10",2025-04-16,46000,20.00,46954.000000000,19.90,35700,18.00,19800,19800.000,,6.000000000000000,2,8,Bajo,535.00,13,182,7,BSP-007,8.25,2,cosecha,PROGRAMADA
356,"BIO1,CP1,BG1-007,15",2025-04-16,37000,17.00,40366.000000000,16.50,34850,16.00,20250,20250.000,,11.000000000000000,1,10,Alto,633.00,14,16,1,BG1-007,11.12,1,cosecha,PROGRAMADA
358,"BIO3,CP2,PL1-010,15",2025-04-17,45000,15.00,34826.000000000,14.34,37950,16.31,22825,22825.000,,8.000000000000000,2,9,Bajo,630.00,13,253,9,PL1-010,8.30,3,cosecha,PROGRAMADA
359,"BIO2,CP2,BA1-010,14",2025-04-17,19000,20.00,18236.000000000,19.67,17800,19.65,11200,11200.000,,2.000000000000000,1,4,Normal,372.23,11,27,4,BA1-010,3.01,2,cosecha,PROGRAMADA
2252,"BIO3,CP3,PL2-001,21",2026-07-17,9000,22.00,7605.000000000,21.40,7750,21.50,4525,,,1.500000000000000,,,,,,116,10,,2.01,3,cosecha,PROGRAMADA
361,"BIO3,CP2,PL1-022,15",2025-04-18,28000,17.00,20525.000000000,16.78,30950,20.49,14475,14475.000,,5.000000000000000,2,4,Normal,368.00,12,271,9,PL1-022,5.00,3,cosecha,PROGRAMADA
362,"BIO2,CP5,BSP-011,02",2025-04-18,49000,19.00,44509.000000000,18.75,29650,18.40,18100,18100.000,,6.000000000000000,1,7,Bajo,625.00,12,199,7,BSP-011,8.30,2,cosecha,PROGRAMADA
363,"BIO2,CP2,BA1-019,14",2025-04-18,14000,18.00,12269.000000000,16.46,11200,17.00,6175,6175.000,,2.000000000000000,1,4,Normal,227.52,12,61,4,BA1-019,3.08,2,cosecha,PROGRAMADA
2247,"BIO2,CP2,BA1-009,21",2026-07-16,5000,15.00,14858.000000000,16.33,5300,16.00,7400,,,0.650000000000000,,,,,,24,4,,3.08,2,raleo,PROGRAMADA
2136,"BIO2,CP5,BSP-013,18",2026-06-20,3500,17.00,18246.000000000,19.00,3750,17.30,12496,,,0.810000000000000,,,,,,205,7,,4.95,2,raleo,PROGRAMADA
366,"BIO2,CP5,BSP-014,10",2025-04-21,44000,23.00,43718.000000000,24.00,31350,25.70,18175,18175.000,,5.000000000000000,1,7,Bajo,425.00,13,292,7,BSP-014,6.90,2,cosecha,PROGRAMADA
367,"BIO2,CP2,BA1-016,14",2025-04-21,32000,17.00,30160.000000000,16.90,30800,17.00,18975,18975.000,,3.000000000000000,2,8,Normal,477.88,13,56,4,BA1-016,6.76,2,cosecha,PROGRAMADA
368,"BIO2,CP3,BSS-010,14",2025-04-21,16000,22.00,14732.000000000,19.00,11750,19.00,6175,6175.000,,2.000000000000000,1,3,Bajo,263.00,14,132,5,BSS-010,2.65,2,cosecha,PROGRAMADA
369,"BIO2,CP1,BSF-035,14",2025-04-22,32000,28.00,29423.000000000,27.38,25800,22.76,20575,20375.000,,0.530000000000000,1,6,Normal,330.00,13,230,3,BSF-035,5.66,2,cosecha,PROGRAMADA
371,"BIO2,CP4,BA2-041,13",2025-04-22,40000,18.00,35104.000000000,17.69,34000,18.00,25350,25525.000,,8.000000000000000,2,8,Normal,677.18,13,87,6,BA2-041,8.20,2,cosecha,PROGRAMADA
372,"BIO2,CP3,BSS-009,14",2025-04-22,20000,20.00,20543.000000000,20.00,19150,20.00,10200,10250.000,,2.000000000000000,1,5,Bajo,338.85,14,130,5,BSS-009,4.15,2,cosecha,PROGRAMADA
373,"BIO3,CP2,PL1-019,12",2025-04-22,30000,25.00,27385.000000000,24.95,27550,25.00,14225,14225.000,,5.000000000000000,1,6,Normal,354.00,13,268,9,PL1-019,5.55,3,cosecha,PROGRAMADA
374,"BIO2,CP1,BSF-034,14",2025-04-23,22000,24.00,21660.000000000,24.43,19850,23.15,12750,12550.000,,2.000000000000000,1,5,Normal,280.00,13,229,3,BSF-034,4.22,2,cosecha,PROGRAMADA
375,"BIO1,CP1,BG1-008,15",2025-04-23,37000,16.00,30939.000000000,15.20,36950,15.50,22925,22825.000,,8.000000000000000,2,8,Normal,558.00,14,19,1,BG1-008,7.71,1,cosecha,PROGRAMADA
376,"BIO3,CP3,PL2-006,14",2025-04-23,66000,26.00,66119.000000000,28.82,52200,28.75,33950,33950.000,,7.000000000000000,2,10,Bajo,791.00,13,133,10,PL2-006,12.14,3,cosecha,PROGRAMADA
377,"BIO2,CP4,BA2-042,13",2025-04-23,55000,18.00,56881.000000000,18.90,44600,19.00,33500,33550.000,,8.000000000000000,2,12,Normal,804.40,13,90,6,BA2-042,11.40,2,cosecha,PROGRAMADA
378,"BIO1,CP2,BG2-021,15",2025-04-24,35000,23.00,37621.000000000,22.74,26900,22.35,23925,23175.000,,7.000000000000000,2,8,Normal,489.00,14,86,2,BG2-021,7.52,1,cosecha,PROGRAMADA
379,"BIO2,CP1,BSF-032,14",2025-04-24,22000,23.00,21106.000000000,24.00,22800,24.64,13250,13325.000,,2.000000000000000,1,5,Normal,190.00,12,227,3,BSF-032,4.23,2,cosecha,PROGRAMADA
380,"BIO1,CP1,BG1-015,15",2025-04-24,42000,17.00,25097.000000000,16.90,43450,17.00,24125,24050.000,,7.000000000000000,1,8,Alto,579.00,14,46,1,BG1-015,6.75,1,cosecha,PROGRAMADA
381,"BIO3,CP3,PL2-003,14",2025-04-24,36000,31.00,33963.000000000,30.85,29750,33.32,18825,18825.000,,3.000000000000000,1,5,Bajo,385.00,14,123,10,PL2-003,4.57,3,cosecha,PROGRAMADA
382,"BIO2,CP3,BSS-012,14",2025-04-24,30000,22.00,29450.000000000,24.00,22650,23.00,13925,14275.000,,3.000000000000000,1,6,Bajo,400.60,14,154,5,BSS-012,5.60,2,cosecha,PROGRAMADA
383,"BIO2,CP2,BA1-032,14",2025-04-24,23000,20.00,24427.000000000,20.60,18500,20.00,12900,12850.000,,2.000000000000000,1,5,Normal,347.14,13,79,4,BA1-032,5.39,2,cosecha,PROGRAMADA
384,"BIO2,CP2,BA1-038,14",2025-04-24,12000,19.00,11097.000000000,19.40,12050,18.00,7175,7175.000,,2.000000000000000,1,3,Normal,187.96,13,97,4,BA1-038,2.60,2,cosecha,PROGRAMADA
1981,"BIO2,CP2,BA1-008,20",2026-05-22,30000,19.00,29454.000000000,19.43,25650,16.50,16425,,,0.700000000000000,,,,,,21,4,,5.73,2,cosecha,PROGRAMADA
386,"BIO1,CP2,BG2-027,15",2025-04-25,30000,23.00,42763.000000000,23.11,30750,21.76,25275,25275.000,,7.000000000000000,2,8,Alto,512.00,14,104,2,BG2-027,6.47,1,cosecha,PROGRAMADA
387,"BIO3,CP3,PL2-001,14",2025-04-25,20000,29.00,19054.000000000,28.63,16250,29.67,10450,10450.000,,5.000000000000000,1,3,Bajo,225.00,13,116,10,PL2-001,2.01,3,cosecha,PROGRAMADA
388,"BIO2,CP1,BSF-002,16",2025-04-25,30000,22.00,36402.000000000,20.06,25800,23.64,16800,17000.000,,4.000000000000000,4,8,Normal,450.00,13,155,3,BSF-002,6.45,2,cosecha,PROGRAMADA
389,"BIO2,CP3,BSS-014,14",2025-04-25,15000,23.00,16226.000000000,23.00,15900,23.00,10000,8950.000,,1.000000000000000,1,6,Bajo,220.20,14,159,5,BSS-014,5.05,2,cosecha,PROGRAMADA
390,"BIO2,CP2,BA1-029,14",2025-04-25,30000,22.00,28935.000000000,23.05,21700,22.00,13825,13800.000,,2.000000000000000,2,6,Normal,477.64,12,72,4,BA1-029,6.34,2,cosecha,PROGRAMADA
391,"BIO3,CP1,PJF-014,14",2025-04-25,33000,21.00,35418.000000000,21.50,33200,21.20,14650,14800.000,,7.000000000000000,,,,,,52,8,PJF-014,7.68,3,cosecha,PROGRAMADA
392,"BIO2,CP2,BA1-036,15",2025-04-25,14000,21.00,13512.000000000,21.40,12000,20.00,7225,7225.000,,2.000000000000000,1,3,Normal,234.03,13,91,4,BA1-036,2.87,2,cosecha,PROGRAMADA
393,"BIO3,CP1,PJF-012,18",2025-04-26,26000,30.00,27498.000000000,30.00,21950,30.00,15875,15875.000,,4.000000000000000,,,,,,45,8,PJF-012,6.83,3,cosecha,PROGRAMADA
394,"BIO2,CP1,BSF-021,14",2025-04-26,22000,19.00,25529.000000000,19.28,22850,17.09,16100,16100.000,,4.000000000000000,1,7,Normal,400.00,13,216,3,BSF-021,5.35,2,cosecha,PROGRAMADA
395,"BIO2,CP3,BSS-035,14",2025-04-26,18000,21.00,20039.000000000,21.50,16050,21.50,10825,9075.000,,1.000000000000000,1,5,Bajo,240.70,14,235,5,BSS-035,4.60,2,cosecha,PROGRAMADA
396,"BIO3,CP2,PL1-003,14",2025-04-26,22000,23.00,22651.000000000,25.02,22600,25.29,11200,11200.000,,4.000000000000000,1,5,Bajo,285.00,14,245,9,PL1-003,4.30,3,cosecha,PROGRAMADA
397,"BIO2,CP2,BA1-027,15",2025-04-26,25000,21.00,25242.000000000,21.20,18400,20.00,11850,11850.000,,2.000000000000000,1,5,Normal,401.19,13,69,4,BA1-027,4.92,2,cosecha,PROGRAMADA
398,"BIO2,CP1,BSF-019,14",2025-04-27,28000,25.00,38979.000000000,25.81,29800,24.14,19500,19025.000,,4.000000000000000,2,8,Normal,475.00,14,214,3,BSF-019,6.73,2,cosecha,PROGRAMADA
399,"BIO2,CP3,BSS-003,14",2025-04-27,18000,26.00,17843.000000000,26.00,17050,26.00,11735,11175.000,,1.000000000000000,1,3,Bajo,263.30,14,111,5,BSS-003,2.94,2,cosecha,PROGRAMADA
400,"BIO3,CP2,PL1-004,14",2025-04-27,56000,23.00,54729.000000000,24.25,50800,24.00,27725,27725.000,,7.000000000000000,1,8,Bajo,754.00,12,247,9,PL1-004,10.50,3,cosecha,PROGRAMADA
401,"BIO2,CP2,BA1-003,15",2025-04-27,22000,20.00,27094.000000000,20.10,18600,20.00,11325,11325.000,,2.000000000000000,1,4,Normal,392.29,12,6,4,BA1-003,5.57,2,cosecha,PROGRAMADA
402,"BIO2,CP3,BSS-039,14",2025-04-28,14000,44.00,16441.000000000,44.00,7300,44.00,7233,7600.000,,2.000000000000000,1,4,Bajo,149.20,14,239,5,BSS-039,6.74,2,cosecha,PROGRAMADA
403,"BIO1,CP2,BG2-029,14",2025-04-28,40000,23.00,56900.000000000,24.90,48200,25.89,33250,33300.000,,,2,8,Alto,712.00,14,110,2,BG2-029,7.99,1,cosecha,PROGRAMADA
404,"BIO2,CP3,BSS-044,15",2025-04-28,7000,44.00,7346.000000000,47.00,6250,47.00,5918,6575.000,,1.000000000000000,1,2,Normal,72.60,14,246,5,BSS-044,1.48,2,cosecha,PROGRAMADA
405,"BIO3,CP1,PJF-007,14",2025-04-28,23000,27.00,24223.000000000,27.00,19650,26.00,14825,14825.000,,6.000000000000000,,,,,,23,8,PJF-007,5.91,3,cosecha,PROGRAMADA
406,"BIO2,CP1,BSF-025,14",2025-04-28,28000,19.00,29198.000000000,19.88,26850,20.23,17400,17050.000,,3.000000000000000,2,8,Normal,400.00,13,220,3,BSF-025,5.77,2,cosecha,PROGRAMADA
407,"BIO3,CP2,PL1-007,15",2025-04-28,24000,29.00,25108.000000000,28.82,18200,29.16,13000,13000.000,,3.000000000000000,1,4,Bajo,235.00,14,250,9,PL1-007,4.00,3,cosecha,PROGRAMADA
408,"BIO2,CP2,BA1-006,15",2025-04-28,20000,20.00,23453.000000000,19.25,16250,20.00,9625,9625.000,,2.000000000000000,1,5,Normal,324.44,13,15,4,BA1-006,4.26,2,cosecha,PROGRAMADA
409,"BIO1,CP2,BG2-033,15",2025-04-29,40000,29.00,43480.000000000,29.72,32100,30.00,20600,20675.000,,9.000000000000000,2,6,Normal,470.00,14,122,2,BG2-033,7.00,1,cosecha,PROGRAMADA
410,"BIO2,CP3,BSS-002,14",2025-04-29,25000,22.00,27996.000000000,23.00,25350,23.00,15900,13125.000,,2.000000000000000,1,5,Bajo,396.00,14,108,5,BSS-002,5.64,2,cosecha,PROGRAMADA
412,"BIO3,CP1,PJF-003,15",2025-04-29,30000,25.00,33024.000000000,25.00,21950,25.85,13750,13750.000,,,,,,,,10,8,PJF-003,8.83,3,cosecha,PROGRAMADA
413,"BIO2,CP2,BA1-001,15",2025-04-29,40000,23.00,37097.000000000,22.10,26050,23.00,12850,12850.000,,3.000000000000000,2,6,Normal,420.93,11,1,4,BA1-001,7.63,2,cosecha,PROGRAMADA
414,"BIO2,CP1,BSF-003,15",2025-04-30,28000,26.00,37065.000000000,25.87,27450,23.13,17725,17800.000,,2.000000000000000,2,8,Normal,370.00,12,158,3,BSF-003,6.03,2,cosecha,PROGRAMADA
415,"BIO2,CP3,BSS-033,14",2025-04-30,22000,24.00,24239.000000000,23.60,18650,24.00,13400,13475.000,,2.000000000000000,1,5,Bajo,320.00,14,233,5,BSS-033,4.65,2,cosecha,PROGRAMADA
416,"BIO3,CP3,PL2-007,15",2025-04-30,30000,21.00,28444.000000000,22.93,29900,21.22,16100,16000.000,,4.000000000000000,1,5,Bajo,410.00,13,136,10,PL2-007,5.37,3,cosecha,PROGRAMADA
417,"BIO3,CP3,PL2-010,15",2025-04-30,28000,19.00,23851.000000000,20.52,21500,21.02,13425,13425.000,,3.000000000000000,1,6,Bajo,460.00,14,145,10,PL2-010,5.19,3,cosecha,PROGRAMADA
418,"BIO2,CP2,BA1-008,14",2025-04-30,23000,18.00,20705.000000000,18.25,23350,18.00,10600,10600.000,,2.000000000000000,1,4,Normal,464.90,,21,4,BA1-008,5.73,2,cosecha,PROGRAMADA
419,"BIO1,CP1,BG1-005,15",2025-04-30,40000,22.00,38192.000000000,20.00,36100,20.80,17750,17750.000,,11.000000000000000,2,11,Alto,679.00,14,11,1,BG1-005,8.68,1,cosecha,PROGRAMADA
420,"BIO1,CP2,BG2-038,15",2025-05-01,38000,26.00,44512.000000000,26.11,36900,26.49,22875,22875.000,,5.000000000000000,1,6,Alto,536.00,14,137,2,BG2-038,5.74,1,cosecha,PROGRAMADA
421,"BIO2,CP3,BSS-006,14",2025-05-01,18000,30.00,18666.000000000,29.00,15900,29.00,11775,10470.000,,2.000000000000000,1,5,Bajo,234.00,14,121,5,BSS-006,4.86,2,cosecha,PROGRAMADA
422,"BIO1,CP1,BG1-006,16",2025-05-01,22000,23.00,22765.000000000,22.50,21200,23.60,10775,9900.000,,6.000000000000000,1,6,Alto,359.00,14,13,1,BG1-006,5.11,1,cosecha,PROGRAMADA
423,"BIO2,CP5,BSP-006,11",2025-05-01,17000,18.00,15949.000000000,17.90,18150,17.60,10075,9875.000,,4.000000000000000,1,5,Normal,341.00,12,179,7,BSP-006,4.50,2,cosecha,PROGRAMADA
424,"BIO2,CP2,BA1-012,15",2025-05-01,23000,20.00,19956.000000000,19.98,21200,20.00,11025,11025.000,,2.000000000000000,1,4,Normal,389.00,12,44,4,BA1-012,4.54,2,cosecha,PROGRAMADA
425,"BIO2,CP3,BSS-042,14",2025-05-02,10000,26.00,11433.000000000,26.00,8800,26.00,7525,7725.000,,1.000000000000000,1,2,Bajo,134.00,14,242,5,BSS-042,2.97,2,cosecha,PROGRAMADA
426,"BIO2,CP3,BSS-043,15",2025-05-02,12000,32.00,10165.000000000,32.00,7300,30.00,5820,6550.000,,1.000000000000000,1,2,Bajo,100.00,14,244,5,BSS-043,1.88,2,cosecha,PROGRAMADA
427,"BIO2,CP1,BSF-006,14",2025-05-02,30000,21.00,29517.000000000,21.50,29100,22.75,18625,18225.000,,4.000000000000000,2,10,Normal,380.00,12,168,3,BSF-006,8.74,2,cosecha,PROGRAMADA
428,"BIO1,CP2,BG2-037,16",2025-05-02,30000,22.00,30427.000000000,20.72,25100,26.33,17625,17625.000,,5.000000000000000,1,5,Normal,361.00,14,134,2,BG2-037,5.34,1,cosecha,PROGRAMADA
610,"BIO2,CP3,BSS-012,15",2025-06-29,30000,20.00,33408.000000000,19.65,29100,20.00,17100,17100.000,,3.000000000000000,,,,,,154,5,BSS-012,5.60,2,cosecha,PROGRAMADA
429,"BIO3,CP3,PL2-013,15",2025-05-02,32000,23.00,31545.000000000,22.59,28000,23.82,16600,16375.000,,4.000000000000000,1,6,Bajo,480.00,14,163,10,PL2-013,6.51,3,cosecha,PROGRAMADA
430,"BIO2,CP2,BA1-013,15",2025-05-02,22000,18.00,17823.000000000,17.20,19700,19.00,11375,10975.000,,2.000000000000000,1,5,Normal,440.00,13,47,4,BA1-013,4.71,2,cosecha,PROGRAMADA
431,"BIO2,CP3,BSS-019,15",2025-05-03,18000,22.00,18144.000000000,22.60,16850,22.00,10300,11275.000,,2.000000000000000,1,4,Bajo,330.00,14,174,5,BSS-019,3.09,2,cosecha,PROGRAMADA
432,"BIO3,CP2,PL1-011,14",2025-05-03,28000,21.00,27864.000000000,22.72,30700,22.31,15425,15425.000,,5.000000000000000,1,8,Bajo,550.00,12,260,9,PL1-011,5.70,3,cosecha,PROGRAMADA
433,"BIO3,CP2,PL1-008,14",2025-05-04,40000,23.00,36042.000000000,23.02,37150,23.74,21075,21075.000,,5.000000000000000,2,7,Bajo,522.00,14,251,9,PL1-008,6.40,3,cosecha,PROGRAMADA
435,"BIO3,CP2,PL1-035,15",2025-05-04,20000,19.00,16900.000000000,18.53,19000,19.42,10075,10075.000,,3.000000000000000,2,3,Normal,220.00,13,284,9,PL1-035,2.88,3,cosecha,PROGRAMADA
436,"BIO2,CP2,BA1-023,15",2025-05-04,14000,19.00,11878.000000000,16.47,12500,19.00,6550,6550.000,,2.000000000000000,1,3,Normal,225.00,14,65,4,BA1-023,2.98,2,cosecha,PROGRAMADA
437,"BIO2,CP1,BSF-007,13",2025-05-05,28000,25.00,34251.000000000,24.40,17200,23.31,12850,11925.000,,3.000000000000000,2,8,Normal,312.00,12,171,3,BSF-007,6.33,2,cosecha,PROGRAMADA
438,"BIO2,CP1,BSF-009,13",2025-05-05,28000,26.00,29000.000000000,25.22,26650,25.99,17150,18175.000,,4.000000000000000,2,8,Normal,200.00,13,178,3,BSF-009,7.15,2,cosecha,PROGRAMADA
439,"BIO2,CP3,BSS-038,14",2025-05-06,25000,27.00,30676.000000000,27.00,24300,27.00,17125,15950.000,,2.000000000000000,1,5,Bajo,400.00,14,238,5,BSS-038,4.30,2,cosecha,PROGRAMADA
440,"BIO2,CP5,BSP-004,11",2025-05-06,30000,19.00,24816.000000000,18.15,22000,19.00,15375,15375.000,,5.000000000000000,1,5,Bajo,306.00,13,173,7,BSP-004,5.65,2,cosecha,PROGRAMADA
441,"BIO3,CP2,PL1-025,15",2025-05-06,24000,18.00,19913.000000000,18.81,26600,18.61,11875,11875.000,,3.000000000000000,2,4,Normal,250.00,13,274,9,PL1-025,4.00,3,cosecha,PROGRAMADA
442,"BIO3,CP2,PL1-031,15",2025-05-06,22000,17.00,20441.000000000,16.98,22400,16.88,11775,11775.000,,3.000000000000000,2,4,Alto,240.00,11,280,9,PL1-031,3.20,3,cosecha,PROGRAMADA
443,"BIO2,CP4,BA2-044,13",2025-05-06,35000,17.00,36022.000000000,16.10,25200,16.00,18500,18550.000,,8.000000000000000,2,10,Normal,397.00,12,96,6,BA2-044,11.30,2,cosecha,PROGRAMADA
444,"BIO2,CP4,BA2-049,14",2025-05-06,10000,19.00,10254.000000000,19.80,10000,19.00,6400,6425.000,,2.000000000000000,1,2,Normal,190.00,14,112,6,BA2-049,2.14,2,cosecha,PROGRAMADA
446,"BIO3,CP1,PJF-006,21",2025-05-07,22000,20.00,24762.000000000,20.21,28500,20.00,15475,15450.000,,4.000000000000000,,,,450.00,,20,8,PJF-006,6.12,3,cosecha,PROGRAMADA
447,"BIO2,CP1,BSF-033,13",2025-05-07,33000,28.00,32143.000000000,27.55,27350,27.35,17350,17350.000,,3.000000000000000,2,8,Normal,230.00,12,228,3,BSF-033,6.73,2,cosecha,PROGRAMADA
448,"BIO2,CP3,BSS-028,15",2025-05-07,24000,24.00,24220.000000000,24.00,19500,24.00,12415,10125.000,,2.000000000000000,1,5,Bajo,340.00,14,201,5,BSS-028,4.22,2,cosecha,PROGRAMADA
449,"BIO2,CP5,BSP-008,03",2025-05-07,25000,21.00,19737.000000000,22.40,17750,23.00,10125,10275.000,,4.000000000000000,1,4,Bajo,256.00,13,186,7,BSP-008,4.45,2,cosecha,PROGRAMADA
450,"BIO2,CP4,BA2-043,13",2025-05-07,30000,17.00,30000.000000000,16.10,16290,16.00,16200,16200.000,,8.000000000000000,1,8,Normal,336.00,12,93,6,BA2-043,8.47,2,cosecha,PROGRAMADA
451,"BIO2,CP2,BA1-022,15",2025-05-07,16000,19.00,17260.000000000,21.00,14650,21.00,7775,7775.000,,2.000000000000000,1,4,Normal,311.00,13,64,4,BA1-022,4.67,2,cosecha,PROGRAMADA
452,"BIO1,CP2,BG2-024,14",2025-05-08,45000,30.00,53076.000000000,30.00,50150,30.70,31340,31425.000,,8.000000000000000,2,8,Normal,669.00,14,95,2,BG2-024,7.91,1,cosecha,PROGRAMADA
453,"BIO2,CP3,BSS-031,16",2025-05-08,24000,30.00,24449.000000000,30.00,24900,24.00,11950,12100.000,,,2,8,Bajo,322.00,14,231,5,BSS-031,8.82,2,cosecha,PROGRAMADA
454,"BIO3,CP1,PJF-011,15",2025-05-08,28000,24.00,29120.000000000,23.78,28500,23.00,18700,18700.000,,4.000000000000000,,,,425.00,,42,8,PJF-011,6.69,3,cosecha,PROGRAMADA
455,"BIO2,CP5,BSP-012,11",2025-05-08,34000,20.00,30916.000000000,21.10,32500,20.00,15675,15700.000,,5.000000000000000,2,7,Bajo,521.00,12,202,7,BSP-012,7.40,2,cosecha,PROGRAMADA
456,"BIO3,CP2,PL1-026,15",2025-05-08,22000,18.00,15991.000000000,17.75,21250,18.24,10075,10075.000,,3.000000000000000,2,4,Normal,247.00,13,275,9,PL1-026,3.00,3,cosecha,PROGRAMADA
457,"BIO1,CP1,BG1-009,16",2025-05-08,25000,25.00,26853.000000000,24.91,25850,25.50,13900,14200.000,,5.000000000000000,1,5,Alto,359.00,14,22,1,BG1-009,4.90,1,cosecha,PROGRAMADA
458,"BIO2,CP2,BA1-021,15",2025-05-08,16000,19.00,15576.000000000,20.00,15850,20.00,8150,8150.000,,2.000000000000000,1,4,Normal,264.00,13,63,4,BA1-021,3.54,2,cosecha,PROGRAMADA
459,"BIO2,CP2,BA1-039,14",2025-05-08,12000,17.00,11669.000000000,17.00,11000,17.00,5950,5950.000,,2.000000000000000,1,3,Normal,217.00,13,100,4,BA1-039,3.12,2,cosecha,PROGRAMADA
460,"BIO2,CP4,BA2-204,21",2025-05-08,2000,14.00,2033.000000000,14.00,1350,14.00,310,325.000,,1.000000000000000,1,1,Normal,15.00,14,80,6,BA2-204,1.32,2,cosecha,PROGRAMADA
461,"BIO2,CP1,BSF-013,14",2025-05-09,30000,25.00,39902.000000000,25.08,32700,23.15,18325,17825.000,,3.000000000000000,2,8,Normal,280.00,12,206,3,BSF-013,8.37,2,cosecha,PROGRAMADA
462,"BIO2,CP5,BSP-009,03",2025-05-09,24000,21.00,22572.000000000,24.00,24150,23.00,13350,13375.000,,3.000000000000000,1,4,Bajo,310.00,14,189,7,BSP-009,4.75,2,cosecha,PROGRAMADA
463,"BIO2,CP3,BSS-007,14",2025-05-09,20000,22.00,20833.000000000,22.76,15340,22.00,11500,11825.000,,,1,4,Bajo,320.00,14,124,5,BSS-007,3.35,2,cosecha,PROGRAMADA
464,"BIO3,CP2,PL1-045,06",2025-05-09,30000,24.00,27027.000000000,24.57,30400,23.75,14700,14700.000,,3.000000000000000,1,4,Bajo,410.00,12,298,9,PL1-045,5.00,3,cosecha,PROGRAMADA
465,"BIO1,CP2,BG2-022,15",2025-05-09,30000,26.00,41791.000000000,25.11,34400,26.31,15425,15425.000,,7.000000000000000,2,7,Normal,527.00,14,89,2,BG2-022,8.90,1,cosecha,PROGRAMADA
466,"BIO2,CP2,BA1-018,15",2025-05-09,30000,16.00,30948.000000000,16.00,27730,16.00,16000,16000.000,,2.000000000000000,2,8,Normal,570.00,12,60,4,BA1-018,6.28,2,cosecha,PROGRAMADA
467,"BIO2,CP2,BA1-037,15",2025-05-09,11000,17.00,10665.000000000,18.50,9150,18.00,5875,5875.000,,2.000000000000000,1,3,Normal,210.00,14,94,4,BA1-037,2.38,2,cosecha,PROGRAMADA
468,"BIO1,CP2,BG2-030,15",2025-05-10,35000,32.00,27794.000000000,31.38,32600,32.83,20225,20225.000,,4.000000000000000,2,8,Alto,510.00,14,113,2,BG2-030,7.32,1,cosecha,PROGRAMADA
469,"BIO2,CP2,BA1-017,15",2025-05-10,20000,17.00,21252.000000000,17.50,19700,17.00,11275,11275.000,,2.000000000000000,1,5,Normal,414.00,13,58,4,BA1-017,4.60,2,cosecha,PROGRAMADA
470,"BIO3,CP3,PL2-008,15",2025-05-10,66000,19.00,65782.000000000,19.16,72050,18.08,35875,35875.000,,10.000000000000000,2,12,Bajo,1075.00,13,139,10,PL2-008,17.00,3,cosecha,PROGRAMADA
471,"BIO3,CP2,PL1-029,15",2025-05-11,52000,23.00,51114.000000000,22.34,56250,23.25,30650,30650.000,,7.000000000000000,5,8,Normal,500.00,13,278,9,PL1-029,10.00,3,cosecha,PROGRAMADA
2138,"BIO2,CP2,BA1-007,22",2026-06-22,15000,24.00,15986.000000000,24.01,12500,24.00,12575,,,0.660000000000000,,,,,,18,4,,3.02,2,cosecha,PROGRAMADA
472,"BIO3,CP2,PL1-047,03",2025-05-12,26000,18.00,20919.000000000,19.42,28900,16.61,14350,14350.000,,3.000000000000000,2,7,Bajo,418.00,12,300,9,PL1-047,8.59,3,cosecha,PROGRAMADA
473,"BIO2,CP4,BA2-048,14",2025-05-12,14000,17.00,11827.000000000,16.00,11650,17.00,6700,6700.000,,2.000000000000000,1,3,Normal,218.00,13,109,6,BA2-048,2.80,2,cosecha,PROGRAMADA
474,"BIO2,CP4,BA2-205,24",2025-05-12,3000,16.00,2692.000000000,14.00,2400,16.00,1400,1400.000,,1.000000000000000,1,1,Normal,51.00,11,83,6,BA2-205,0.46,2,cosecha,PROGRAMADA
475,"BIO2,CP3,BSS-015,14",2025-05-13,9000,35.00,15526.000000000,34.00,11750,47.00,11810,11150.000,,,1,3,Normal,150.00,14,162,5,BSS-015,5.88,2,cosecha,PROGRAMADA
476,"BIO3,CP2,PL1-046,03",2025-05-13,22000,24.00,20030.000000000,23.87,24950,17.81,12325,12325.000,,3.000000000000000,2,6,Bajo,355.00,11,299,9,PL1-046,8.31,3,cosecha,PROGRAMADA
1984,"BIO2,CP3,BSS-027,21",2026-05-27,6000,17.00,33653.000000000,17.53,6100,16.65,17000,,,0.800000000000000,,,,,,198,5,,6.22,2,raleo,PROGRAMADA
478,"BIO2,CP5,BSP-015,11",2025-05-14,32000,22.00,29000.000000000,22.00,26000,22.30,14350,14350.000,,4.000000000000000,1,5,Bajo,430.00,14,305,7,BSP-015,6.00,2,cosecha,PROGRAMADA
479,"BIO2,CP4,BA2-047,13",2025-05-14,29000,18.00,26189.000000000,16.00,19800,18.00,13925,13800.000,,8.000000000000000,2,7,Normal,406.00,14,106,6,BA2-047,7.44,2,cosecha,PROGRAMADA
480,"BIO3,CP1,PJF-008,14",2025-05-15,35000,28.00,36966.000000000,28.99,35400,27.50,19525,19550.000,,,,,,425.00,,26,8,PJF-008,9.66,3,cosecha,PROGRAMADA
481,"BIO2,CP1,BSF-010,14",2025-05-15,30000,19.00,27348.000000000,19.40,30000,18.00,15050,15050.000,,4.000000000000000,2,8,Normal,420.00,12,180,3,BSF-010,6.89,2,cosecha,PROGRAMADA
482,"BIO3,CP2,PL1-044,03",2025-05-15,28000,18.00,19023.000000000,17.99,24250,17.99,15525,15525.000,,3.000000000000000,2,6,Bajo,410.00,11,297,9,PL1-044,7.51,3,cosecha,PROGRAMADA
483,"BIO3,CP3,PL2-011,15",2025-05-15,34000,22.00,29525.000000000,22.85,29750,22.89,18050,18050.000,,4.000000000000000,1,6,Bajo,433.00,14,156,10,PL2-011,6.44,3,cosecha,PROGRAMADA
484,"BIO2,CP4,BA2-046,13",2025-05-15,35000,18.00,41580.000000000,18.00,36250,18.00,19475,19325.000,,9.000000000000000,2,10,Normal,607.00,14,102,6,BA2-046,10.50,2,cosecha,PROGRAMADA
485,"BIO2,CP3,BSS-017,14",2025-05-16,25000,22.00,22497.000000000,23.00,25600,22.00,14575,14300.000,,,1,4,Bajo,325.00,14,169,5,BSS-017,7.80,2,cosecha,PROGRAMADA
486,"BIO3,CP2,PL1-034,15",2025-05-16,32000,21.00,26295.000000000,21.08,29650,21.15,19150,19150.000,,7.000000000000000,4,6,Normal,370.00,13,283,9,PL1-034,9.00,3,cosecha,PROGRAMADA
487,"BIO2,CP5,BSP-003,11",2025-05-16,30000,17.50,28779.000000000,18.50,26450,17.10,15575,15575.000,,5.000000000000000,1,5,Bajo,450.00,13,170,7,BSP-003,6.50,2,cosecha,PROGRAMADA
488,"BIO2,CP2,BA1-024,14",2025-05-16,16000,17.00,17028.000000000,18.00,16200,18.00,8275,8275.000,,2.000000000000000,1,6,Normal,266.00,14,66,4,BA1-024,4.30,2,cosecha,PROGRAMADA
489,"BIO3,CP2,PL1-036,16",2025-05-17,20000,20.00,14422.000000000,20.05,17250,17.17,10695,10700.000,,5.000000000000000,2,3,Normal,181.00,12,285,9,PL1-036,6.70,3,cosecha,PROGRAMADA
490,"BIO2,CP2,BA1-025,15",2025-05-17,18000,18.00,20885.000000000,18.48,21700,18.00,9900,9900.000,,2.000000000000000,1,5,Normal,350.00,14,67,4,BA1-025,4.67,2,cosecha,PROGRAMADA
492,"BIO1,CP2,BG2-028,15",2025-05-18,43000,25.00,42304.000000000,25.62,42300,25.23,23525,23500.000,,8.000000000000000,2,9,Normal,651.00,14,107,2,BG2-028,8.83,1,cosecha,PROGRAMADA
493,"BIO2,CP3,BSS-016,14",2025-05-18,26000,23.00,29571.000000000,24.73,29300,23.00,17700,17400.000,,,1,6,Normal,425.00,14,166,5,BSS-016,7.57,2,cosecha,PROGRAMADA
494,"BIO3,CP2,PL1-014,15",2025-05-18,42000,22.00,36387.000000000,21.50,40350,20.78,21325,21325.000,,6.000000000000000,1,8,Bajo,579.00,13,263,9,PL1-014,6.76,3,cosecha,PROGRAMADA
495,"BIO2,CP2,BA1-028,15",2025-05-18,22000,19.00,23576.000000000,19.52,20100,19.00,11375,11375.000,,2.000000000000000,1,6,Normal,405.00,14,70,4,BA1-028,5.49,2,cosecha,PROGRAMADA
496,"BIO1,CP2,BG2-041,15",2025-05-18,25000,22.00,26776.000000000,22.71,24750,24.14,13900,13700.000,,5.000000000000000,2,8,Normal,332.00,14,146,2,BG2-041,6.38,1,cosecha,PROGRAMADA
497,"BIO3,CP2,PL1-013,13",2025-05-19,44000,23.00,39125.000000000,22.55,43300,20.28,22475,22475.000,,7.000000000000000,2,8,Bajo,659.00,13,262,9,PL1-013,7.35,3,cosecha,PROGRAMADA
2140,"BIO2,CP3,BSS-013,21",2026-06-21,6000,18.00,23383.000000000,17.66,6000,17.76,12225,,,0.400000000000000,,,,,,157,5,,4.62,2,raleo,PROGRAMADA
499,"BIO3,CP1,PJF-001,14",2025-05-20,35000,27.00,33530.000000000,25.20,30250,26.00,23000,23000.000,,7.000000000000000,,,,475.00,,3,8,PJF-001,8.40,3,cosecha,PROGRAMADA
500,"BIO3,CP2,PL1-015,13",2025-05-20,28000,17.00,24977.000000000,16.98,31250,17.46,17150,17150.000,,7.000000000000000,1,8,Bajo,526.00,13,264,9,PL1-015,6.74,3,cosecha,PROGRAMADA
501,"BIO2,CP3,BSS-032,14",2025-05-20,29000,19.00,28712.000000000,17.00,23150,18.00,13575,13475.000,,3.000000000000000,2,8,Bajo,425.00,14,232,5,BSS-032,7.89,2,cosecha,PROGRAMADA
502,"BIO2,CP5,BSP-002,12",2025-05-20,27000,19.00,24603.000000000,18.50,26900,19.20,15450,15600.000,,5.000000000000000,1,5,Bajo,403.00,14,167,7,BSP-002,4.65,2,cosecha,PROGRAMADA
503,"BIO2,CP2,BA1-040,16",2025-05-20,9000,18.00,7508.000000000,15.80,8600,17.00,4700,4700.000,,2.000000000000000,1,3,Normal,175.00,14,103,4,BA1-040,1.80,2,cosecha,PROGRAMADA
504,"BIO1,CP1,BG1-016,15",2025-05-20,45000,25.00,57071.000000000,23.10,44250,24.50,21200,21100.000,,9.000000000000000,6,12,Normal,587.00,14,49,1,BG1-016,11.23,1,cosecha,PROGRAMADA
505,"BIO2,CP3,BSS-013,15",2025-05-21,21000,20.00,21385.000000000,21.04,19600,21.90,10400,10150.000,,,1,4,Normal,280.00,14,157,5,BSS-013,4.62,2,cosecha,PROGRAMADA
506,"BIO3,CP2,PL1-006,15",2025-05-21,34000,18.00,26306.000000000,18.59,31150,18.32,16725,16725.000,,4.000000000000000,1,5,Bajo,413.00,14,249,9,PL1-006,5.80,3,cosecha,PROGRAMADA
507,"BIO2,CP1,BSF-011,15",2025-05-21,32000,19.00,24750.000000000,18.48,30750,21.62,18975,19050.000,,3.000000000000000,2,8,Normal,590.00,14,200,3,BSF-011,6.84,2,cosecha,PROGRAMADA
508,"BIO2,CP4,BA2-050,14",2025-05-21,35000,16.00,30096.000000000,16.00,31150,16.00,18675,18650.000,,7.000000000000000,2,8,Normal,586.00,13,115,6,BA2-050,8.55,2,cosecha,PROGRAMADA
509,"BIO1,CP1,BG1-017,15",2025-05-21,30000,28.00,44180.000000000,26.50,23575,28.00,15325,15825.000,,6.000000000000000,1,6,Normal,325.00,14,51,1,BG1-017,8.42,1,cosecha,PROGRAMADA
510,"BIO1,CP2,BG2-023,15",2025-05-22,40000,28.00,48187.000000000,27.67,47350,28.76,22750,22300.000,,8.000000000000000,2,9,Normal,585.00,14,92,2,BG2-023,10.02,1,cosecha,PROGRAMADA
511,"BIO3,CP1,PJF-004,14",2025-05-22,43000,22.00,51300.000000000,23.69,32850,22.15,18800,18800.000,,,,,,525.00,,14,8,PJF-004,8.95,3,cosecha,PROGRAMADA
512,"BIO2,CP3,BSS-011,14",2025-05-22,21000,19.00,21962.000000000,18.91,22850,19.00,11675,11350.000,,,1,4,Bajo,325.00,13,150,5,BSS-011,4.92,2,cosecha,PROGRAMADA
513,"BIO2,CP5,BSP-001,12",2025-05-22,20000,20.00,20630.000000000,19.70,24450,19.90,12150,12150.000,,2.000000000000000,1,4,Bajo,338.00,13,164,7,BSP-001,3.40,2,cosecha,PROGRAMADA
1982,"BIO2,CP3,BSS-007,20",2026-05-27,10000,15.00,10203.000000000,15.88,6950,15.00,8025,,,0.900000000000000,,,,,,124,5,,3.35,2,cosecha,PROGRAMADA
1983,"BIO2,CP3,BSS-019,21",2026-05-27,3000,14.00,14740.000000000,13.87,3000,13.50,7375,,,0.970000000000000,,,,,,174,5,,3.09,2,raleo,PROGRAMADA
515,"BIO2,CP2,BA1-014,15",2025-05-22,35000,18.00,32500.000000000,16.98,29100,18.00,16050,16050.000,,2.000000000000000,2,6,Normal,548.00,13,50,4,BA1-014,7.25,2,cosecha,PROGRAMADA
516,"BIO2,CP2,BA1-015,15",2025-05-22,15000,19.00,14647.000000000,18.22,14900,19.00,8250,8250.000,,2.000000000000000,1,3,Normal,205.00,13,53,4,BA1-015,4.06,2,cosecha,PROGRAMADA
517,"BIO2,CP3,BSS-037,14",2025-05-23,22000,21.00,22882.000000000,19.50,17500,21.00,9940,9900.000,,3.000000000000000,1,4,Normal,310.00,14,237,5,BSS-037,4.25,2,cosecha,PROGRAMADA
518,"BIO1,CP1,BG1-011,15",2025-05-23,40000,22.00,56300.000000000,23.80,39650,23.10,26050,26050.000,,12.000000000000000,1,10,Normal,633.00,14,34,1,BG1-011,10.77,1,cosecha,PROGRAMADA
519,"BIO3,CP1,PJF-005,14",2025-05-24,40000,20.00,50581.000000000,20.56,44600,20.00,27100,27100.000,,10.000000000000000,,,,725.00,,17,8,PJF-005,10.65,3,cosecha,PROGRAMADA
520,"BIO3,CP2,PL1-001,15",2025-05-24,56000,21.00,52633.000000000,21.42,56500,20.40,30075,30075.000,,6.000000000000000,2,10,Bajo,725.00,13,207,9,PL1-001,9.00,3,cosecha,PROGRAMADA
521,"BIO2,CP3,BSS-041,15",2025-05-24,21000,22.00,22002.000000000,22.00,19050,22.00,10660,10625.000,,,1,4,Bajo,325.00,14,241,5,BSS-041,3.82,2,cosecha,PROGRAMADA
522,"BIO2,CP1,BSF-027,14",2025-05-24,26000,19.00,30174.000000000,19.00,20200,19.00,9700,9700.000,,3.000000000000000,1,8,Normal,360.00,13,222,3,BSF-027,6.81,2,cosecha,PROGRAMADA
523,"BIO2,CP3,BSS-040,16",2025-05-25,29000,23.00,28475.000000000,23.00,28350,23.00,13800,13800.000,,,2,6,Normal,410.00,13,240,5,BSS-040,7.03,2,cosecha,PROGRAMADA
524,"BIO1,CP1,BG1-010,14",2025-05-25,30000,23.00,32834.000000000,23.00,36150,24.10,18550,18625.000,,7.000000000000000,1,7,Alto,417.00,14,25,1,BG1-010,7.21,1,cosecha,PROGRAMADA
525,"BIO3,CP3,PL2-005,15",2025-05-25,38000,18.00,30059.000000000,18.73,32800,19.00,18375,18375.000,,4.000000000000000,2,8,Bajo,475.00,13,129,10,PL2-005,6.13,3,cosecha,PROGRAMADA
526,"BIO1,CP2,BG2-032,16",2025-05-26,50000,30.00,66086.000000000,30.15,58400,30.00,26800,26250.000,,12.000000000000000,2,10,Alto,575.00,14,119,2,BG2-032,9.69,1,cosecha,PROGRAMADA
527,"BIO2,CP3,BSS-029,15",2025-05-26,25000,27.00,25756.000000000,26.70,25450,25.00,12650,12650.000,,,1,6,Bajo,310.00,13,204,5,BSS-029,5.04,2,cosecha,PROGRAMADA
528,"BIO2,CP1,BSF-004,15",2025-05-26,22000,15.00,19434.000000000,15.40,26900,16.00,12900,12500.000,,2.000000000000000,2,8,Normal,590.00,13,161,3,BSF-004,7.17,2,cosecha,PROGRAMADA
530,"BIO2,CP2,BA1-026,15",2025-05-26,15000,19.00,19900.000000000,16.76,20600,18.00,11475,11475.000,,2.000000000000000,1,5,Normal,310.00,14,68,4,BA1-026,4.91,2,cosecha,PROGRAMADA
531,"BIO2,CP1,BSF-001,14",2025-05-27,30000,19.00,27457.000000000,18.00,28650,18.46,18025,18025.000,,3.000000000000000,2,8,Normal,550.00,13,153,3,BSF-001,6.48,2,cosecha,PROGRAMADA
532,"BIO2,CP3,BSS-001,15",2025-05-27,28000,23.00,26368.000000000,22.00,28150,23.00,13800,13800.000,,3.000000000000000,,,,350.00,,105,5,BSS-001,6.81,2,cosecha,PROGRAMADA
533,"BIO3,CP3,PL2-004,15",2025-05-27,38000,20.00,31891.000000000,19.61,36200,21.47,20100,20100.000,,3.000000000000000,1,6,Bajo,500.00,13,126,10,PL2-004,6.40,3,cosecha,PROGRAMADA
534,"BIO2,CP2,BA1-020,15",2025-05-27,21000,18.00,19820.000000000,16.50,22600,18.00,11525,11525.000,,,1,5,Normal,360.00,13,62,4,BA1-020,4.55,2,cosecha,PROGRAMADA
535,"BIO3,CP1,PJF-010,14",2025-05-28,35000,19.00,38062.000000000,18.20,33500,18.70,25850,25725.000,,5.000000000000000,,,,525.00,,32,8,PJF-010,6.79,3,cosecha,PROGRAMADA
536,"BIO2,CP3,BSS-005,14",2025-05-28,26000,24.00,26860.000000000,24.34,26000,24.34,14710,14675.000,,,,,,350.00,,118,5,BSS-005,4.87,2,cosecha,PROGRAMADA
537,"BIO2,CP1,BSF-018,14",2025-05-28,33000,21.00,25521.000000000,21.50,28150,22.71,15700,15700.000,,,,,,400.00,,213,3,BSF-018,5.74,2,cosecha,PROGRAMADA
538,"BIO3,CP2,PL1-030,16",2025-05-28,26000,24.00,23956.000000000,23.48,25940,23.21,13050,13050.000,,4.000000000000000,2,4,Alto,314.00,12,279,9,PL1-030,4.40,3,cosecha,PROGRAMADA
539,"BIO2,CP2,BA1-034,15",2025-05-28,34000,18.00,29305.000000000,16.30,32500,17.00,16200,16200.000,,2.000000000000000,,,,525.00,,84,4,BA1-034,6.81,2,cosecha,PROGRAMADA
540,"BIO2,CP1,BSF-008,14",2025-05-29,24000,21.00,28315.000000000,21.70,26900,23.82,16975,16975.000,,3.000000000000000,,,,275.00,,175,3,BSF-008,6.59,2,cosecha,PROGRAMADA
542,"BIO2,CP3,BSS-008,15",2025-05-29,27000,19.00,24430.000000000,20.07,25000,19.00,12600,12600.000,,,,,,375.00,,127,5,BSS-008,5.32,2,cosecha,PROGRAMADA
543,"BIO3,CP2,PL1-033,15",2025-05-29,36000,21.00,32905.000000000,20.73,37500,20.00,19125,19125.000,,6.000000000000000,,,,525.00,,282,9,PL1-033,7.40,3,cosecha,PROGRAMADA
544,"BIO1,CP1,BG1-012,16",2025-05-29,31000,19.00,32395.000000000,19.00,25950,24.00,16850,16800.000,,7.000000000000000,,,,425.00,,37,1,BG1-012,7.75,1,cosecha,PROGRAMADA
545,"BIO2,CP2,BA1-035,15",2025-05-29,25000,16.00,19309.000000000,15.80,18950,17.00,11075,11075.000,,2.000000000000000,,,,400.00,,88,4,BA1-035,5.05,2,cosecha,PROGRAMADA
546,"BIO3,CP2,PL1-027,15",2025-05-30,32000,23.00,38239.000000000,22.21,32800,20.45,21775,21850.000,,5.000000000000000,,,,500.00,,276,9,PL1-027,7.00,3,cosecha,PROGRAMADA
547,"BIO3,CP2,PL1-017,13",2025-05-30,32000,18.00,27850.000000000,17.23,31550,17.21,17150,17125.000,,6.000000000000000,,,,550.00,,266,9,PL1-017,6.40,3,cosecha,PROGRAMADA
548,"BIO2,CP2,BA1-030,15",2025-05-30,35000,16.00,35275.000000000,16.41,32550,17.00,18075,18075.000,,3.000000000000000,,,,650.00,,73,4,BA1-030,6.98,2,cosecha,PROGRAMADA
549,"BIO3,CP2,PL1-018,13",2025-05-31,26000,21.00,23176.000000000,21.28,22250,19.18,14325,14325.000,,4.000000000000000,,,,325.00,,267,9,PL1-018,4.55,3,cosecha,PROGRAMADA
550,"BIO2,CP1,BSF-017,14",2025-05-31,28000,16.00,18263.000000000,16.20,27350,19.25,13800,13725.000,,,,,,425.00,,212,3,BSF-017,5.89,2,cosecha,PROGRAMADA
551,"BIO1,CP1,BG1-014,15",2025-05-31,12000,21.00,12282.000000000,21.00,14800,24.00,7200,7200.000,,4.000000000000000,,,,300.00,,43,1,BG1-014,4.09,1,cosecha,PROGRAMADA
552,"BIO2,CP2,BA1-005,16",2025-05-31,36000,20.00,37110.000000000,20.11,33400,20.00,18225,18225.000,,2.000000000000000,,,,525.00,,12,4,BA1-005,6.99,2,cosecha,PROGRAMADA
553,"BIO2,CP1,BSF-020,14",2025-06-01,30000,20.00,33387.000000000,19.50,31000,20.84,16250,16175.000,,2.000000000000000,,,,450.00,,215,3,BSF-020,6.54,2,cosecha,PROGRAMADA
554,"BIO2,CP2,BA1-002,15",2025-06-01,36000,20.00,34618.000000000,18.60,31200,20.00,17975,17975.000,,2.000000000000000,,,,500.00,,4,4,BA1-002,7.05,2,cosecha,PROGRAMADA
555,"BIO3,CP2,PL1-040,04",2025-06-01,30000,19.00,25148.000000000,18.77,31500,17.76,15600,15550.000,,3.000000000000000,,,,475.00,,293,9,PL1-040,7.00,3,cosecha,PROGRAMADA
556,"BIO1,CP2,BG2-040,16",2025-06-01,25000,25.00,28514.000000000,23.90,23150,24.41,10675,10675.000,,5.000000000000000,,,,300.00,,143,2,BG2-040,6.38,1,cosecha,PROGRAMADA
557,"BIO2,CP5,BSP-005,29",2025-06-02,25000,21.00,19527.000000000,20.75,22400,20.50,12450,12450.000,,3.000000000000000,,,,300.00,,176,7,BSP-005,2.95,2,cosecha,PROGRAMADA
558,"BIO3,CP2,PL1-028,15",2025-06-02,30000,20.00,25483.000000000,19.50,24700,19.56,15800,15800.000,,5.000000000000000,,,,500.00,,277,9,PL1-028,5.50,3,cosecha,PROGRAMADA
559,"BIO2,CP2,BA1-007,16",2025-06-02,16000,22.00,15457.000000000,21.15,16300,22.00,9050,9250.000,,1.000000000000000,,,,250.00,,18,4,BA1-007,3.02,2,cosecha,PROGRAMADA
560,"BIO2,CP1,BSF-022,15",2025-06-03,33000,18.00,27738.000000000,17.65,29850,18.84,16275,16275.000,,2.000000000000000,,,,400.00,,217,3,BSF-022,7.85,2,cosecha,PROGRAMADA
561,"BIO3,CP2,PL1-016,13",2025-06-03,30000,22.00,25576.000000000,21.28,32500,21.06,15625,15625.000,,6.000000000000000,,,,400.00,,265,9,PL1-016,6.18,3,cosecha,PROGRAMADA
562,"BIO2,CP2,BA1-033,15",2025-06-03,24000,17.00,21931.000000000,16.45,26800,17.00,13950,13950.000,,2.000000000000000,,,,400.00,,82,4,BA1-033,5.05,2,cosecha,PROGRAMADA
563,"BIO2,CP1,BSF-026,15",2025-06-04,30000,19.00,29537.000000000,21.00,26600,20.19,15375,15375.000,,2.000000000000000,,,,450.00,,221,3,BSF-026,6.33,2,cosecha,PROGRAMADA
565,"BIO2,CP3,BSS-025,17",2025-06-04,9000,22.00,9962.000000000,24.78,6800,24.78,4200,4300.000,,1.000000000000000,,,,125.00,,192,5,BSS-025,1.14,2,cosecha,PROGRAMADA
566,"BIO3,CP2,PL1-041,04",2025-06-04,30000,19.00,27520.000000000,18.52,30750,18.52,15325,15325.000,,3.000000000000000,,,,425.00,,294,9,PL1-041,7.00,3,cosecha,PROGRAMADA
567,"BIO2,CP1,BSF-012,15",2025-06-05,28000,19.00,23133.000000000,20.90,27850,22.00,15750,15750.000,,,,,,450.00,,203,3,BSF-012,5.85,2,cosecha,PROGRAMADA
568,"BIO2,CP3,BSS-034,15",2025-06-05,21000,21.00,26711.000000000,20.65,22300,21.00,14350,14350.000,,,,,,375.00,,234,5,BSS-034,4.97,2,cosecha,PROGRAMADA
569,"BIO2,CP1,BSF-015,15",2025-06-05,30000,22.00,38043.000000000,21.30,26550,20.91,13450,13450.000,,,,,,400.00,,210,3,BSF-015,6.88,2,cosecha,PROGRAMADA
570,"BIO3,CP2,PL1-042,04",2025-06-05,28000,18.00,25336.000000000,18.91,31150,19.92,13625,13625.000,,3.000000000000000,,,,,,295,9,PL1-042,7.00,3,cosecha,PROGRAMADA
571,"BIO1,CP1,BG1-003,15",2025-06-05,33000,21.00,32863.000000000,21.37,39250,21.30,19725,19725.000,,7.000000000000000,,,,,,5,1,BG1-003,6.99,1,cosecha,PROGRAMADA
572,"BIO1,CP1,BG1-002,17",2025-06-05,14000,22.00,10941.000000000,21.84,13100,23.00,8275,8275.000,,3.000000000000000,,,,,,2,1,BG1-002,2.53,1,cosecha,PROGRAMADA
575,"BIO3,CP2,PL1-005,15",2025-06-07,40000,20.00,33680.000000000,20.25,34100,19.63,18550,18550.000,,9.000000000000000,,,,,,248,9,PL1-005,6.00,3,cosecha,PROGRAMADA
576,"BIO2,CP1,BSF-028,15",2025-06-08,13000,18.00,9265.000000000,16.40,13450,18.00,8500,8500.000,,,,,,,,223,3,BSF-028,6.42,2,cosecha,PROGRAMADA
577,"BIO2,CP5,BSP-013,12",2025-06-09,25000,17.00,25000.000000000,16.40,23100,17.10,13325,13325.000,,6.000000000000000,,,,375.00,,205,7,BSP-013,4.95,2,cosecha,PROGRAMADA
578,"BIO1,CP2,BG2-039,15",2025-06-09,28000,26.00,27198.000000000,24.82,28800,26.44,11675,11725.000,,5.000000000000000,,,,,,140,2,BG2-039,5.86,1,cosecha,PROGRAMADA
579,"BIO2,CP3,BSS-022,16",2025-06-10,8000,14.00,7018.000000000,14.00,10300,14.00,5595,5575.000,,,,,,,,184,5,BSS-022,2.45,2,cosecha,PROGRAMADA
580,"BIO1,CP2,BG2-034,17",2025-06-11,40000,27.00,45823.000000000,28.46,45000,28.64,19100,19125.000,,6.000000000000000,2,9,Alto,,15,125,2,BG2-034,8.61,1,cosecha,PROGRAMADA
1985,"BIO3,CP1,PJF-005,19",2026-05-28,40000,21.00,41311.000000000,23.46,38650,23.00,21900,,,0.940000000000000,,,,,,17,8,,10.65,3,cosecha,PROGRAMADA
582,"BIO3,CP2,PL1-010,16",2025-06-12,44000,19.00,39820.000000000,18.93,42900,17.19,21525,21525.000,,8.000000000000000,,,,,,253,9,PL1-010,8.30,3,cosecha,PROGRAMADA
583,"BIO1,CP1,BG1-007,16",2025-06-12,40000,25.00,45136.000000000,24.60,42750,25.00,20250,20250.000,,,2,11,Normal,500.00,14,16,1,BG1-007,11.12,1,cosecha,PROGRAMADA
584,"BIO3,CP2,PL1-009,15",2025-06-14,40000,21.00,45572.000000000,21.10,39500,21.10,26850,26850.000,,8.000000000000000,,,,,,252,9,PL1-009,7.00,3,cosecha,PROGRAMADA
585,"BIO2,CP1,BSF-031,15",2025-06-16,28000,16.00,28241.000000000,16.00,29400,16.00,14400,14400.000,,2.000000000000000,,,,,,226,3,BSF-031,7.76,2,cosecha,PROGRAMADA
586,"BIO1,CP1,BG1-008,16",2025-06-16,40000,20.00,44644.000000000,18.80,41700,20.00,19750,19750.000,,8.000000000000000,2,8,Alto,,14,19,1,BG1-008,7.71,1,cosecha,PROGRAMADA
587,"BIO3,CP1,PJF-017,14",2025-06-17,28000,18.00,29688.000000000,17.85,25950,19.00,16175,16175.000,,6.000000000000000,,,,450.00,,59,8,PJF-017,7.56,3,cosecha,PROGRAMADA
588,"BIO2,CP2,BA1-009,15",2025-06-17,18000,20.00,15856.000000000,18.00,22950,20.00,11625,11600.000,,2.000000000000000,,,,,,24,4,BA1-009,3.08,2,cosecha,PROGRAMADA
589,"BIO1,CP1,BG1-006,17",2025-06-17,14000,18.00,11467.000000000,17.00,12300,18.50,5600,5600.000,,5.000000000000000,1,3,Normal,,14,13,1,BG1-006,5.11,1,cosecha,PROGRAMADA
590,"BIO2,CP4,BA2-045,14",2025-06-18,65000,20.00,61631.000000000,20.01,66950,20.00,38300,38300.000,,9.000000000000000,,,,,,99,6,BA2-045,10.00,2,cosecha,PROGRAMADA
591,"BIO3,CP1,PJF-016,14",2025-06-18,27000,19.00,28029.000000000,19.13,32350,19.00,15375,15375.000,,7.000000000000000,,,,,,57,8,PJF-016,7.40,3,cosecha,PROGRAMADA
2142,"BIO1,CP2,BG2-041,21",2026-06-23,36000,25.00,35445.000000000,25.20,32500,23.60,16775,,,1.100000000000000,,,,,,146,2,,6.38,1,cosecha,PROGRAMADA
593,"BIO2,CP2,BA1-010,15",2025-06-19,17000,20.00,17243.000000000,20.03,21100,20.00,11525,11525.000,,2.000000000000000,,,,,,27,4,BA1-010,3.01,2,cosecha,PROGRAMADA
594,"BIO2,CP5,BSP-014,11",2025-06-19,35000,18.00,33190.000000000,18.22,28700,18.00,14800,14800.000,,5.000000000000000,,,,425.00,,292,7,BSP-014,6.90,2,cosecha,PROGRAMADA
595,"BIO1,CP2,BG2-026,15",2025-06-20,32000,31.00,31342.000000000,32.00,28800,31.33,17550,17600.000,,4.000000000000000,2,8,Normal,,14,101,2,BG2-026,6.36,1,cosecha,PROGRAMADA
596,"BIO2,CP5,BSP-007,11",2025-06-20,35000,19.00,34485.000000000,19.00,40300,19.00,19850,19750.000,,5.000000000000000,,,,500.00,,182,7,BSP-007,8.25,2,cosecha,PROGRAMADA
598,"BIO1,CP2,BG2-029,15",2025-06-22,20000,30.00,19200.000000000,30.79,19200,32.00,9775,9775.000,,6.000000000000000,,,,,,110,2,BG2-029,7.99,1,cosecha,PROGRAMADA
599,"BIO1,CP1,BG1-015,16",2025-06-25,38000,22.00,31334.000000000,21.10,40800,22.90,21225,21225.000,,8.000000000000000,2,8,Normal,,14,46,1,BG1-015,6.75,1,cosecha,PROGRAMADA
600,"BIO2,CP2,BA1-019,15",2025-06-26,18000,20.00,17503.000000000,19.87,16400,20.00,11050,11050.000,,2.000000000000000,,,,,,61,4,BA1-019,3.08,2,cosecha,PROGRAMADA
601,"BIO2,CP5,BSP-011,03",2025-06-26,40000,18.00,39442.000000000,18.00,38400,18.20,21125,21125.000,,5.000000000000000,,,,550.00,,199,7,BSP-011,8.30,2,cosecha,PROGRAMADA
602,"BIO1,CP2,BG2-021,16",2025-06-26,33000,21.00,30322.000000000,22.91,35500,21.66,15800,15800.000,,7.000000000000000,2,8,Normal,,14,86,2,BG2-021,7.52,1,cosecha,PROGRAMADA
603,"BIO2,CP2,BA1-016,15",2025-06-27,35000,20.00,32718.000000000,20.00,39200,20.00,21225,21225.000,,3.000000000000000,,,,,,56,4,BA1-016,6.76,2,cosecha,PROGRAMADA
604,"BIO3,CP2,PL1-003,15",2025-06-27,28000,19.00,27464.000000000,19.10,29050,18.36,15200,15200.000,,4.000000000000000,,,,,,245,9,PL1-003,4.30,3,cosecha,PROGRAMADA
606,"BIO2,CP3,BSS-010,15",2025-06-28,13000,17.00,13961.000000000,16.63,12150,16.63,7900,7900.000,,2.000000000000000,,,,,,132,5,BSS-010,2.65,2,cosecha,PROGRAMADA
607,"BIO3,CP2,PL1-004,15",2025-06-28,60000,20.00,61863.000000000,20.68,54950,19.97,30675,30675.000,,7.000000000000000,,,,,,247,9,PL1-004,10.50,3,cosecha,PROGRAMADA
609,"BIO2,CP2,BA1-038,15",2025-06-28,15000,21.00,13528.000000000,21.50,16550,21.00,9075,9075.000,,2.000000000000000,,,,,,97,4,BA1-038,2.60,2,cosecha,PROGRAMADA
605,"BIO2,CP3,BSS-017,15",2025-07-27,19000,15.00,18404.000000000,14.30,22900,14.70,11650,11650.000,,0.380000000000000,,,,300.00,,169,5,BSS-017,7.80,2,cosecha,PROGRAMADA
574,"BIO2,CP3,BSS-026,15",2025-06-06,38000,29.00,37240.000000000,29.31,31500,29.31,17550,17525.000,,,,,,,,195,5,BSS-026,7.13,2,cosecha,PROGRAMADA
1986,"BIO1,CP2,BG2-023,20",2026-05-27,46000,30.00,59643.000000000,30.00,46100,29.00,26825,,,0.900000000000000,,,,,,92,2,,10.02,1,cosecha,PROGRAMADA
1987,"BIO1,CP2,BG2-037,22",2026-05-26,6500,14.00,31315.000000000,14.00,6400,14.00,13925,,,1.120000000000000,,,,,,134,2,,5.34,1,raleo,PROGRAMADA
611,"BIO2,CP4,BA2-042,14",2025-06-29,60000,20.00,55176.000000000,20.00,68150,20.00,36150,36150.000,,9.000000000000000,,,,,,90,6,BA2-042,11.40,2,cosecha,PROGRAMADA
612,"BIO3,CP2,PL1-007,16",2025-06-29,30000,20.00,27265.000000000,20.25,27300,19.50,16000,16000.000,,3.000000000000000,,,,,,250,9,PL1-007,4.00,3,cosecha,PROGRAMADA
613,"BIO1,CP2,BG2-036,15",2025-06-29,30000,24.00,33000.000000000,24.17,32850,23.85,15800,15800.000,,7.000000000000000,1,6,Normal,,14,131,2,BG2-036,5.20,1,cosecha,PROGRAMADA
614,"BIO2,CP2,BA1-036,16",2025-06-29,15000,20.00,14169.000000000,20.40,17900,20.00,9500,9500.000,,2.000000000000000,,,,,,91,4,BA1-036,2.87,2,cosecha,PROGRAMADA
615,"BIO2,CP1,BSF-030,15",2025-06-29,33000,26.00,29688.000000000,25.50,26600,27.35,16400,16400.000,,2.000000000000000,,,,,,225,3,BSF-030,5.88,2,cosecha,PROGRAMADA
616,"BIO2,CP4,BA2-041,14",2025-06-29,52000,22.00,42665.000000000,21.50,44550,22.00,29200,29200.000,,8.000000000000000,,,,,,87,6,BA2-041,8.20,2,cosecha,PROGRAMADA
617,"BIO3,CP1,PJF-014,15",2025-06-29,17000,26.00,17707.000000000,26.20,16350,28.00,9975,9975.000,,6.000000000000000,,,,,,52,8,PJF-014,7.68,3,cosecha,PROGRAMADA
619,"BIO2,CP2,BA1-032,15",2025-06-30,35000,20.00,28516.000000000,20.04,26650,20.00,19175,19175.000,,2.000000000000000,,,,,,79,4,BA1-032,5.39,2,cosecha,PROGRAMADA
620,"BIO3,CP3,PL2-003,15",2025-06-30,28000,22.00,26573.000000000,22.21,26250,22.62,14925,14925.000,,3.000000000000000,,,,,,123,10,PL2-003,4.57,3,cosecha,PROGRAMADA
621,"BIO3,CP1,PJF-015,15",2025-06-30,29000,23.00,36520.000000000,23.83,23700,23.80,12550,12550.000,,7.000000000000000,,,,,,55,8,PJF-015,7.74,3,cosecha,PROGRAMADA
622,"BIO2,CP1,BSF-003,16",2025-06-30,34000,24.00,30246.000000000,24.00,26900,23.00,13825,13825.000,,2.000000000000000,,,,,,158,3,BSF-003,6.03,2,cosecha,PROGRAMADA
623,"BIO2,CP2,BA1-029,15",2025-07-01,33000,21.00,30548.000000000,19.91,28300,20.00,18075,18075.000,,3.000000000000000,,,,450.00,,72,4,BA1-029,6.34,2,cosecha,PROGRAMADA
624,"BIO3,CP3,PL2-006,15",2025-07-01,58000,18.00,58508.000000000,18.03,63050,18.54,31600,31600.000,,7.000000000000000,,,,875.00,,133,10,PL2-006,12.14,3,cosecha,PROGRAMADA
625,"BIO3,CP1,PJF-007,15",2025-07-01,29000,18.00,29039.000000000,17.18,25150,19.00,14000,14000.000,,,,,,375.00,,23,8,PJF-007,5.91,3,cosecha,PROGRAMADA
626,"BIO2,CP1,BSF-002,17",2025-07-01,36000,21.00,33127.000000000,20.30,28550,21.85,17525,17525.000,,,2,8,Normal,425.00,14,155,3,BSF-002,6.45,2,cosecha,PROGRAMADA
627,"BIO1,CP1,BG1-005,16",2025-07-01,50000,26.00,51430.000000000,26.90,57750,26.00,26250,26250.000,,,2,10,Normal,700.00,14,11,1,BG1-005,8.68,1,cosecha,PROGRAMADA
628,"BIO3,CP2,PL1-022,16",2025-07-02,35000,20.00,34307.000000000,20.96,33250,20.41,18375,18375.000,,5.000000000000000,2,4,Alto,356.00,13,271,9,PL1-022,5.00,3,cosecha,PROGRAMADA
629,"BIO2,CP2,BA1-003,16",2025-07-02,35000,20.00,36078.000000000,21.03,32400,20.00,19950,19950.000,,3.000000000000000,1,7,Normal,496.96,14,6,4,BA1-003,5.57,2,cosecha,PROGRAMADA
630,"BIO2,CP1,BSF-035,15",2025-07-02,25000,18.00,19581.000000000,18.50,23800,18.35,13575,13575.000,,0.350000000000000,,,,375.00,,230,3,BSF-035,5.66,2,cosecha,PROGRAMADA
631,"BIO3,CP2,PL1-024,16",2025-07-03,40000,21.00,41273.000000000,20.69,41050,19.93,22500,22500.000,,5.000000000000000,1,6,Bajo,430.00,16,273,9,PL1-024,6.50,3,cosecha,PROGRAMADA
632,"BIO2,CP1,BSF-029,15",2025-07-03,37000,23.00,36209.000000000,22.50,36400,20.86,21450,21450.000,,3.000000000000000,,,,500.00,,224,3,BSF-029,6.65,2,cosecha,PROGRAMADA
633,"BIO2,CP2,BA1-001,16",2025-07-03,46000,21.00,44735.000000000,20.50,51450,20.00,28275,28275.000,,3.000000000000000,2,8,Normal,507.48,14,1,4,BA1-001,7.63,2,cosecha,PROGRAMADA
634,"BIO2,CP1,BSF-006,15",2025-07-03,33000,17.00,31149.000000000,18.00,27400,17.55,15000,15000.000,,3.000000000000000,,,,450.00,,168,3,BSF-006,8.74,2,cosecha,PROGRAMADA
635,"BIO1,CP1,BG1-009,17",2025-07-03,32000,21.00,26142.000000000,19.40,26200,21.00,15600,15600.000,,5.000000000000000,,,,300.00,,22,1,BG1-009,4.90,1,cosecha,PROGRAMADA
636,"BIO3,CP2,PL1-019,13",2025-07-04,30000,21.00,25556.000000000,20.44,22700,19.51,14350,14350.000,,5.000000000000000,1,5,Bajo,348.00,15,268,9,PL1-019,5.55,3,cosecha,PROGRAMADA
637,"BIO2,CP2,BA1-006,16",2025-07-04,30000,20.00,26294.000000000,20.04,26500,20.00,16575,16575.000,,2.000000000000000,1,5,Normal,314.68,14,15,4,BA1-006,4.26,2,cosecha,PROGRAMADA
638,"BIO2,CP1,BSF-034,15",2025-07-05,20000,20.00,19371.000000000,19.50,18100,19.29,12350,12350.000,,2.000000000000000,,,,300.00,,229,3,BSF-034,4.22,2,cosecha,PROGRAMADA
639,"BIO2,CP2,BA1-008,15",2025-07-05,30000,19.00,31547.000000000,19.25,34100,19.00,17950,17925.000,,2.000000000000000,1,6,Normal,475.00,14,21,4,BA1-008,5.73,2,cosecha,PROGRAMADA
640,"BIO2,CP3,BSS-002,15",2025-07-05,22000,18.00,20176.000000000,19.13,21900,19.13,12925,12925.000,,2.000000000000000,1,4,Normal,300.00,14,108,5,BSS-002,5.64,2,cosecha,PROGRAMADA
641,"BIO3,CP1,PJF-013,15",2025-07-06,25000,23.00,24797.000000000,23.88,22600,23.15,15250,15250.000,,6.000000000000000,,,,375.00,,48,8,PJF-013,5.90,3,cosecha,PROGRAMADA
642,"BIO2,CP1,BSF-007,14",2025-07-06,28000,18.00,25485.000000000,18.30,22400,18.35,13775,13775.000,,2.000000000000000,2,8,Normal,475.00,14,171,3,BSF-007,6.33,2,cosecha,PROGRAMADA
643,"BIO1,CP2,BG2-033,16",2025-07-07,35000,28.00,32476.000000000,26.36,25100,27.94,15500,15500.000,,9.000000000000000,2,7,Normal,350.00,14,122,2,BG2-033,7.00,1,cosecha,PROGRAMADA
644,"BIO2,CP3,BSS-003,15",2025-07-07,17000,20.00,14772.000000000,19.86,15300,20.00,9000,9000.000,,1.000000000000000,1,3,Normal,225.00,14,111,5,BSS-003,2.94,2,cosecha,PROGRAMADA
645,"BIO2,CP2,BA1-027,16",2025-07-08,30000,20.00,24029.000000000,18.50,26350,19.36,18850,18850.000,,2.000000000000000,1,5,Normal,319.50,14,69,4,BA1-027,4.92,2,cosecha,PROGRAMADA
646,"BIO2,CP1,BSF-032,15",2025-07-08,18000,18.00,17709.000000000,17.30,21650,18.50,13075,13075.000,,3.000000000000000,1,5,Normal,325.00,14,227,3,BSF-032,4.23,2,cosecha,PROGRAMADA
647,"BIO2,CP5,BSP-006,12",2025-07-08,30000,20.00,27997.000000000,20.20,35650,21.00,16175,16175.000,,4.000000000000000,1,5,bajo,450.00,16,179,7,BSP-006,4.50,2,cosecha,PROGRAMADA
648,"BIO2,CP3,BSS-043,16",2025-07-08,11000,22.00,10491.000000000,22.25,11860,22.25,6625,6625.000,,1.000000000000000,1,2,Normal,150.00,14,244,5,BSS-043,1.88,2,cosecha,PROGRAMADA
649,"BIO2,CP3,BSS-044,16",2025-07-08,10000,22.00,9048.000000000,22.23,9550,23.00,6000,6000.000,,1.000000000000000,1,2,Normal,125.00,14,246,5,BSS-044,1.48,2,cosecha,PROGRAMADA
650,"BIO2,CP5,BSP-004,12",2025-07-09,44000,20.00,39155.000000000,21.00,42200,19.80,20625,20625.000,,6.000000000000000,1,6,Bajo,550.00,16,173,7,BSP-004,5.65,2,cosecha,PROGRAMADA
651,"BIO2,CP1,BSF-024,15",2025-07-09,33000,20.00,31554.000000000,22.00,36500,20.15,17475,17475.000,,4.000000000000000,2,8,Normal,475.00,14,219,3,BSF-024,7.67,2,cosecha,PROGRAMADA
652,"BIO2,CP1,BSF-016,15",2025-07-10,21000,18.00,15734.000000000,18.00,24400,21.10,16875,16875.000,,3.000000000000000,1,6,Normal,375.00,17,211,3,BSF-016,5.06,2,cosecha,PROGRAMADA
654,"BIO1,CP2,BG2-027,16",2025-07-10,30000,18.00,31528.000000000,17.72,36600,18.42,17450,17475.000,,,2,8,Normal,475.00,14,104,2,BG2-027,6.47,1,cosecha,PROGRAMADA
655,"BIO3,CP1,PJF-011,16",2025-07-11,32000,20.00,31402.000000000,20.32,31150,21.30,17875,17875.000,,,,,,500.00,,42,8,PJF-011,6.69,3,cosecha,PROGRAMADA
2146,"BIO2,CP3,BSS-018,22",2026-06-24,25000,22.00,22058.000000000,21.51,22650,21.00,12325,,,0.450000000000000,,,,,,172,5,,4.43,2,cosecha,PROGRAMADA
656,"BIO2,CP1,BSF-009,14",2025-07-11,27000,19.00,29258.000000000,18.60,33100,20.60,19000,19000.000,,3.000000000000000,,,,500.00,,178,3,BSF-009,7.15,2,cosecha,PROGRAMADA
657,"BIO2,CP1,BSF-019,15",2025-07-12,38000,26.00,26843.000000000,25.90,34100,25.45,20450,20450.000,,3.000000000000000,2,8,Normal,500.00,14,214,3,BSF-019,6.73,2,cosecha,PROGRAMADA
658,"BIO1,CP2,BG2-038,16",2025-07-12,30000,18.00,22756.000000000,18.02,30600,17.94,15085,15100.000,,6.000000000000000,1,6,Normal,425.00,14,137,2,BG2-038,5.74,1,cosecha,PROGRAMADA
659,"BIO2,CP2,BA1-037,16",2025-07-12,15000,20.00,13107.000000000,17.88,12300,20.00,7600,7600.000,,2.000000000000000,1,3,Normal,200.00,14,94,4,BA1-037,2.38,2,cosecha,PROGRAMADA
660,"BIO3,CP2,PL1-035,16",2025-07-12,20000,21.00,17689.000000000,20.68,16700,20.28,9120,9125.000,,3.000000000000000,2,3,Alto,188.00,13,284,9,PL1-035,2.88,3,cosecha,PROGRAMADA
662,"BIO2,CP3,BSS-042,15",2025-07-12,18000,23.00,17766.000000000,23.24,12850,23.24,8675,8675.000,,2.000000000000000,1,3,Normal,225.00,14,242,5,BSS-042,2.97,2,cosecha,PROGRAMADA
663,"BIO3,CP2,PL1-031,16",2025-07-12,20000,18.00,17633.000000000,18.15,17500,18.02,10040,10025.000,,7.000000000000000,2,4,Alto,275.00,14,280,9,PL1-031,3.20,3,cosecha,PROGRAMADA
664,"BIO3,CP1,PJF-012,19",2025-07-13,27000,19.00,30217.000000000,20.11,23400,20.40,14825,14825.000,,5.000000000000000,,,,400.00,,45,8,PJF-012,6.83,3,cosecha,PROGRAMADA
665,"BIO3,CP1,PJF-006,22",2025-07-13,32000,19.00,27547.000000000,18.60,25150,19.30,17525,17525.000,,4.000000000000000,,,,425.00,,20,8,PJF-006,6.12,3,cosecha,PROGRAMADA
666,"BIO2,CP2,BA1-017,16",2025-07-13,35000,20.00,30603.000000000,18.90,30700,20.00,17875,17875.000,,2.000000000000000,1,5,Normal,450.00,14,58,4,BA1-017,4.60,2,cosecha,PROGRAMADA
667,"BIO2,CP1,BSF-021,15",2025-07-13,30000,21.00,27189.000000000,21.00,28550,22.95,17700,17700.000,,3.000000000000000,1,7,Normal,425.00,17,216,3,BSF-021,5.35,2,cosecha,PROGRAMADA
668,"BIO3,CP3,PL2-010,16",2025-07-13,28000,23.00,26259.000000000,23.23,22250,22.78,13790,13775.000,,3.000000000000000,1,5,Bajo,282.00,16,145,10,PL2-010,5.19,3,cosecha,PROGRAMADA
669,"BIO2,CP3,BSS-021,17",2025-07-13,20000,21.00,18918.000000000,24.71,17200,24.00,9535,9535.000,,1.000000000000000,1,4,Normal,225.00,14,181,5,BSS-021,2.90,2,cosecha,PROGRAMADA
670,"BIO2,CP1,BSF-025,15",2025-07-14,36000,16.00,25743.000000000,15.60,29850,16.45,20550,20550.000,,4.000000000000000,2,8,Normal,525.00,17,220,3,BSF-025,5.77,2,cosecha,PROGRAMADA
671,"BIO2,CP2,BA1-018,16",2025-07-14,48000,20.00,44649.000000000,19.01,44300,20.00,25500,25500.000,,,2,8,Normal,675.00,14,60,4,BA1-018,6.28,2,cosecha,PROGRAMADA
672,"BIO3,CP2,PL1-011,15",2025-07-14,34000,18.00,31153.000000000,18.20,26200,18.11,17100,17100.000,,5.000000000000000,1,8,bajo,475.00,15,260,9,PL1-011,5.70,3,cosecha,PROGRAMADA
673,"BIO3,CP3,PL2-013,16",2025-07-14,34000,20.00,32869.000000000,20.40,33650,21.32,17650,17650.000,,4.000000000000000,1,5,Bajo,450.00,15,163,10,PL2-013,6.51,3,cosecha,PROGRAMADA
674,"BIO2,CP5,BSP-008,04",2025-07-14,30000,18.00,25405.000000000,17.30,27100,18.20,16200,16200.000,,5.000000000000000,1,5,Bajo,375.00,17,186,7,BSP-008,4.45,2,cosecha,PROGRAMADA
675,"BIO2,CP2,BA1-039,15",2025-07-15,17000,18.00,16721.000000000,17.40,17950,18.00,10525,10525.000,,2.000000000000000,1,4,Normal,275.00,14,100,4,BA1-039,3.12,2,cosecha,PROGRAMADA
676,"BIO3,CP2,PL1-008,15",2025-07-15,36000,18.00,32729.000000000,17.61,38350,17.08,21125,21125.000,,5.000000000000000,2,7,Bajo,550.00,16,251,9,PL1-008,6.40,3,cosecha,PROGRAMADA
677,"BIO3,CP1,PJF-003,16",2025-07-15,35000,21.00,36715.000000000,24.50,29900,23.20,17625,17625.000,,9.000000000000000,,,,450.00,,10,8,PJF-003,8.83,3,cosecha,PROGRAMADA
678,"BIO2,CP3,BSS-033,15",2025-07-15,25000,24.00,24725.000000000,23.93,19150,24.00,12075,12075.000,,2.000000000000000,1,6,Normal,300.00,17,233,5,BSS-033,4.65,2,cosecha,PROGRAMADA
679,"BIO2,CP2,BA1-012,16",2025-07-15,25000,20.00,22173.000000000,18.50,29600,20.00,17100,17100.000,,2.000000000000000,1,5,Normal,425.00,14,44,4,BA1-012,4.54,2,cosecha,PROGRAMADA
680,"BIO3,CP3,PL2-007,16",2025-07-15,30000,18.00,28840.000000000,17.95,33850,18.15,16540,16525.000,,4.000000000000000,1,5,Bajo,425.00,17,136,10,PL2-007,5.37,3,cosecha,PROGRAMADA
681,"BIO2,CP3,BSS-009,15",2025-07-16,22000,19.00,22590.000000000,19.33,23650,19.33,12565,12565.000,,2.000000000000000,1,4,Normal,375.00,14,130,5,BSS-009,4.15,2,cosecha,PROGRAMADA
682,"BIO2,CP2,BA1-022,16",2025-07-16,32000,19.00,33185.000000000,19.00,28450,18.00,15850,15850.000,,2.000000000000000,1,5,Normal,400.00,14,64,4,BA1-022,4.67,2,cosecha,PROGRAMADA
683,"BIO2,CP5,BSP-009,04",2025-07-16,35000,20.00,30723.000000000,19.60,37850,19.50,18750,18750.000,,4.000000000000000,1,4,Bajo,500.00,15,189,7,BSP-009,4.75,2,cosecha,PROGRAMADA
684,"BIO3,CP2,PL1-025,16",2025-07-16,32000,20.00,25725.000000000,20.05,23800,18.13,15355,15350.000,,10.000000000000000,2,4,Alto,400.00,13,274,9,PL1-025,4.00,3,cosecha,PROGRAMADA
685,"BIO2,CP3,BSS-019,16",2025-07-16,22000,26.00,20843.000000000,25.55,18400,25.55,10675,10675.000,,2.000000000000000,1,4,Normal,250.00,17,174,5,BSS-019,3.09,2,cosecha,PROGRAMADA
686,"BIO1,CP2,BG2-037,17",2025-07-16,30000,19.00,27799.000000000,18.93,30050,18.59,16125,16125.000,,5.000000000000000,2,5,Normal,375.00,14,134,2,BG2-037,5.34,1,cosecha,PROGRAMADA
687,"BIO2,CP4,BA2-044,14",2025-07-17,65000,21.00,61156.000000000,20.50,66050,20.00,37425,37425.000,,9.000000000000000,2,12,Normal,925.00,14,96,6,BA2-044,11.30,2,cosecha,PROGRAMADA
688,"BIO2,CP4,BA2-049,15",2025-07-17,16000,19.00,15296.000000000,18.05,12050,19.00,8365,8360.000,,2.000000000000000,1,3,Normal,200.00,14,112,6,BA2-049,2.14,2,cosecha,PROGRAMADA
689,"BIO2,CP5,BSP-015,12",2025-07-17,43000,17.00,39158.000000000,17.45,38850,17.50,19975,19975.000,,6.000000000000000,1,6,Bajo,575.00,15,305,7,BSP-015,6.00,2,cosecha,PROGRAMADA
690,"BIO3,CP2,PL1-026,16",2025-07-17,28000,19.00,25632.000000000,19.15,22350,18.48,13785,13775.000,,8.000000000000000,2,4,Alto,350.00,14,275,9,PL1-026,3.00,3,cosecha,PROGRAMADA
691,"BIO2,CP3,BSS-007,15",2025-07-17,20000,19.00,17317.000000000,19.23,15580,19.50,12300,12300.000,,3.000000000000000,4,4,Normal,375.00,17,124,5,BSS-007,3.35,2,cosecha,PROGRAMADA
692,"BIO1,CP2,BG2-030,16",2025-07-18,35000,30.00,32545.000000000,28.87,41450,28.35,19525,19525.000,,8.000000000000000,2,8,Normal,450.00,14,113,2,BG2-030,7.32,1,cosecha,PROGRAMADA
693,"BIO2,CP2,BA1-013,16",2025-07-18,32000,20.00,22796.000000000,20.00,27700,21.00,17025,17025.000,,3.000000000000000,1,6,Normal,400.00,14,47,4,BA1-013,4.71,2,cosecha,PROGRAMADA
694,"BIO2,CP1,BSF-033,14",2025-07-18,29000,16.00,25762.000000000,14.50,35500,16.55,17825,17825.000,,,,,,525.00,,228,3,BSF-033,6.73,2,cosecha,PROGRAMADA
695,"BIO3,CP2,PL1-029,16",2025-07-18,60000,17.00,53608.000000000,17.16,59300,17.55,30175,30175.000,,7.000000000000000,4,8,Alto,750.00,13,278,9,PL1-029,10.00,3,cosecha,PROGRAMADA
2144,"BIO3,CP1,PJF-009,21",2026-06-24,25000,17.00,24204.000000000,14.45,21350,15.00,15150,,,0.660000000000000,,,,,,29,8,,6.03,3,cosecha,PROGRAMADA
697,"BIO2,CP5,BSP-012,12",2025-07-19,44000,19.00,41693.000000000,19.70,43500,18.40,19900,19900.000,,4.000000000000000,2,7,bajo,550.00,18,202,7,BSP-012,7.40,2,cosecha,PROGRAMADA
698,"BIO2,CP2,BA1-023,16",2025-07-19,25000,19.00,22658.000000000,19.20,22650,19.00,12425,12425.000,,2.000000000000000,1,3,Normal,300.00,14,65,4,BA1-023,2.98,2,cosecha,PROGRAMADA
2147,"BIO2,CP3,BSS-025,24",2026-06-24,7000,22.00,5466.000000000,21.75,5600,21.75,3625,,,0.880000000000000,,,,,,192,5,,1.14,2,cosecha,PROGRAMADA
700,"BIO2,CP3,BSS-018,16",2025-07-20,22000,15.00,21051.000000000,15.00,22500,15.00,11425,11425.000,,1.000000000000000,1,5,Normal,325.00,17,172,5,BSS-018,4.43,2,cosecha,PROGRAMADA
701,"BIO2,CP2,BA1-021,16",2025-07-20,28000,20.00,28037.000000000,20.00,26300,20.00,16525,16525.000,,2.000000000000000,1,4,Normal,400.00,14,63,4,BA1-021,3.54,2,cosecha,PROGRAMADA
702,"BIO3,CP2,PL1-045,07",2025-07-20,28000,17.00,22862.000000000,17.00,24700,17.32,16450,16450.000,,10.000000000000000,1,4,Bajo,400.00,18,298,9,PL1-045,5.00,3,cosecha,PROGRAMADA
703,"BIO3,CP3,PL2-011,16",2025-07-20,32000,16.00,27206.000000000,16.15,34700,16.02,16325,16325.000,,4.000000000000000,1,6,Bajo,500.00,17,156,10,PL2-011,6.44,3,cosecha,PROGRAMADA
704,"BIO2,CP3,BSS-038,15",2025-07-21,21000,20.00,20952.000000000,19.60,20400,19.60,11075,11075.000,,2.000000000000000,1,5,Normal,300.00,14,238,5,BSS-038,4.30,2,cosecha,PROGRAMADA
705,"BIO1,CP2,BG2-022,16",2025-07-21,48000,19.00,49588.000000000,18.09,59695,18.25,25675,25675.000,,7.000000000000000,2,8,Normal,725.00,14,89,2,BG2-022,8.90,1,cosecha,PROGRAMADA
706,"BIO2,CP4,BA2-043,14",2025-07-21,55000,20.00,43846.000000000,18.10,55650,20.00,34550,34550.000,,8.000000000000000,2,10,Normal,800.00,14,93,6,BA2-043,8.47,2,cosecha,PROGRAMADA
2145,"BIO2,CP1,BSF-033,20",2026-06-24,25000,18.00,23044.000000000,18.06,24100,18.00,14824,,,0.740000000000000,,,,,,228,3,,6.73,2,cosecha,PROGRAMADA
708,"BIO2,CP3,BSS-031,17",2025-07-22,33000,17.00,32292.000000000,16.81,29450,18.70,15825,15825.000,,3.000000000000000,2,8,Normal,475.00,17,231,5,BSS-031,8.82,2,cosecha,PROGRAMADA
709,"BIO3,CP2,PL1-044,04",2025-07-22,28000,15.00,23046.000000000,15.43,26950,16.25,16750,16750.000,,3.000000000000000,2,7,Bajo,450.00,18,297,9,PL1-044,7.51,3,cosecha,PROGRAMADA
710,"BIO3,CP3,PL2-008,16",2025-07-22,80000,15.00,79707.000000000,16.00,92450,16.08,48600,48600.000,,10.000000000000000,2,12,Bajo,1250.00,19,139,10,PL2-008,17.00,3,cosecha,PROGRAMADA
711,"BIO1,CP1,BG1-010,15",2025-07-23,35000,20.00,38386.000000000,22.00,39350,20.00,19200,19200.000,,7.000000000000000,,,,500.00,,25,1,BG1-010,7.21,1,cosecha,PROGRAMADA
712,"BIO3,CP2,PL1-034,16",2025-07-23,38000,16.00,35541.000000000,18.41,41450,17.72,21850,21850.000,,7.000000000000000,3,6,Alto,500.00,14,283,9,PL1-034,9.00,3,cosecha,PROGRAMADA
713,"BIO2,CP3,BSS-020,16",2025-07-23,14000,15.00,13835.000000000,15.10,12200,15.10,6850,6850.000,,3.000000000000000,1,3,Normal,175.00,17,177,5,BSS-020,3.04,2,cosecha,PROGRAMADA
714,"BIO3,CP2,PL1-046,04",2025-07-23,28000,16.00,30798.000000000,17.19,32600,16.07,18225,18225.000,,9.000000000000000,2,6,bajo,425.00,16,299,9,PL1-046,8.31,3,cosecha,PROGRAMADA
715,"BIO3,CP1,PJF-008,15",2025-07-24,49000,19.00,49781.000000000,19.20,46000,19.30,24575,24575.000,,,,,,600.00,,26,8,PJF-008,9.66,3,cosecha,PROGRAMADA
717,"BIO2,CP3,BSS-015,15",2025-07-24,20000,16.00,20863.000000000,16.80,18050,16.00,10700,10700.000,,,,,,275.00,,162,5,BSS-015,5.88,2,cosecha,PROGRAMADA
718,"BIO2,CP2,BA1-028,16",2025-07-24,28000,15.00,25000.000000000,13.80,23900,15.00,13850,13850.000,,0.360000000000000,1,6,Normal,425.00,14,70,4,BA1-028,5.49,2,cosecha,PROGRAMADA
720,"BIO3,CP2,PL1-036,17",2025-07-24,28000,15.00,25232.000000000,15.85,32450,15.12,16150,16150.000,,6.000000000000000,3,5,Alto,350.00,14,285,9,PL1-036,6.70,3,cosecha,PROGRAMADA
721,"BIO3,CP2,PL1-047,04",2025-07-24,30000,17.00,28031.000000000,16.30,35800,16.55,19575,19575.000,,9.000000000000000,1,5,bajo,425.00,16,300,9,PL1-047,8.59,3,cosecha,PROGRAMADA
722,"BIO2,CP4,BA2-048,15",2025-07-24,18000,16.00,14710.000000000,15.92,20500,16.00,10300,10300.000,,,1,3,Normal,275.00,13,109,6,BA2-048,2.80,2,cosecha,PROGRAMADA
723,"BIO2,CP1,BSF-011,16",2025-07-24,34000,18.00,39659.000000000,17.57,33300,17.25,17625,17625.000,,,,,,450.00,,200,3,BSF-011,6.84,2,cosecha,PROGRAMADA
724,"BIO3,CP2,PL1-013,14",2025-07-25,44000,18.00,40317.000000000,18.12,42200,18.25,22975,22975.000,,7.000000000000000,2,8,bajo,550.00,18,262,9,PL1-013,7.35,3,cosecha,PROGRAMADA
725,"BIO3,CP2,PL1-015,14",2025-07-25,40000,19.00,35916.000000000,18.35,34400,16.86,20075,20075.000,,7.000000000000000,1,8,bajo,475.00,15,264,9,PL1-015,6.74,3,cosecha,PROGRAMADA
726,"BIO2,CP4,BA2-047,14",2025-07-25,45000,17.00,38056.000000000,15.50,50300,16.00,26300,26300.000,,,2,8,Normal,700.00,14,106,6,BA2-047,7.44,2,cosecha,PROGRAMADA
727,"BIO3,CP1,PJF-002,16",2025-07-25,40000,22.00,39552.000000000,22.00,34750,21.90,20025,20025.000,,,,,,475.00,,7,8,PJF-002,9.08,3,cosecha,PROGRAMADA
2149,"BIO2,CP2,BA1-005,22",2026-06-24,18000,18.00,23571.000000000,19.12,18500,19.00,22150,,,0.570000000000000,,,,,,12,4,,6.99,2,cosecha,PROGRAMADA
729,"BIO3,CP1,PJF-009,16",2025-07-26,34000,19.00,32836.000000000,19.04,34650,20.97,20100,20100.000,,,,,,475.00,,29,8,PJF-009,6.03,3,cosecha,PROGRAMADA
730,"BIO2,CP1,BSF-010,15",2025-07-26,38000,16.00,34642.000000000,17.58,41450,17.00,21100,21100.000,,,,,,525.00,,180,3,BSF-010,6.89,2,cosecha,PROGRAMADA
731,"BIO2,CP5,BSP-002,13",2025-07-26,30000,16.00,26480.000000000,16.70,27200,16.20,15562,15562.000,,,1,5,bajo,450.00,21,167,7,BSP-002,4.65,2,cosecha,PROGRAMADA
732,"BIO2,CP2,BA1-025,16",2025-07-26,25000,14.00,21995.000000000,13.38,20070,14.00,12650,12650.000,,,1,5,Normal,375.00,14,67,4,BA1-025,4.67,2,cosecha,PROGRAMADA
733,"BIO3,CP2,PL1-006,16",2025-07-26,38000,16.00,38816.000000000,16.90,30900,15.92,21200,21200.000,,4.000000000000000,1,5,bajo,500.00,19,249,9,PL1-006,5.80,3,cosecha,PROGRAMADA
734,"BIO3,CP2,PL1-014,16",2025-07-26,40000,18.00,39011.000000000,18.75,32600,17.37,21175,21175.000,,6.000000000000000,1,8,bajo,525.00,16,263,9,PL1-014,6.76,3,cosecha,PROGRAMADA
735,"BIO2,CP5,BSP-001,13",2025-07-26,25000,17.00,20981.000000000,17.00,24700,17.40,13175,13175.000,,0.880000000000000,1,5,bajo,400.00,21,164,7,BSP-001,3.40,2,cosecha,PROGRAMADA
736,"BIO1,CP1,BG1-017,16",2025-07-26,33000,17.00,31491.000000000,17.00,34900,17.50,19525,19525.000,,0.830000000000000,,,,425.00,,51,1,BG1-017,8.42,1,cosecha,PROGRAMADA
737,"BIO2,CP4,BA2-046,14",2025-07-27,55000,16.00,47057.000000000,15.67,59200,16.00,33675,33675.000,,0.860000000000000,2,12,Normal,825.00,14,102,6,BA2-046,10.50,2,cosecha,PROGRAMADA
738,"BIO2,CP3,BSS-011,15",2025-07-28,26000,17.00,20268.000000000,17.50,20350,17.50,9900,9900.000,,0.610000000000000,,,,275.00,,150,5,BSS-011,4.92,2,cosecha,PROGRAMADA
739,"BIO2,CP2,BA1-024,16",2025-07-28,26000,15.00,23839.000000000,14.00,20250,15.00,12600,12600.000,,0.470000000000000,1,4,Normal,300.00,14,66,4,BA1-024,4.30,2,cosecha,PROGRAMADA
740,"BIO3,CP2,PL1-002,16",2025-07-28,32000,15.00,26788.000000000,14.47,27650,13.64,15375,15375.000,,0.666666666666667,,,,425.00,,243,9,PL1-002,4.50,3,cosecha,PROGRAMADA
741,"BIO2,CP3,BSS-016,15",2025-07-29,30000,15.00,25880.000000000,14.00,29300,15.00,13650,13650.000,,0.400000000000000,,,,,,166,5,BSS-016,7.57,2,cosecha,PROGRAMADA
2154,"BIO2,CP2,BA1-002,21",2026-06-26,33000,20.00,32484.000000000,22.00,26000,20.50,21650,,,0.710000000000000,,,,,,4,4,,7.05,2,cosecha,PROGRAMADA
716,"BIO2,CP1,BSF-013,15",2025-07-23,35000,16.00,36106.000000000,16.34,40900,14.31,21475,21475.000,,0.480000000000000,,,,600.00,,206,3,BSF-013,8.37,2,cosecha,PROGRAMADA
2253,"BIO2,CP2,BA1-024,22",2026-07-18,23000,24.00,22571.000000000,23.81,21000,24.00,12525,,,0.900000000000000,,,,,,66,4,,4.30,2,cosecha,PROGRAMADA
744,"BIO2,CP2,BA1-014,16",2025-07-29,40000,15.50,33562.000000000,15.03,41850,15.50,21725,21725.000,,0.410000000000000,,,,,,50,4,BA1-014,7.25,2,cosecha,PROGRAMADA
745,"BIO2,CP1,BSF-004,16",2025-07-29,52000,21.00,50564.000000000,21.37,35150,19.26,19550,19550.000,,0.700000000000000,,,,,,161,3,BSF-004,7.17,2,cosecha,PROGRAMADA
746,"BIO2,CP3,BSS-013,16",2025-07-30,20000,16.00,18432.000000000,15.50,17750,16.00,9475,9475.000,,0.650000000000000,,,,,,157,5,BSS-013,4.62,2,cosecha,PROGRAMADA
747,"BIO3,CP2,PL1-001,16",2025-07-30,58000,16.00,50962.000000000,16.52,54450,16.00,29725,29725.000,,0.666666666666667,,,,,,207,9,PL1-001,9.00,3,cosecha,PROGRAMADA
748,"BIO1,CP2,BG2-042,16",2025-07-30,38000,17.60,38449.000000000,17.60,46200,17.85,21305,21305.000,,0.760000000000000,,,,,,149,2,BG2-042,6.62,1,cosecha,PROGRAMADA
749,"BIO2,CP2,BA1-015,16",2025-07-30,30000,17.00,21008.000000000,16.80,27000,16.50,13375,13375.000,,0.490000000000000,,,,,,53,4,BA1-015,4.06,2,cosecha,PROGRAMADA
750,"BIO3,CP3,PL2-002,16",2025-07-30,40000,19.00,34853.000000000,19.20,35100,18.81,19225,19225.000,,0.523560209424084,,,,,,120,10,PL2-002,5.73,3,cosecha,PROGRAMADA
751,"BIO1,CP1,BG1-012,17",2025-07-31,40000,18.00,33759.000000000,18.00,47250,18.00,22025,22025.000,,0.900000000000000,,,,,,37,1,BG1-012,7.75,1,cosecha,PROGRAMADA
752,"BIO2,CP1,BSF-018,15",2025-07-31,30000,17.00,37311.000000000,17.38,35550,16.19,19650,19650.000,,0.520000000000000,,,,,,213,3,BSF-018,5.74,2,cosecha,PROGRAMADA
753,"BIO2,CP3,BSS-029,16",2025-07-31,24000,16.00,24999.000000000,16.22,23650,16.22,12325,12325.000,,0.600000000000000,,,,,,204,5,BSS-029,5.04,2,cosecha,PROGRAMADA
754,"BIO2,CP4,BA2-050,15",2025-07-31,60000,18.00,48718.000000000,18.50,54150,18.00,31675,31675.000,,0.940000000000000,,,,,,115,6,BA2-050,8.55,2,cosecha,PROGRAMADA
755,"BIO3,CP3,PL2-004,16",2025-07-31,36000,17.00,30405.000000000,16.99,32900,17.47,17950,17950.000,,3.000000000000000,,,,,,126,10,PL2-004,6.40,3,cosecha,PROGRAMADA
756,"BIO2,CP1,BSF-008,15",2025-07-31,33000,20.00,38851.000000000,19.85,28000,17.61,17025,17025.000,,,,,,,,175,3,BSF-008,6.59,2,cosecha,PROGRAMADA
757,"BIO1,CP2,BG2-023,16",2025-08-01,48000,17.39,41195.000000000,16.25,54350,16.34,24275,24275.000,,,,,,,,92,2,BG2-023,10.02,1,cosecha,PROGRAMADA
758,"BIO2,CP3,BSS-032,15",2025-08-01,36000,20.00,35764.000000000,20.20,29250,21.00,15900,15900.000,,,,,,,,232,5,BSS-032,7.89,2,cosecha,PROGRAMADA
759,"BIO2,CP1,BSF-001,15",2025-08-01,38000,22.00,36780.000000000,21.50,24300,18.83,20375,20375.000,,,,,,500.00,,153,3,BSF-001,6.48,2,cosecha,PROGRAMADA
760,"BIO2,CP2,BA1-007,17",2025-08-01,20000,20.00,15547.000000000,18.00,16800,19.00,7800,7800.000,,0.660000000000000,,,,,,18,4,BA1-007,3.02,2,cosecha,PROGRAMADA
761,"BIO3,CP3,PL2-005,16",2025-08-01,28000,20.00,24444.000000000,20.55,26550,19.47,13050,13050.000,,4.000000000000000,,,,,,129,10,PL2-005,6.13,3,cosecha,PROGRAMADA
762,"BIO2,CP3,BSS-037,15",2025-08-02,22000,18.00,22500.000000000,18.80,23050,18.80,11575,11575.000,,,,,,,,237,5,BSS-037,4.25,2,cosecha,PROGRAMADA
763,"BIO1,CP1,BG1-014,16",2025-08-02,23000,18.00,21172.000000000,18.10,20350,18.00,11900,11900.000,,0.980000000000000,,,,,,43,1,BG1-014,4.09,1,cosecha,PROGRAMADA
764,"BIO1,CP2,BG2-028,16",2025-08-02,50000,17.73,39609.000000000,17.73,53700,17.06,24075,24075.000,,,,,,,,107,2,BG2-028,8.83,1,cosecha,PROGRAMADA
765,"BIO2,CP1,BSF-017,15",2025-08-02,30000,22.00,33587.000000000,21.60,27560,20.41,16300,16300.000,,0.680000000000000,,,,,,212,3,BSF-017,5.89,2,cosecha,PROGRAMADA
766,"BIO2,CP3,BSS-040,17",2025-08-03,38000,21.00,37095.000000000,20.50,33000,20.50,16550,16550.000,,0.280000000000000,,,,,,240,5,BSS-040,7.03,2,cosecha,PROGRAMADA
2148,"BIO1,CP2,BG2-042,21",2026-06-24,32000,25.00,38529.000000000,26.40,32200,26.50,16975,,,1.210000000000000,,,,,,149,2,,6.62,1,cosecha,PROGRAMADA
769,"BIO2,CP2,BA1-005,17",2025-08-04,50000,20.00,37384.000000000,18.70,41800,20.00,20900,20900.000,,0.290000000000000,,,,,,12,4,BA1-005,6.99,2,cosecha,PROGRAMADA
770,"BIO3,CP2,PL1-030,17",2025-08-04,20000,14.00,13047.000000000,14.04,17200,14.00,9125,9125.000,,,,,,,,279,9,PL1-030,4.40,3,cosecha,PROGRAMADA
771,"BIO3,CP1,PJF-010,15",2025-08-05,30000,18.00,28443.000000000,17.31,28000,17.87,17600,17600.000,,,,,,,,32,8,PJF-010,6.79,3,cosecha,PROGRAMADA
772,"BIO2,CP5,BSP-010,04",2025-08-05,33000,18.00,32374.000000000,17.55,37350,17.60,16400,16400.000,,,,,,,,193,7,BSP-010,6.45,2,cosecha,PROGRAMADA
773,"BIO2,CP2,BA1-002,16",2025-08-05,50000,18.00,33502.000000000,18.00,43900,20.00,21150,21150.000,,0.280000000000000,,,,,,4,4,BA1-002,7.05,2,cosecha,PROGRAMADA
774,"BIO3,CP1,PJF-004,15",2025-08-06,38000,17.00,38585.000000000,17.04,44150,17.00,20925,20925.000,,,,,,,,14,8,PJF-004,8.95,3,cosecha,PROGRAMADA
775,"BIO2,CP2,BA1-026,16",2025-08-06,25000,17.00,24195.000000000,17.23,20150,17.00,12325,12325.000,,0.410000000000000,,,,,,68,4,BA1-026,4.91,2,cosecha,PROGRAMADA
776,"BIO3,CP2,PL1-033,16",2025-08-06,36000,17.00,35392.000000000,16.71,38800,15.90,19700,19700.000,,,,,,,,282,9,PL1-033,7.40,3,cosecha,PROGRAMADA
777,"BIO1,CP2,BG2-041,16",2025-08-06,45000,24.35,35392.000000000,24.34,50500,23.33,24330,24330.000,,0.780000000000000,,,,,,146,2,BG2-041,6.38,1,cosecha,PROGRAMADA
778,"BIO3,CP2,PL1-027,16",2025-08-06,32000,17.00,25462.000000000,17.01,28750,17.00,15550,15550.000,,,,,,,,276,9,PL1-027,7.00,3,cosecha,PROGRAMADA
779,"BIO2,CP2,BA1-034,16",2025-08-07,40000,18.00,36149.000000000,18.56,38700,18.00,18325,18325.000,,0.440000000000000,,,,425.00,,84,4,BA1-034,6.81,2,cosecha,PROGRAMADA
780,"BIO3,CP1,PJF-001,15",2025-08-07,34000,22.00,33971.000000000,21.50,40500,21.10,23100,23100.000,,,,,,,,3,8,PJF-001,8.40,3,cosecha,PROGRAMADA
781,"BIO3,CP2,PL1-040,05",2025-08-08,30000,16.00,26373.000000000,15.96,24200,15.20,16675,16675.000,,0.571428571428571,,,,,,293,9,PL1-040,7.00,3,cosecha,PROGRAMADA
782,"BIO3,CP2,PL1-028,16",2025-08-08,32000,22.00,30972.000000000,21.51,31000,21.00,16000,16000.000,,,,,,,,277,9,PL1-028,5.50,3,cosecha,PROGRAMADA
783,"BIO3,CP2,PL1-041,05",2025-08-09,32000,18.00,27948.000000000,17.88,28300,17.46,17150,17150.000,,,,,,,,294,9,PL1-041,7.00,3,cosecha,PROGRAMADA
784,"BIO3,CP2,PL1-043,05",2025-08-09,30000,16.00,28249.000000000,17.47,29300,17.23,15525,15525.000,,0.428571428571429,,,,,,296,9,PL1-043,7.00,3,cosecha,PROGRAMADA
786,"BIO3,CP2,PL1-017,14",2025-08-10,36000,15.00,32757.000000000,14.79,30000,13.46,19675,19675.000,,0.781250000000000,,,,,,266,9,PL1-017,6.40,3,cosecha,PROGRAMADA
787,"BIO3,CP2,PL1-042,05",2025-08-10,30000,17.00,28572.000000000,16.99,31350,17.06,16525,16525.000,,0.428571428571429,,,,,,295,9,PL1-042,7.00,3,cosecha,PROGRAMADA
2153,"BIO3,CP2,PL1-005,21",2026-06-25,28000,23.00,22948.000000000,22.56,22050,22.43,13375,,,1.170000000000000,,,,,,248,9,,6.00,3,cosecha,PROGRAMADA
789,"BIO1,CP2,BG2-032,17",2025-08-11,52000,15.00,38398.000000000,15.01,41950,15.57,26775,26775.000,,,,,,,,119,2,BG2-032,9.69,1,cosecha,PROGRAMADA
790,"BIO3,CP2,PL1-016,14",2025-08-11,32000,15.00,29015.000000000,14.40,31400,14.43,17575,17575.000,,0.970873786407767,,,,,,265,9,PL1-016,6.18,3,cosecha,PROGRAMADA
791,"BIO3,CP2,PL1-018,14",2025-08-11,28000,16.00,24349.000000000,16.48,23400,15.48,15275,15275.000,,0.659340659340659,,,,,,267,9,PL1-018,4.55,3,cosecha,PROGRAMADA
792,"BIO1,CP1,BG1-101,38",2025-08-11,7000,19.00,4054.000000000,17.45,6800,19.20,5000,5000.000,,,1,1,timer,150.00,,28,1,BG1-101,1.32,1,cosecha,PROGRAMADA
2254,"BIO2,CP1,BSF-009,20",2026-07-17,33000,25.00,31531.000000000,26.32,31150,25.70,17991,,,0.600000000000000,,,,,,178,3,,7.15,2,cosecha,PROGRAMADA
795,"BIO2,CP2,BA1-033,16",2025-08-12,36000,19.00,31997.000000000,19.20,27350,19.00,14100,14100.000,,0.400000000000000,,,,425.00,,82,4,BA1-033,5.05,2,cosecha,PROGRAMADA
797,"BIO1,CP2,BG2-034,18",2025-08-13,40000,17.00,44499.000000000,16.78,48100,15.86,21600,21600.000,,0.810000000000000,,,,,,125,2,BG2-034,8.61,1,cosecha,PROGRAMADA
799,"BIO2,CP2,BA1-035,16",2025-08-14,32000,19.00,30330.000000000,18.20,31250,19.00,16300,16300.000,,0.200000000000000,,,,,,88,4,BA1-035,5.05,2,cosecha,PROGRAMADA
2151,"BIO1,CP1,BG1-008,22",2026-06-24,8000,18.00,37862.000000000,16.50,8000,18.00,20075,,,1.040000000000000,,,,,,19,1,,7.71,1,raleo,PROGRAMADA
801,"BIO2,CP3,BSS-001,16",2025-08-14,50000,16.00,45980.000000000,15.50,39300,15.50,22550,22550.000,,0.590000000000000,,,,,,105,5,BSS-001,6.81,2,cosecha,PROGRAMADA
803,"BIO2,CP3,BSS-005,15",2025-08-15,24000,16.00,24080.000000000,15.50,25300,17.54,13650,13650.000,,0.620000000000000,,,,,,118,5,BSS-005,4.87,2,cosecha,PROGRAMADA
805,"BIO2,CP2,BA1-030,16",2025-08-15,42000,19.00,39127.000000000,18.20,42600,19.00,22325,22325.000,,0.430000000000000,,,,,,73,4,BA1-030,6.98,2,cosecha,PROGRAMADA
806,"BIO3,CP2,PL1-005,16",2025-08-15,38000,16.00,32423.000000000,15.95,32950,15.43,17950,17950.000,,1.500000000000000,,,,,,248,9,PL1-005,6.00,3,cosecha,PROGRAMADA
807,"BIO2,CP1,BSF-015,16",2025-08-15,35000,16.00,25826.000000000,16.25,28600,14.27,17625,17625.000,,0.730000000000000,,,,,,210,3,BSF-015,6.88,2,cosecha,PROGRAMADA
2152,"BIO1,CP2,BG2-043,06",2026-06-25,46000,23.00,45848.000000000,23.00,38900,24.00,22225,,,1.090000000000000,,,,,,312,2,,8.22,1,cosecha,PROGRAMADA
2155,"BIO2,CP1,BSF-013,21",2026-06-25,27000,14.00,25261.000000000,14.26,29300,14.00,16518,,,0.600000000000000,,,,,,206,3,,8.37,2,cosecha,PROGRAMADA
811,"BIO1,CP2,BG2-043,01",2025-08-16,28000,15.00,21748.000000000,17.18,18100,17.24,22025,22025.000,,1.090000000000000,,,,,,312,2,BG2-043,8.22,1,cosecha,PROGRAMADA
812,"BIO2,CP3,BSS-008,16",2025-08-17,31000,15.00,29020.000000000,14.50,32850,15.20,18200,18200.000,,0.560000000000000,,,,,,127,5,BSS-008,5.32,2,cosecha,PROGRAMADA
813,"BIO3,CP2,PL1-009,16",2025-08-17,40000,17.00,34013.000000000,16.86,36400,16.03,20400,20400.000,,1.140000000000000,,,,,,252,9,PL1-009,7.00,3,cosecha,PROGRAMADA
814,"BIO2,CP3,BSS-034,16",2025-08-18,25000,16.00,27242.000000000,15.10,29100,16.00,15475,15550.000,,0.600000000000000,,,,,,234,5,BSS-034,4.97,2,cosecha,PROGRAMADA
815,"BIO1,CP2,BG2-044,01",2025-08-18,25000,18.00,22425.000000000,17.78,20350,18.58,22250,22250.000,,1.100000000000000,,,,,,316,2,BG2-044,8.19,1,cosecha,PROGRAMADA
816,"BIO1,CP1,BG1-006,18",2025-08-18,30000,22.00,22484.000000000,20.00,30300,21.46,15600,15600.000,,1.170000000000000,,,,,,13,1,BG1-006,5.11,1,cosecha,PROGRAMADA
817,"BIO1,CP2,BG2-045,01",2025-08-18,25000,18.00,22700.000000000,17.10,14700,17.30,21325,21325.000,,1.040000000000000,,,,,,317,2,BG2-045,8.62,1,cosecha,PROGRAMADA
819,"BIO2,CP3,BSS-022,17",2025-08-20,18000,15.00,20132.000000000,15.00,21000,15.00,12875,12875.000,,1.220000000000000,,,,300.00,,184,5,BSS-022,2.45,2,cosecha,PROGRAMADA
820,"BIO1,CP1,BG1-008,17",2025-08-20,42000,19.95,40607.000000000,19.95,48489,20.00,22950,22950.000,,1.040000000000000,,,,,,19,1,BG1-008,7.71,1,cosecha,PROGRAMADA
821,"BIO1,CP2,BG2-046,01",2025-08-20,25000,19.60,27600.000000000,19.60,21900,19.87,27800,27800.000,,1.030000000000000,,,,,,318,2,BG2-046,12.60,1,cosecha,PROGRAMADA
822,"BIO1,CP2,BG2-040,17",2025-08-21,25000,25.00,17938.000000000,25.56,20500,25.16,11375,11375.000,,1.100000000000000,,,,,,143,2,BG2-040,6.38,1,cosecha,PROGRAMADA
823,"BIO2,CP2,BA1-009,16",2025-08-21,24000,20.00,21683.000000000,20.00,21450,20.00,10100,10100.000,,0.650000000000000,,,,,,24,4,BA1-009,3.08,2,cosecha,PROGRAMADA
824,"BIO1,CP1,BG1-007,17",2025-08-22,70000,17.00,68622.000000000,16.50,66700,16.50,34075,34075.000,,0.900000000000000,,,,,,16,1,BG1-007,11.12,1,cosecha,PROGRAMADA
825,"BIO1,CP2,BG2-039,16",2025-08-22,18000,23.92,15419.000000000,23.92,19200,23.86,10050,10050.000,,0.850000000000000,,,,,,140,2,BG2-039,5.86,1,cosecha,PROGRAMADA
826,"BIO2,CP2,BA1-010,16",2025-08-22,24000,20.00,20859.000000000,21.00,18250,20.00,9675,9675.000,,0.660000000000000,,,,,,27,4,BA1-010,3.01,2,cosecha,PROGRAMADA
827,"BIO2,CP5,BSP-007,12",2025-08-22,48000,18.00,47263.000000000,18.60,43750,17.50,19675,19675.000,,0.480000000000000,,,,,,182,7,BSP-007,8.25,2,cosecha,PROGRAMADA
2150,"BIO3,CP2,PL1-006,21",2026-06-24,25000,31.00,28002.000000000,31.42,22650,31.40,16350,,,1.030000000000000,,,,,,249,9,,5.80,3,cosecha,PROGRAMADA
829,"BIO2,CP3,BSS-023,16",2025-08-25,23000,19.00,20318.000000000,17.80,22450,18.50,12925,12925.000,,1.260000000000000,,,,,,187,5,BSS-023,2.38,2,cosecha,PROGRAMADA
830,"BIO1,CP2,BG2-026,16",2025-08-25,38000,18.48,36200.000000000,18.48,33750,19.08,19500,19500.000,,0.630000000000000,,,,,,101,2,BG2-026,6.36,1,cosecha,PROGRAMADA
831,"BIO3,CP1,PJF-017,15",2025-08-26,35000,18.00,31541.000000000,17.24,33600,20.00,18150,18150.000,,0.790000000000000,,,,,,59,8,PJF-017,7.56,3,cosecha,PROGRAMADA
832,"BIO2,CP3,BSS-026,16",2025-08-26,53000,18.00,48024.000000000,17.80,51500,18.00,30125,30125.000,,0.700000000000000,,,,,,195,5,BSS-026,7.13,2,cosecha,PROGRAMADA
834,"BIO3,CP1,PJF-016,15",2025-08-27,33000,19.00,31814.000000000,20.57,31200,20.50,16825,16825.000,,0.950000000000000,,,,,,57,8,PJF-016,7.40,3,cosecha,PROGRAMADA
835,"BIO2,CP3,BSS-025,18",2025-08-27,20000,18.00,18960.000000000,18.00,17046,18.00,10475,10475.000,,1.750000000000000,,,,,,192,5,BSS-025,1.14,2,cosecha,PROGRAMADA
836,"BIO1,CP1,BG1-015,17",2025-08-27,52000,20.00,43659.000000000,19.60,52750,20.00,31200,31200.000,,1.190000000000000,,,,,,46,1,BG1-015,6.75,1,cosecha,PROGRAMADA
837,"BIO3,CP1,PJF-005,15",2025-08-28,52000,18.40,56045.000000000,18.40,48450,19.00,28250,28250.000,,0.940000000000000,,,,,,17,8,PJF-005,10.65,3,cosecha,PROGRAMADA
838,"BIO2,CP3,BSS-027,16",2025-08-28,30000,16.00,26930.000000000,16.00,36000,16.00,19250,19250.000,,0.320000000000000,,,,600.00,,198,5,BSS-027,6.22,2,cosecha,PROGRAMADA
2255,"BIO1,CP1,BG1-002,23",2026-07-18,13000,23.00,12829.000000000,23.00,13000,22.00,9325,,,1.200000000000000,,,,,,2,1,,2.53,1,cosecha,PROGRAMADA
841,"BIO2,CP2,BA1-019,16",2025-08-28,20000,21.00,19523.000000000,20.58,18850,21.00,8000,8000.000,,0.320000000000000,,,,,,61,4,BA1-019,3.08,2,cosecha,PROGRAMADA
839,"BIO2,CP5,BSP-011,04",2025-08-27,53000,17.40,49247.000000000,17.40,51600,17.50,26550,26550.000,,0.480000000000000,,,,,,199,7,BSP-011,8.30,2,cosecha,PROGRAMADA
818,"BIO2,CP5,BSP-013,13",2025-08-18,36000,18.00,28913.000000000,17.70,31650,18.70,17300,17300.000,,0.810000000000000,,,,,,205,7,BSP-013,4.95,2,cosecha,PROGRAMADA
833,"BIO2,CP5,BSP-014,12",2025-08-25,36000,14.00,32789.000000000,14.40,43600,15.00,20025,20025.000,,0.580000000000000,,,,,,292,7,BSP-014,6.90,2,cosecha,PROGRAMADA
804,"BIO1,CP1,BG1-003,16",2025-08-14,45000,18.00,36169.000000000,16.80,49400,18.00,26925,26925.000,,1.000000000000000,,,,625.00,,5,1,BG1-003,6.99,1,cosecha,PROGRAMADA
793,"BIO2,CP1,BSF-027,15",2025-08-11,32000,20.00,29694.000000000,19.82,32000,22.00,16925,16925.000,,0.440000000000000,,,,,,222,3,BSF-027,6.81,2,cosecha,PROGRAMADA
2256,"BIO3,CP3,PL2-003,21",2026-07-18,29000,27.00,25205.000000000,26.90,18800,25.61,13425,,,0.700000000000000,,,,,,123,10,,4.57,3,cosecha,PROGRAMADA
2257,"BIO2,CP3,BSS-001,21",2026-07-16,30000,26.00,31762.000000000,25.80,28800,26.00,19425,,,0.400000000000000,,,,,,105,5,,6.81,2,cosecha,PROGRAMADA
842,"BIO1,CP2,BG2-029,16",2025-08-29,47000,19.07,43578.000000000,19.07,46250,18.20,25200,25200.000,,0.750000000000000,,,,,,110,2,BG2-029,7.99,1,cosecha,PROGRAMADA
843,"BIO2,CP4,BA2-045,15",2025-08-29,68000,20.00,60060.000000000,19.50,65400,20.00,35175,35175.000,,0.440000000000000,,,,,,99,6,BA2-045,10.00,2,cosecha,PROGRAMADA
844,"BIO2,CP2,BA1-016,16",2025-08-30,45000,20.00,37477.000000000,21.00,48000,20.00,22325,22325.000,,0.440000000000000,2,8,normal,646.00,14,56,4,BA1-016,6.76,2,cosecha,PROGRAMADA
845,"BIO2,CP3,BSS-039,16",2025-08-31,45000,19.60,41475.000000000,19.56,38920,19.00,20925,20925.000,,0.450000000000000,,,,,,239,5,BSS-039,6.74,2,cosecha,PROGRAMADA
847,"BIO3,CP2,PL1-007,17",2025-08-31,30000,19.00,26216.000000000,19.22,26400,17.13,16375,16375.000,,0.750000000000000,1,5,bajo,353.00,13,250,9,PL1-007,4.00,3,cosecha,PROGRAMADA
848,"BIO2,CP1,BSF-030,16",2025-08-31,43000,22.00,32599.000000000,21.00,33700,19.34,19125,19125.000,,0.680000000000000,,,,,,225,3,BSF-030,5.88,2,cosecha,PROGRAMADA
849,"BIO2,CP2,BA1-032,16",2025-08-31,32000,18.00,26562.000000000,18.20,29500,18.00,14000,14000.000,,0.370000000000000,,,,,,79,4,BA1-032,5.39,2,cosecha,PROGRAMADA
850,"BIO3,CP2,PL1-003,16",2025-08-31,22000,18.00,19285.000000000,17.65,19600,17.63,13425,13425.000,,0.930000000000000,,,,,,245,9,PL1-003,4.30,3,cosecha,PROGRAMADA
851,"BIO2,CP2,BA1-038,16",2025-09-01,16000,18.00,13213.000000000,16.50,13700,16.50,6675,6675.000,,0.770000000000000,,,,,,97,4,BA1-038,2.60,2,cosecha,PROGRAMADA
852,"BIO3,CP2,PL1-004,16",2025-09-02,42000,19.00,38181.000000000,18.89,43750,21.00,25975,25975.000,,0.670000000000000,,,,475.00,,247,9,PL1-004,10.50,3,cosecha,PROGRAMADA
853,"BIO2,CP2,BA1-036,17",2025-09-02,18000,16.00,16366.000000000,16.20,17600,16.00,9350,9350.000,,0.700000000000000,,,,250.00,,91,4,BA1-036,2.87,2,cosecha,PROGRAMADA
854,"BIO3,CP3,PL2-003,16",2025-09-02,38000,20.00,34731.000000000,22.49,33250,21.14,20535,20535.000,,0.656455142231947,,,,,,123,10,PL2-003,4.57,3,cosecha,PROGRAMADA
855,"BIO2,CP3,BSS-012,16",2025-09-04,37000,16.50,24763.000000000,15.00,27100,16.50,15600,15600.000,,0.540000000000000,,,,475.00,,154,5,BSS-012,5.60,2,cosecha,PROGRAMADA
857,"BIO3,CP3,PL2-006,16",2025-09-04,80000,23.00,78858.000000000,22.80,71150,22.54,42925,42925.000,,0.576606260296540,,,,,,133,10,PL2-006,12.14,3,cosecha,PROGRAMADA
858,"BIO2,CP3,BSS-014,16",2025-09-05,30000,19.00,26442.000000000,17.00,26900,19.00,15725,15725.000,,0.590000000000000,,,,,,159,5,BSS-014,5.05,2,cosecha,PROGRAMADA
2156,"BIO2,CP2,BA1-020,21",2026-06-26,16000,22.00,16111.000000000,24.71,16000,22.00,13050,,,0.880000000000000,,,,,,62,4,,4.55,2,cosecha,PROGRAMADA
861,"BIO3,CP2,PL1-019,14",2025-09-05,28000,19.00,24538.000000000,19.14,23100,18.67,16300,16300.000,,0.900900900900901,,,,,,268,9,PL1-019,5.55,3,cosecha,PROGRAMADA
862,"BIO2,CP4,BA2-041,15",2025-09-05,55000,20.00,49780.000000000,19.71,55850,20.00,33600,33600.000,,0.980000000000000,,,,,,87,6,BA2-041,8.20,2,cosecha,PROGRAMADA
863,"BIO2,CP3,BSS-010,16",2025-09-06,18000,18.00,18365.000000000,17.50,13300,17.50,7675,7675.000,,0.750000000000000,,,,,,132,5,BSS-010,2.65,2,cosecha,PROGRAMADA
864,"BIO3,CP2,PL1-022,17",2025-09-06,30000,16.00,26136.000000000,16.50,28350,15.86,16800,16800.000,,1.000000000000000,,,,,,271,9,PL1-022,5.00,3,cosecha,PROGRAMADA
865,"BIO2,CP1,BSF-003,17",2025-09-06,35000,19.00,35000.000000000,18.70,35200,17.83,18000,18000.000,,0.500000000000000,,,,,,158,3,BSF-003,6.03,2,cosecha,PROGRAMADA
866,"BIO2,CP2,BA1-001,17",2025-09-06,60000,20.00,50358.000000000,20.00,42300,20.00,25650,25650.000,,0.520000000000000,,,,725.00,,1,4,BA1-001,7.63,2,cosecha,PROGRAMADA
867,"BIO3,CP2,PL1-024,17",2025-09-07,32000,17.00,30095.000000000,17.11,35600,16.93,20025,20025.000,,0.769230769230769,,,,,,273,9,PL1-024,6.50,3,cosecha,PROGRAMADA
868,"BIO2,CP1,BSF-006,16",2025-09-07,39000,20.00,34610.000000000,20.00,40600,19.67,20850,20850.000,,0.570000000000000,,,,,,168,3,BSF-006,8.74,2,cosecha,PROGRAMADA
869,"BIO2,CP2,BA1-003,17",2025-09-07,50000,20.00,40205.000000000,19.30,36000,20.00,20500,20500.000,,0.720000000000000,,,,575.00,,6,4,BA1-003,5.57,2,cosecha,PROGRAMADA
870,"BIO1,CP1,BG1-005,17",2025-09-08,65000,18.00,57746.000000000,16.80,58500,17.00,34900,34900.000,,1.270000000000000,,,,925.00,,11,1,BG1-005,8.68,1,cosecha,PROGRAMADA
2157,"BIO2,CP6,BCE-007,02",2026-06-25,20000,20.00,18378.000000000,19.50,21400,20.00,11550,,,0.350000000000000,,,,,,332,12,,5.70,2,cosecha,PROGRAMADA
872,"BIO2,CP3,BSS-002,16",2025-09-09,30000,18.00,29481.000000000,17.60,34200,18.00,17050,17050.000,,0.530000000000000,,,,475.00,,108,5,BSS-002,5.64,2,cosecha,PROGRAMADA
874,"BIO3,CP1,PJF-014,16",2025-09-09,37000,20.00,37115.000000000,19.97,32400,20.00,18250,18250.000,,0.780000000000000,,,,475.00,,52,8,PJF-014,7.68,3,cosecha,PROGRAMADA
2158,"BIO2,CP3,BSS-011,20",2026-06-26,21000,28.00,18613.000000000,26.00,19050,28.15,13875,,,0.810000000000000,,,,,,150,5,,4.92,2,cosecha,PROGRAMADA
876,"BIO3,CP1,PJF-007,16",2025-09-09,28000,19.00,30364.000000000,21.23,28800,21.00,16125,16125.000,,1.020000000000000,,,,,,23,8,PJF-007,5.91,3,cosecha,PROGRAMADA
877,"BIO2,CP1,BSF-002,18",2025-09-09,40000,20.50,30544.000000000,20.50,37350,20.50,20450,20450.000,,0.780000000000000,,,,,,155,3,BSF-002,6.45,2,cosecha,PROGRAMADA
878,"BIO2,CP2,BA1-006,17",2025-09-09,40000,21.00,36877.000000000,21.86,34900,21.00,18600,18600.000,,0.470000000000000,,,,,,15,4,BA1-006,4.26,2,cosecha,PROGRAMADA
879,"BIO2,CP3,BSS-003,16",2025-09-10,18000,19.00,17082.000000000,19.00,19250,19.00,9900,9900.000,,0.340000000000000,,,,,,111,5,BSS-003,2.94,2,cosecha,PROGRAMADA
880,"BIO1,CP1,BG1-009,18",2025-09-10,25000,20.00,26276.000000000,19.50,29350,19.00,15950,15950.000,,1.020000000000000,,,,,,22,1,BG1-009,4.90,1,cosecha,PROGRAMADA
881,"BIO2,CP2,BA1-027,17",2025-09-10,35000,20.00,34031.000000000,19.65,28100,20.00,17875,17875.000,,0.410000000000000,,,,400.00,,69,4,BA1-027,4.92,2,cosecha,PROGRAMADA
882,"BIO2,CP5,BSP-004,13",2025-09-10,44000,18.00,35481.000000000,17.30,36800,16.50,20700,20700.000,,0.710000000000000,,,,,,173,7,BSP-004,5.65,2,cosecha,PROGRAMADA
883,"BIO3,CP1,PJF-015,16",2025-09-11,35000,21.50,38923.000000000,21.77,31150,21.00,17675,17675.000,,0.900000000000000,,,,,,55,8,PJF-015,7.74,3,cosecha,PROGRAMADA
884,"BIO2,CP3,BSS-006,16",2025-09-11,22000,21.00,21480.000000000,20.50,21750,21.00,12825,12825.000,,0.620000000000000,,,,,,121,5,BSS-006,4.86,2,cosecha,PROGRAMADA
886,"BIO2,CP2,BA1-037,17",2025-09-11,15000,19.00,13451.000000000,18.35,13850,19.00,8225,8225.000,,0.840000000000000,,,,,,94,4,BA1-037,2.38,2,cosecha,PROGRAMADA
887,"BIO3,CP1,PJF-013,16",2025-09-12,27000,18.00,30317.000000000,20.31,25650,20.00,13100,13100.000,,1.190000000000000,,,,,,48,8,PJF-013,5.90,3,cosecha,PROGRAMADA
2162,"BIO3,CP1,PJF-006,27",2026-06-26,28000,23.00,24178.000000000,22.40,20300,23.00,11363,,,0.980000000000000,,,,,,20,8,,6.12,3,cosecha,PROGRAMADA
889,"BIO2,CP3,BSS-042,16",2025-09-12,25000,20.00,19061.000000000,20.40,24500,20.00,11200,11200.000,,0.670000000000000,,,,,,242,5,BSS-042,2.97,2,cosecha,PROGRAMADA
846,"BIO1,CP2,BG2-036,16",2025-08-30,33000,18.00,29687.000000000,17.30,34200,17.49,17925,17925.000,,1.150000000000000,,,,,,131,2,BG2-036,5.20,1,cosecha,PROGRAMADA
890,"BIO1,CP2,BG2-033,17",2025-09-12,40000,19.00,37622.000000000,17.45,37300,17.90,20725,20725.000,,1.290000000000000,,,,,,122,2,BG2-033,7.00,1,cosecha,PROGRAMADA
891,"BIO3,CP3,PL2-001,16",2025-09-12,20000,24.00,14462.000000000,23.26,13900,24.43,8500,8500.000,,2.480000000000000,,,,,,116,10,PL2-001,2.01,3,cosecha,PROGRAMADA
892,"BIO2,CP1,BSF-029,16",2025-09-12,38000,19.00,30915.000000000,19.21,36840,18.42,20100,20100.000,,0.600000000000000,,,,,,224,3,BSF-029,6.65,2,cosecha,PROGRAMADA
893,"BIO2,CP2,BA1-039,16",2025-09-12,19000,20.00,17846.000000000,20.00,15350,20.00,7650,7650.000,,0.640000000000000,,,,225.00,,100,4,BA1-039,3.12,2,cosecha,PROGRAMADA
895,"BIO2,CP3,BSS-043,17",2025-09-13,19000,22.00,13649.000000000,22.00,15150,22.00,8600,8600.000,,0.530000000000000,,,,250.00,,244,5,BSS-043,1.88,2,cosecha,PROGRAMADA
896,"BIO2,CP1,BSF-034,16",2025-09-13,32000,22.00,18299.000000000,21.90,25150,24.20,15175,15175.000,,0.950000000000000,,,,,,229,3,BSF-034,4.22,2,cosecha,PROGRAMADA
897,"BIO2,CP2,BA1-018,17",2025-09-13,45000,21.00,34319.000000000,20.70,40000,21.00,21100,21100.000,,0.480000000000000,,,,,,60,4,BA1-018,6.28,2,cosecha,PROGRAMADA
898,"BIO3,CP2,PL1-031,17",2025-09-13,24000,21.00,21851.000000000,21.48,21550,20.48,12280,12280.000,,1.560000000000000,,,,,,280,9,PL1-031,3.20,3,cosecha,PROGRAMADA
900,"BIO2,CP1,BSF-019,16",2025-09-14,30000,20.00,20552.000000000,19.83,24500,17.75,14500,14500.000,,0.590000000000000,,,,,,214,3,BSF-019,6.73,2,cosecha,PROGRAMADA
901,"BIO2,CP2,BA1-017,17",2025-09-14,33000,21.00,27514.000000000,19.42,30200,20.00,16575,16575.000,,0.430000000000000,,,,,,58,4,BA1-017,4.60,2,cosecha,PROGRAMADA
903,"BIO2,CP1,BSF-021,16",2025-09-15,26000,20.00,17796.000000000,18.90,20295,19.00,12075,12075.000,,0.590000000000000,,,,,,216,3,BSF-021,5.35,2,cosecha,PROGRAMADA
904,"BIO3,CP3,PL2-013,17",2025-09-15,34000,19.00,32491.000000000,18.58,26600,18.17,18650,18650.000,,0.610000000000000,,,,,,163,10,PL2-013,6.51,3,cosecha,PROGRAMADA
905,"BIO1,CP2,BG2-037,18",2025-09-16,33000,17.00,28503.000000000,17.33,32000,17.14,17150,17150.000,,0.940000000000000,,,,,,134,2,BG2-037,5.34,1,cosecha,PROGRAMADA
906,"BIO2,CP1,BSF-032,16",2025-09-16,28000,19.00,22623.000000000,18.70,28000,19.36,15775,15775.000,,0.710000000000000,,,,,,227,3,BSF-032,4.23,2,cosecha,PROGRAMADA
908,"BIO2,CP3,BSS-033,16",2025-09-17,38000,18.00,40080.000000000,19.30,32250,18.00,16975,16975.000,,0.650000000000000,,,,,,233,5,BSS-033,4.65,2,cosecha,PROGRAMADA
909,"BIO1,CP2,BG2-038,17",2025-09-17,35000,17.00,30196.000000000,17.08,38800,16.45,19925,19925.000,,0.870000000000000,,,,,,137,2,BG2-038,5.74,1,cosecha,PROGRAMADA
910,"BIO2,CP1,BSF-024,16",2025-09-17,32000,19.00,28095.000000000,18.50,35400,19.80,16775,16775.000,,0.650000000000000,,,,,,219,3,BSF-024,7.67,2,cosecha,PROGRAMADA
911,"BIO1,CP2,BG2-030,17",2025-09-17,30000,20.00,25483.000000000,19.78,24600,19.03,14375,14375.000,,1.090000000000000,,,,,,113,2,BG2-030,7.32,1,cosecha,PROGRAMADA
912,"BIO2,CP5,BSP-009,05",2025-09-17,40000,19.00,33754.000000000,19.00,36600,18.70,20225,20225.000,,0.840000000000000,,,,,,189,7,BSP-009,4.75,2,cosecha,PROGRAMADA
913,"BIO2,CP3,BSS-019,17",2025-09-18,22000,19.00,20043.000000000,18.20,20250,19.00,12200,12200.000,,0.650000000000000,,,,,,174,5,BSS-019,3.09,2,cosecha,PROGRAMADA
914,"BIO3,CP2,PL1-008,16",2025-09-18,38000,20.00,34565.000000000,20.04,33750,18.87,19700,19700.000,,0.781250000000000,,,,,,251,9,PL1-008,6.40,3,cosecha,PROGRAMADA
915,"BIO2,CP2,BA1-013,17",2025-09-18,30000,22.00,26871.000000000,21.61,27000,22.00,13550,13550.000,,0.640000000000000,,,,,,47,4,BA1-013,4.71,2,cosecha,PROGRAMADA
916,"BIO2,CP3,BSS-021,18",2025-09-18,22000,18.00,19638.000000000,18.00,19550,19.90,11250,11250.000,,0.340000000000000,,,,,,181,5,BSS-021,2.90,2,cosecha,PROGRAMADA
917,"BIO3,CP2,PL1-011,16",2025-09-18,36000,20.00,32063.000000000,19.79,29100,20.15,18200,18200.000,,0.877192982456140,,,,,,260,9,PL1-011,5.70,3,cosecha,PROGRAMADA
918,"BIO1,CP2,BG2-027,17",2025-09-19,45000,18.00,41570.000000000,17.70,46650,18.85,26450,26450.000,,0.930000000000000,,,,,,104,2,BG2-027,6.47,1,cosecha,PROGRAMADA
919,"BIO2,CP2,BA1-012,17",2025-09-19,30000,22.00,26848.000000000,22.40,33100,22.00,17600,17600.000,,0.440000000000000,,,,,,44,4,BA1-012,4.54,2,cosecha,PROGRAMADA
920,"BIO2,CP5,BSP-008,05",2025-09-19,35000,19.00,31695.000000000,18.50,34350,18.00,19025,19025.000,,0.900000000000000,,,,,,186,7,BSP-008,4.45,2,cosecha,PROGRAMADA
921,"BIO3,CP2,PL1-025,17",2025-09-20,30000,22.00,28629.000000000,22.83,24450,20.89,14550,14550.000,,2.500000000000000,,,,,,274,9,PL1-025,4.00,3,cosecha,PROGRAMADA
922,"BIO3,CP1,PJF-011,17",2025-09-20,34000,22.00,35601.000000000,22.30,33000,21.99,18175,18175.000,,0.600000000000000,,,,,,42,8,PJF-011,6.69,3,cosecha,PROGRAMADA
923,"BIO2,CP3,BSS-018,17",2025-09-21,28000,16.00,27006.000000000,16.30,22400,16.30,12975,12975.000,,0.230000000000000,,,,,,172,5,BSS-018,4.43,2,cosecha,PROGRAMADA
924,"BIO1,CP2,BG2-022,17",2025-09-21,42000,16.00,43914.000000000,15.57,44200,16.02,23328,23328.000,,0.790000000000000,,,,,,89,2,BG2-022,8.90,1,cosecha,PROGRAMADA
925,"BIO3,CP2,PL1-026,17",2025-09-21,24000,24.00,23277.000000000,22.73,16950,23.83,12225,12225.000,,2.660000000000000,,,,,,275,9,PL1-026,3.00,3,cosecha,PROGRAMADA
926,"BIO3,CP1,PJF-012,20",2025-09-22,34000,21.00,36874.000000000,20.45,36300,21.00,19900,19900.000,,0.730000000000000,,,,,,45,8,PJF-012,6.83,3,cosecha,PROGRAMADA
927,"BIO2,CP3,BSS-009,16",2025-09-22,22000,18.00,21570.000000000,17.50,18500,17.50,11125,11125.000,,0.480000000000000,,,,,,130,5,BSS-009,4.15,2,cosecha,PROGRAMADA
928,"BIO1,CP1,BG1-011,17",2025-09-22,50000,16.00,42815.000000000,13.90,49300,16.00,26825,26825.000,,1.110000000000000,,,,,,34,1,BG1-011,10.77,1,cosecha,PROGRAMADA
929,"BIO2,CP5,BSP-015,13",2025-09-22,45000,20.00,41329.000000000,20.20,38500,19.00,23575,23575.000,,0.830000000000000,,,,,,305,7,BSP-015,6.00,2,cosecha,PROGRAMADA
930,"BIO3,CP2,PL1-029,17",2025-09-22,58000,15.00,52650.000000000,14.80,57000,14.62,33550,33550.000,,0.700000000000000,,,,,,278,9,PL1-029,10.00,3,cosecha,PROGRAMADA
931,"BIO2,CP5,BSP-012,13",2025-09-22,33000,21.00,28132.000000000,20.00,26900,22.00,16275,16275.000,,0.680000000000000,,,,,,202,7,BSP-012,7.40,2,cosecha,PROGRAMADA
932,"BIO2,CP4,BA2-049,16",2025-09-22,18000,20.00,17390.000000000,18.82,15200,20.00,9175,9175.000,,0.440000000000000,,,,,,112,6,BA2-049,2.14,2,cosecha,PROGRAMADA
933,"BIO2,CP2,BA1-023,17",2025-09-22,18000,17.00,16943.000000000,18.46,18750,17.00,9850,9850.000,,0.440000000000000,,,,,,65,4,BA1-023,2.98,2,cosecha,PROGRAMADA
934,"BIO2,CP3,BSS-007,16",2025-09-23,30000,24.00,26532.000000000,24.00,18500,24.00,11075,11075.000,,0.900000000000000,,,,,,124,5,BSS-007,3.35,2,cosecha,PROGRAMADA
935,"BIO3,CP1,PJF-006,23",2025-09-23,31000,20.00,31819.000000000,20.55,32400,20.00,18600,18600.000,,0.650000000000000,,,,,,20,8,PJF-006,6.12,3,cosecha,PROGRAMADA
936,"BIO1,CP1,BG1-012,18",2025-09-23,30000,14.00,25575.000000000,12.50,21050,12.00,16200,16200.000,,0.900000000000000,,,,,,37,1,BG1-012,7.75,1,cosecha,PROGRAMADA
937,"BIO1,CP2,BG2-024,16",2025-09-23,45000,18.00,42983.000000000,19.00,44100,19.49,26525,26525.000,,1.010000000000000,,,,,,95,2,BG2-024,7.91,1,cosecha,PROGRAMADA
938,"BIO2,CP2,BA1-022,17",2025-09-23,30000,17.00,28310.000000000,18.37,27750,17.00,14600,14600.000,,0.440000000000000,,,,,,64,4,BA1-022,4.67,2,cosecha,PROGRAMADA
2161,"BIO1,CP2,BG2-049,05",2026-06-26,40000,18.00,47399.000000000,21.50,41200,18.00,25025,,,0.900000000000000,,,,,,321,2,,10.00,1,cosecha,PROGRAMADA
2163,"BIO1,CP1,BG1-009,23",2026-06-26,8000,19.00,28584.000000000,18.90,8000,19.00,15375,,,1.020000000000000,,,,,,22,1,,4.90,1,raleo,PROGRAMADA
939,"BIO3,CP2,PL1-044,05",2025-09-23,38000,16.00,36880.000000000,17.25,34450,15.34,20450,20450.000,,0.430000000000000,,,,,,297,9,PL1-044,7.51,3,cosecha,PROGRAMADA
940,"BIO3,CP1,PJF-003,17",2025-09-24,41000,22.50,46925.000000000,21.96,39700,22.05,21725,21725.000,,1.020000000000000,,,,,,10,8,PJF-003,8.83,3,cosecha,PROGRAMADA
942,"BIO2,CP3,BSS-028,17",2025-09-24,32000,20.00,34258.000000000,20.50,22500,20.50,13675,13675.000,,0.470000000000000,,,,,,201,5,BSS-028,4.22,2,cosecha,PROGRAMADA
943,"BIO1,CP1,BG1-010,16",2025-09-24,36000,16.00,31756.000000000,15.40,37350,16.00,19800,19800.000,,0.970000000000000,,,,,,25,1,BG1-010,7.21,1,cosecha,PROGRAMADA
944,"BIO2,CP2,BA1-021,17",2025-09-24,22000,17.00,22137.000000000,18.95,24100,17.00,13125,13125.000,,0.560000000000000,,,,,,63,4,BA1-021,3.54,2,cosecha,PROGRAMADA
945,"BIO3,CP2,PL1-047,05",2025-09-24,36000,15.00,32480.000000000,15.05,34200,15.00,20200,20200.000,,1.140000000000000,,,,,,300,9,PL1-047,7.90,3,cosecha,PROGRAMADA
946,"BIO1,CP2,BG2-050,01",2025-09-24,25000,25.00,28609.000000000,24.77,18200,24.11,15103,15103.000,,0.670000000000000,,,,,,322,2,BG2-050,7.50,1,cosecha,PROGRAMADA
947,"BIO2,CP3,BSS-020,17",2025-09-25,11000,22.00,10594.000000000,22.00,9450,22.00,6500,6500.000,,0.330000000000000,,,,,,177,5,BSS-020,3.04,2,cosecha,PROGRAMADA
948,"BIO2,CP4,BA2-044,15",2025-09-25,76000,20.00,82038.000000000,22.00,65550,20.00,38950,38950.000,,0.800000000000000,,,,,,96,6,BA2-044,11.30,2,cosecha,PROGRAMADA
949,"BIO3,CP2,PL1-013,15",2025-09-25,34000,15.00,27570.000000000,15.50,31150,15.50,18300,18300.000,,0.820000000000000,,,,,,262,9,PL1-013,7.35,3,cosecha,PROGRAMADA
950,"BIO2,CP3,BSS-031,18",2025-09-26,24000,17.00,23838.000000000,19.50,23970,19.50,14850,14850.000,,0.340000000000000,,,,,,231,5,BSS-031,8.59,2,cosecha,PROGRAMADA
951,"BIO1,CP2,BG2-047,01",2025-09-26,7000,19.00,8340.000000000,17.55,5650,17.16,2725,2718.000,,0.280000000000000,,,,,,319,2,BG2-047,10.80,1,cosecha,PROGRAMADA
952,"BIO1,CP1,BG1-014,17",2025-09-26,18000,14.00,15207.000000000,13.00,18700,14.00,10325,10325.000,,0.980000000000000,,,,,,43,1,BG1-014,4.09,1,cosecha,PROGRAMADA
953,"BIO2,CP1,BSF-010,16",2025-09-26,39000,17.80,39028.000000000,17.88,28793,17.06,15350,15350.000,,0.580000000000000,,,,500.00,,180,3,BSF-010,6.89,2,cosecha,PROGRAMADA
954,"BIO2,CP4,BA2-048,16",2025-09-26,18000,19.00,17565.000000000,19.01,14200,19.00,9525,9525.000,,0.710000000000000,,,,,,109,6,BA2-048,2.80,2,cosecha,PROGRAMADA
955,"BIO3,CP2,PL1-014,17",2025-09-26,34000,18.00,32766.000000000,18.36,33500,18.00,19100,19100.000,,0.890000000000000,,,,,,263,9,PL1-014,6.76,3,cosecha,PROGRAMADA
956,"BIO2,CP4,BA2-205,26",2025-09-26,3000,18.00,2915.000000000,18.00,2700,18.00,1730,1730.000,,2.170000000000000,,,,,,83,6,BA2-205,0.46,2,cosecha,PROGRAMADA
957,"BIO1,CP2,BG2-032,18",2025-09-27,20000,12.40,18579.000000000,12.45,21500,11.42,12025,12025.000,,1.240000000000000,,,,,,119,2,BG2-032,9.69,1,cosecha,PROGRAMADA
958,"BIO2,CP3,BSS-015,16",2025-09-27,16000,19.50,15135.000000000,19.50,17100,19.50,9750,9750.000,,0.680000000000000,,,,,,162,5,BSS-015,5.88,2,cosecha,PROGRAMADA
959,"BIO2,CP1,BSF-004,17",2025-09-27,32000,18.00,37116.000000000,18.10,31730,16.83,14700,14700.000,,0.700000000000000,,,,,,161,3,BSF-004,7.17,2,cosecha,PROGRAMADA
960,"BIO2,CP2,BA1-040,18",2025-09-27,12000,20.00,9781.000000000,19.00,9950,20.00,7050,7050.000,,1.110000000000000,,,,190.00,,103,4,BA1-040,1.80,2,cosecha,PROGRAMADA
961,"BIO2,CP3,BSS-038,16",2025-09-28,24000,18.00,22846.000000000,17.50,20950,18.00,11075,11075.000,,0.470000000000000,,,,,,238,5,BSS-038,4.30,2,cosecha,PROGRAMADA
962,"BIO1,CP1,BG1-016,17",2025-09-28,50000,16.00,46843.000000000,15.80,56050,16.00,29400,29400.000,,0.800000000000000,,,,,,49,1,BG1-016,11.23,1,cosecha,PROGRAMADA
964,"BIO3,CP2,PL1-036,18",2025-09-28,32000,20.00,29318.000000000,19.89,31500,20.00,17325,17325.000,,0.750000000000000,,,,,,285,9,PL1-036,6.70,3,cosecha,PROGRAMADA
965,"BIO2,CP2,BA1-028,17",2025-09-28,30000,18.00,27054.000000000,17.23,23850,18.00,13625,13625.000,,0.360000000000000,,,,,,70,4,BA1-028,5.49,2,cosecha,PROGRAMADA
966,"BIO1,CP2,BG2-049,01",2025-09-29,30000,20.00,35147.000000000,19.97,30300,19.90,20523,20523.000,,0.300000000000000,,,,,,321,2,BG2-049,10.00,1,cosecha,PROGRAMADA
967,"BIO1,CP1,BG1-017,17",2025-09-29,40000,15.00,33575.000000000,14.50,39700,15.00,20425,20425.000,,0.830000000000000,,,,,,51,1,BG1-017,8.42,1,cosecha,PROGRAMADA
968,"BIO3,CP2,PL1-034,17",2025-09-29,44000,19.00,41426.000000000,19.02,34850,20.00,26450,26450.000,,0.780000000000000,,,,,,283,9,PL1-034,9.00,3,cosecha,PROGRAMADA
969,"BIO2,CP4,BA2-043,15",2025-09-29,49000,18.00,48774.000000000,17.45,53830,18.00,33075,33075.000,,0.940000000000000,,,,,,93,6,BA2-043,8.47,2,cosecha,PROGRAMADA
970,"BIO1,CP2,BG2-048,01",2025-09-30,23000,23.00,30037.000000000,21.88,22700,24.00,14725,14725.000,,0.580000000000000,,,,,,320,2,BG2-048,10.40,1,cosecha,PROGRAMADA
971,"BIO2,CP2,BA1-025,17",2025-09-30,25000,19.00,23425.000000000,19.00,21150,19.00,13175,13175.000,,0.430000000000000,,,,,,67,4,BA1-025,4.67,2,cosecha,PROGRAMADA
972,"BIO2,CP3,BSS-016,16",2025-10-01,54000,20.00,52220.000000000,20.10,45700,20.10,24000,24000.000,,0.400000000000000,,,,,,166,5,BSS-016,7.57,2,cosecha,PROGRAMADA
973,"BIO3,CP3,PL2-008,17",2025-10-01,75000,18.00,69938.000000000,17.00,79400,17.00,44325,44325.000,,0.700000000000000,,,,,,139,10,PL2-008,17.00,3,cosecha,PROGRAMADA
974,"BIO2,CP3,BSS-017,16",2025-10-02,42000,18.00,40841.000000000,17.50,33200,18.00,17325,17325.000,,,,,,,,169,5,BSS-017,7.80,2,cosecha,PROGRAMADA
975,"BIO1,CP2,BG2-028,17",2025-10-02,45000,17.18,48355.000000000,17.78,48200,17.18,26900,26900.000,,,,,,,,107,2,BG2-028,8.83,1,cosecha,PROGRAMADA
976,"BIO2,CP2,BA1-024,17",2025-10-01,24000,18.00,24123.000000000,17.00,23050,18.00,13425,13425.000,,0.470000000000000,,,,,,66,4,BA1-024,4.30,2,cosecha,PROGRAMADA
977,"BIO3,CP3,PL2-011,17",2025-10-02,40000,19.00,36993.000000000,18.65,34150,19.00,23225,23225.000,,0.600000000000000,,,,,,156,10,PL2-011,6.44,3,cosecha,PROGRAMADA
978,"BIO2,CP2,BA1-015,17",2025-10-02,27000,18.00,24724.000000000,17.20,23400,18.00,11925,11925.000,,0.490000000000000,,,,,,53,4,BA1-015,4.06,2,cosecha,PROGRAMADA
979,"BIO3,CP2,PL1-045,08",2025-10-03,27000,21.00,22070.000000000,19.00,21200,20.00,14750,14750.000,,2.000000000000000,,,,,,298,9,PL1-045,5.00,3,cosecha,PROGRAMADA
980,"BIO3,CP2,PL1-006,17",2025-10-03,34000,20.00,27715.000000000,17.90,30850,21.00,17050,17050.000,,0.700000000000000,,,,,,249,9,PL1-006,5.80,3,cosecha,PROGRAMADA
981,"BIO2,CP1,BSF-008,16",2025-10-03,37000,20.00,37318.000000000,19.80,34450,21.43,18350,18350.000,,0.610000000000000,,,,,,175,3,BSF-008,6.59,2,cosecha,PROGRAMADA
982,"BIO2,CP2,BA1-014,17",2025-10-03,39000,19.00,41151.000000000,17.20,35400,19.00,20050,20050.000,,0.410000000000000,,,,,,50,4,BA1-014,7.25,2,cosecha,PROGRAMADA
983,"BIO3,CP2,PL1-046,05",2025-10-04,32000,20.00,28173.000000000,18.60,26100,20.00,17850,17850.000,,1.180000000000000,,,,,,299,9,PL1-046,8.31,3,cosecha,PROGRAMADA
984,"BIO3,CP2,PL1-002,17",2025-10-04,27000,22.00,24176.000000000,22.20,21600,22.00,14050,14050.000,,0.700000000000000,,,,,,243,9,PL1-002,4.50,3,cosecha,PROGRAMADA
985,"BIO3,CP3,PL2-002,17",2025-10-05,28000,17.00,27138.000000000,17.94,30850,17.00,16900,16900.000,,1.570000000000000,,,,,,120,10,PL2-002,5.73,3,cosecha,PROGRAMADA
986,"BIO2,CP2,BA1-005,18",2025-10-05,44000,20.00,50063.000000000,19.15,45400,20.00,25475,25475.000,,0.290000000000000,,,,,,12,4,BA1-005,6.99,2,cosecha,PROGRAMADA
987,"BIO3,CP2,PL1-001,17",2025-10-06,50000,20.00,50442.000000000,21.23,45800,21.00,28675,28675.000,,0.670000000000000,,,,,,207,9,PL1-001,9.00,3,cosecha,PROGRAMADA
2159,"BIO3,CP1,PJF-002,21",2026-06-25,9000,12.00,39140.000000000,11.85,7200,12.00,16425,,,0.880000000000000,,,,,,7,8,,9.08,3,raleo,PROGRAMADA
2133,"BIO2,CP3,BSS-031,22",2026-06-20,47000,23.00,43673.000000000,22.46,43550,22.33,22650,,,0.450000000000000,,,,,,231,5,,8.82,2,cosecha,PROGRAMADA
989,"BIO2,CP5,BSP-001,14",2025-10-05,24000,16.00,20346.000000000,17.00,20750,15.70,13300,13300.000,,0.590000000000000,,,,,,164,7,BSP-001,3.40,2,cosecha,PROGRAMADA
990,"BIO2,CP1,BSF-001,16",2025-10-06,36000,21.00,36769.000000000,20.15,35700,21.35,19675,19675.000,,0.770000000000000,,,,,,153,3,BSF-001,6.48,2,cosecha,PROGRAMADA
991,"BIO3,CP1,PJF-002,17",2025-10-06,41000,18.00,41794.000000000,19.02,35550,19.00,19975,19975.000,,1.100000000000000,,,,,,7,8,PJF-002,9.08,3,cosecha,PROGRAMADA
992,"BIO2,CP2,BA1-002,17",2025-10-06,47000,18.00,42575.000000000,18.30,40500,18.00,23875,23875.000,,0.280000000000000,,,,,,4,4,BA1-002,7.05,2,cosecha,PROGRAMADA
993,"BIO2,CP4,BA2-204,25",2025-10-06,6000,17.00,4942.000000000,15.47,6450,17.00,4105,4105.000,,0.760000000000000,,,,,,80,6,BA2-204,1.32,2,cosecha,PROGRAMADA
994,"BIO2,CP5,BSP-002,14",2025-10-06,26000,16.00,24859.000000000,16.20,21350,15.00,14375,14375.000,,0.650000000000000,,,,,,167,7,BSP-002,4.65,2,cosecha,PROGRAMADA
995,"BIO3,CP3,PL2-004,17",2025-10-07,34000,18.00,26814.000000000,15.87,30970,18.00,18500,18500.000,,0.600000000000000,,,,,,126,10,PL2-004,6.40,3,cosecha,PROGRAMADA
996,"BIO2,CP2,BA1-007,18",2025-10-07,20000,18.00,17441.000000000,17.50,19545,18.00,10650,10650.000,,0.660000000000000,,,,,,18,4,BA1-007,3.02,2,cosecha,PROGRAMADA
997,"BIO3,CP2,PL1-030,18",2025-10-08,20000,15.00,21683.000000000,16.00,21250,15.00,11500,11500.000,,0.000000000000000,,,,,,279,9,PL1-030,4.40,3,cosecha,PROGRAMADA
998,"BIO3,CP3,PL2-005,17",2025-10-08,35000,18.00,33310.000000000,19.00,35200,19.00,19375,19375.000,,0.700000000000000,,,,,,129,10,PL2-005,6.13,3,cosecha,PROGRAMADA
1000,"BIO2,CP1,BSF-018,16",2025-10-07,38000,19.00,29454.000000000,16.66,38800,15.22,21125,21125.000,,0.000000000000000,,,,,,213,3,BSF-018,5.74,2,cosecha,PROGRAMADA
1001,"BIO2,CP5,BSP-003,13",2025-10-07,36000,16.00,34685.000000000,16.50,33100,15.50,18425,18425.000,,0.460000000000000,,,,,,170,7,BSP-003,6.50,2,cosecha,PROGRAMADA
1002,"BIO2,CP1,BSF-013,16",2025-10-08,50000,18.00,44750.000000000,16.76,44466,15.00,25650,25650.000,,0.000000000000000,,,,,,206,3,BSF-013,8.37,2,cosecha,PROGRAMADA
1003,"BIO2,CP5,BSP-010,05",2025-10-08,43000,17.00,41003.000000000,16.80,38000,15.40,22700,22700.000,,0.470000000000000,,,,,,193,7,BSP-010,6.45,2,cosecha,PROGRAMADA
1004,"BIO2,CP4,BA2-046,15",2025-10-08,48000,17.00,45738.000000000,18.00,54450,17.00,27300,27300.000,,0.860000000000000,,,,,,102,6,BA2-046,10.50,2,cosecha,PROGRAMADA
1005,"BIO3,CP2,PL1-033,17",2025-10-09,35000,16.00,35100.000000000,15.40,32950,16.00,18350,18350.000,,0.800000000000000,,,,,,282,9,PL1-033,7.40,3,cosecha,PROGRAMADA
1006,"BIO3,CP2,PL1-040,06",2025-10-09,25000,20.00,22657.000000000,19.92,23300,20.00,13525,13525.000,,1.200000000000000,,,,,,293,9,PL1-040,4.70,3,cosecha,PROGRAMADA
1007,"BIO3,CP1,PJF-009,17",2025-10-09,29000,17.00,29128.000000000,16.89,30800,16.00,17575,17575.000,,0.660000000000000,,,,,,29,8,PJF-009,6.03,3,cosecha,PROGRAMADA
1008,"BIO2,CP1,BSF-011,17",2025-10-09,40000,15.00,35731.000000000,15.83,39100,15.50,23050,23050.000,,0.580000000000000,,,,,,200,3,BSF-011,6.84,2,cosecha,PROGRAMADA
1009,"BIO2,CP4,BA2-047,15",2025-10-09,37000,22.00,36010.000000000,22.00,29750,19.30,21550,21550.000,,0.940000000000000,,,,,,106,6,BA2-047,7.44,2,cosecha,PROGRAMADA
1010,"BIO3,CP2,PL1-027,17",2025-10-10,40000,19.00,39886.000000000,18.50,37750,16.00,20100,20100.000,,0.700000000000000,,,,,,276,9,PL1-027,7.00,3,cosecha,PROGRAMADA
1011,"BIO3,CP2,PL1-041,06",2025-10-10,26000,19.00,23852.000000000,18.07,25800,19.00,14500,14500.000,,1.000000000000000,,,,,,294,9,PL1-041,6.00,3,cosecha,PROGRAMADA
1012,"BIO2,CP4,BA2-050,16",2025-10-10,45000,19.00,44557.000000000,19.74,44200,17.40,31900,31900.000,,0.940000000000000,,,,,,115,6,BA2-050,8.55,2,cosecha,PROGRAMADA
1013,"BIO3,CP2,PL1-028,17",2025-10-11,32000,20.00,30492.000000000,21.00,29200,20.00,16750,16750.000,,0.900000000000000,,,,,,277,9,PL1-028,5.50,3,cosecha,PROGRAMADA
1014,"BIO3,CP2,PL1-042,06",2025-10-11,24000,17.00,24274.000000000,17.24,20600,17.00,13000,13000.000,,0.940000000000000,,,,,,295,9,PL1-042,6.40,3,cosecha,PROGRAMADA
1015,"BIO2,CP3,BSS-011,16",2025-10-12,25000,19.00,26140.000000000,21.00,21200,21.00,12500,12500.000,,0.610000000000000,,,,,,150,5,BSS-011,4.92,2,cosecha,PROGRAMADA
1016,"BIO1,CP2,BG2-042,17",2025-10-12,33000,20.00,30471.000000000,19.02,28578,20.95,15800,15800.000,,0.760000000000000,,,,,,149,2,BG2-042,6.62,1,cosecha,PROGRAMADA
1017,"BIO3,CP2,PL1-043,06",2025-10-12,25000,18.00,23978.000000000,17.30,24580,17.00,13925,13925.000,,0.710000000000000,,,,,,296,9,PL1-043,7.00,3,cosecha,PROGRAMADA
1018,"BIO2,CP2,BA1-020,17",2025-10-11,28000,19.00,24347.000000000,18.71,26350,19.00,16400,16400.000,,0.440000000000000,,,,,,62,4,BA1-020,4.55,2,cosecha,PROGRAMADA
1019,"BIO2,CP1,BSF-026,17",2025-10-12,29000,16.00,28835.000000000,14.28,30932,14.43,15125,15125.000,,0.630000000000000,,,,,,221,3,BSF-026,6.33,2,cosecha,PROGRAMADA
1020,"BIO2,CP3,BSS-013,17",2025-10-13,23000,21.00,22462.000000000,22.10,20650,21.00,11825,11825.000,,,,,,,,157,5,BSS-013,4.62,2,cosecha,PROGRAMADA
1021,"BIO2,CP1,BSF-020,16",2025-10-13,35000,16.00,30835.000000000,14.78,36100,16.12,17025,17025.000,,0.610000000000000,,,,,,215,3,BSF-020,6.54,2,cosecha,PROGRAMADA
1022,"BIO2,CP1,BSF-027,16",2025-10-14,33000,16.00,32109.000000000,15.53,32000,16.00,16300,16300.000,,0.590000000000000,,,,,,222,3,BSF-027,6.81,2,cosecha,PROGRAMADA
1023,"BIO2,CP5,BSP-005,31",2025-10-14,22000,19.00,20346.000000000,19.00,17350,18.10,11954,11954.000,,1.020000000000000,,,,,,176,7,BSP-005,2.95,2,cosecha,PROGRAMADA
2132,"BIO3,CP3,PL2-013,22",2026-06-20,18000,18.00,18988.000000000,18.90,20900,20.33,9650,,,0.610000000000000,,,,,,163,10,,6.51,3,cosecha,PROGRAMADA
1025,"BIO2,CP1,BSF-022,17",2025-10-15,36000,16.00,37621.000000000,15.56,32500,15.50,18025,18025.000,,0.510000000000000,,,,,,217,3,BSF-022,7.85,2,cosecha,PROGRAMADA
1026,"BIO1,CP2,BG2-041,17",2025-10-16,35000,17.00,34029.000000000,16.72,41300,16.10,20425,20425.000,,0.780000000000000,,,,,,146,2,BG2-041,6.38,1,cosecha,PROGRAMADA
1027,"BIO2,CP2,BA1-034,17",2025-10-15,42000,17.00,37080.000000000,16.50,38300,16.00,22475,22475.000,,0.440000000000000,,,,,,84,4,BA1-034,6.81,2,cosecha,PROGRAMADA
1028,"BIO3,CP2,PL1-005,17",2025-10-15,30000,18.00,27419.000000000,17.31,19650,18.00,13675,13675.000,,1.000000000000000,,,,,,248,9,PL1-005,6.00,3,cosecha,PROGRAMADA
1029,"BIO3,CP1,PJF-004,16",2025-10-16,37000,17.00,36062.000000000,16.65,34950,17.00,19950,19950.000,,0.780000000000000,,,,,,14,8,PJF-004,8.95,3,cosecha,PROGRAMADA
1031,"BIO3,CP2,PL1-009,17",2025-10-16,23000,17.00,24963.000000000,16.21,21750,17.00,16425,16425.000,,0.900000000000000,,,,,,252,9,PL1-009,7.00,3,cosecha,PROGRAMADA
1032,"BIO2,CP1,BSF-028,17",2025-10-16,29000,21.00,29802.000000000,21.10,26100,22.20,14550,14550.000,,0.470000000000000,,,,,,223,3,BSF-028,6.42,2,cosecha,PROGRAMADA
1033,"BIO1,CP2,BG2-023,17",2025-10-17,53000,15.00,50535.000000000,14.79,58200,15.51,28189,28189.000,,0.800000000000000,,,,,,92,2,BG2-023,10.02,1,cosecha,PROGRAMADA
1034,"BIO2,CP1,BSF-015,17",2025-10-17,43000,20.00,44352.000000000,20.07,49600,20.00,25400,25400.000,,0.730000000000000,,,,,,210,3,BSF-015,6.88,2,cosecha,PROGRAMADA
2260,"BIO2,CP1,BSF-015,21",2026-07-18,40000,27.00,35356.000000000,25.90,34060,27.60,21208,,,0.700000000000000,,,,,,210,3,,6.88,2,cosecha,PROGRAMADA
1036,"BIO1,CP2,BG2-034,19",2025-10-18,35000,13.50,32923.000000000,13.37,39800,13.24,17053,17053.000,,0.810000000000000,,,,,,125,2,BG2-034,8.61,1,cosecha,PROGRAMADA
2262,"BIO3,CP2,PL1-028,21",2026-07-18,33000,25.00,33691.000000000,25.26,26300,25.00,14650,,,1.100000000000000,,,,,,277,9,,5.50,3,cosecha,PROGRAMADA
1037,"BIO2,CP2,BA1-033,17",2025-10-17,26000,16.00,27147.000000000,16.29,22750,15.50,14150,14150.000,,0.400000000000000,,,,,,82,4,BA1-033,5.05,2,cosecha,PROGRAMADA
1038,"BIO3,CP1,PJF-010,16",2025-10-17,31000,17.00,30133.000000000,16.81,25500,16.00,15025,15025.000,,0.740000000000000,,,,,,32,8,PJF-010,6.79,3,cosecha,PROGRAMADA
1039,"BIO3,CP2,PL1-010,18",2025-10-17,35000,18.00,32868.000000000,18.00,34250,18.00,19875,19875.000,,0.800000000000000,,,,,,253,9,PL1-010,8.30,3,cosecha,PROGRAMADA
1040,"BIO2,CP1,BSF-012,17",2025-10-18,34000,17.00,31063.000000000,17.24,32200,16.10,18425,18425.000,,0.680000000000000,,,,,,203,3,BSF-012,5.85,2,cosecha,PROGRAMADA
2137,"BIO2,CP3,BSS-016,20",2026-06-21,32000,19.00,33134.000000000,18.73,37500,18.00,19175,,,0.400000000000000,,,,,,166,5,,7.57,2,cosecha,PROGRAMADA
1043,"BIO2,CP2,BA1-026,17",2025-10-18,22000,18.00,25235.000000000,17.97,21600,16.12,13150,13150.000,,0.400000000000000,,,,,,68,4,BA1-026,4.91,2,cosecha,PROGRAMADA
1044,"BIO2,CP3,BSS-008,17",2025-10-20,21000,20.00,20541.000000000,19.50,20650,20.00,11550,11550.000,,,,,,,,127,5,BSS-008,5.32,2,cosecha,PROGRAMADA
1045,"BIO2,CP5,BSP-013,14",2025-10-19,25000,21.00,24198.000000000,20.20,22100,19.20,13320,13320.000,,,,,,,,205,7,BSP-013,4.95,2,cosecha,PROGRAMADA
1046,"BIO2,CP3,BSS-005,16",2025-10-21,24000,23.00,23142.000000000,22.50,18900,22.50,12525,12525.000,,0.620000000000000,,,,,,118,5,BSS-005,4.87,2,cosecha,PROGRAMADA
1047,"BIO1,CP1,BG1-006,19",2025-10-20,30000,16.00,28667.000000000,15.00,33450,16.00,15800,15800.000,,1.170000000000000,,,,,,13,1,BG1-006,5.11,1,cosecha,PROGRAMADA
1048,"BIO2,CP2,BA1-035,17",2025-10-20,29000,18.00,31464.000000000,18.88,25300,19.00,16325,16325.000,,0.200000000000000,,,,,,88,4,BA1-035,5.05,2,cosecha,PROGRAMADA
1049,"BIO2,CP3,BSS-025,19",2025-10-22,8000,21.00,15352.000000000,20.50,6500,20.50,4500,4500.000,,2.630000000000000,,,,,,192,5,BSS-025,1.14,2,cosecha,PROGRAMADA
1050,"BIO2,CP3,BSS-029,17",2025-10-22,30000,24.00,30492.000000000,25.00,24800,24.00,15050,15050.000,,0.400000000000000,,,,,,204,5,BSS-029,5.04,2,cosecha,PROGRAMADA
1052,"BIO1,CP2,BG2-040,18",2025-10-22,33000,16.00,31500.000000000,16.03,34000,15.62,14500,14500.000,,1.100000000000000,,,,,,143,2,BG2-040,6.38,1,cosecha,PROGRAMADA
1053,"BIO1,CP1,BG1-003,17",2025-10-23,44000,15.00,36792.000000000,14.50,50300,15.00,23975,23975.000,,1.140000000000000,,,,,,5,1,BG1-003,6.99,1,cosecha,PROGRAMADA
1054,"BIO2,CP3,BSS-034,17",2025-10-23,27000,24.00,26504.000000000,24.00,25750,24.00,14900,14900.000,,0.000000000000000,,,,,,234,5,BSS-034,4.97,2,cosecha,PROGRAMADA
1055,"BIO1,CP2,BG2-039,17",2025-10-23,27000,17.00,21272.000000000,16.50,27700,17.75,11500,11500.000,,0.850000000000000,,,,,,140,2,BG2-039,5.86,1,cosecha,PROGRAMADA
1056,"BIO3,CP2,PL1-017,15",2025-10-22,28000,19.00,23316.000000000,18.40,22650,19.00,12950,12950.000,,0.700000000000000,,,,,,266,9,PL1-017,6.40,3,cosecha,PROGRAMADA
1057,"BIO1,CP2,BG2-026,17",2025-10-24,35000,17.00,37155.000000000,17.47,34100,18.35,16525,16525.000,,0.790000000000000,,,,,,101,2,BG2-026,6.36,1,cosecha,PROGRAMADA
1058,"BIO2,CP3,BSS-035,17",2025-10-24,22000,20.00,21571.000000000,20.30,22500,20.00,13700,13700.000,,0.000000000000000,,,,,,235,5,BSS-035,4.60,2,cosecha,PROGRAMADA
1059,"BIO2,CP2,BA1-030,17",2025-10-23,30000,16.00,26520.000000000,15.70,30100,15.04,17525,17525.000,,0.430000000000000,,,,,,73,4,BA1-030,6.98,2,cosecha,PROGRAMADA
1060,"BIO3,CP2,PL1-018,15",2025-10-23,23000,20.00,19219.000000000,19.20,19850,20.00,10725,10725.000,,0.700000000000000,,,,,,267,9,PL1-018,4.55,3,cosecha,PROGRAMADA
1061,"BIO2,CP3,BSS-023,17",2025-10-27,13000,20.00,11798.000000000,20.30,10500,20.30,6875,6875.000,,0.840000000000000,,,,,,187,5,BSS-023,2.38,2,cosecha,PROGRAMADA
1062,"BIO1,CP1,BG1-008,18",2025-10-27,47000,19.00,53057.000000000,18.40,50200,19.00,23575,23575.000,,1.040000000000000,,,,,,19,1,BG1-008,7.71,1,cosecha,PROGRAMADA
1063,"BIO3,CP2,PL1-019,15",2025-10-24,26000,15.00,20029.000000000,13.67,17650,15.00,10325,10325.000,,0.900000000000000,,,,,,268,9,PL1-019,5.55,3,cosecha,PROGRAMADA
1064,"BIO2,CP5,BSP-014,13",2025-10-26,35000,18.00,31423.000000000,18.00,34600,17.50,18350,18350.000,,0.580000000000000,,,,,,292,7,BSP-014,6.90,2,cosecha,PROGRAMADA
1065,"BIO2,CP3,BSS-032,16",2025-10-26,42000,25.00,43829.000000000,25.00,36900,25.00,23650,23650.000,,0.380000000000000,,,,,,232,5,BSS-032,7.89,2,cosecha,PROGRAMADA
1066,"BIO2,CP1,BSF-031,17",2025-10-25,45000,20.00,45070.000000000,20.00,41730,20.58,19350,19350.000,,0.640000000000000,,,,,,226,3,BSF-031,7.76,2,cosecha,PROGRAMADA
1067,"BIO1,CP2,BG2-043,02",2025-10-26,33000,22.00,31567.000000000,21.82,35100,21.85,17875,17875.000,,0.850000000000000,,,,,,312,2,BG2-043,8.22,1,cosecha,PROGRAMADA
1068,"BIO1,CP2,BG2-044,02",2025-10-25,27000,22.19,25988.000000000,22.19,29800,21.35,13475,13475.000,,0.850000000000000,,,,,,316,2,BG2-044,8.19,1,cosecha,PROGRAMADA
1069,"BIO1,CP1,BG1-007,18",2025-10-25,54000,16.00,64047.000000000,18.70,60850,17.00,30650,30650.000,,0.900000000000000,,,,,,16,1,BG1-007,11.12,1,cosecha,PROGRAMADA
1070,"BIO2,CP3,BSS-037,16",2025-10-25,21000,21.00,19242.000000000,21.00,22200,21.00,13450,13450.000,,0.470000000000000,,,,,,237,5,BSS-037,4.25,2,cosecha,PROGRAMADA
1071,"BIO3,CP2,PL1-016,15",2025-10-24,27000,19.00,22331.000000000,18.25,26800,19.00,13575,13575.000,,0.900000000000000,,,,,,265,9,PL1-016,6.18,3,cosecha,PROGRAMADA
1072,"BIO3,CP2,PL1-007,18",2025-10-27,23000,18.00,18533.000000000,16.20,21850,18.00,12025,12025.000,,0.800000000000000,,,,,,250,9,PL1-007,4.00,3,cosecha,PROGRAMADA
1073,"BIO1,CP2,BG2-045,02",2025-10-28,30000,18.00,26512.000000000,18.64,36800,18.15,17100,17100.000,,0.810000000000000,,,,,,317,2,BG2-045,8.62,1,cosecha,PROGRAMADA
1074,"BIO1,CP1,BG1-015,18",2025-10-28,60000,19.00,47966.000000000,17.00,49250,18.00,26325,26325.000,,1.480000000000000,,,,,,46,1,BG1-015,6.75,1,cosecha,PROGRAMADA
1075,"BIO2,CP2,BA1-009,17",2025-10-27,20000,16.00,17076.000000000,14.00,20550,15.00,13525,13525.000,,0.970000000000000,,,,,,24,4,BA1-009,3.08,2,cosecha,PROGRAMADA
1078,"BIO3,CP2,PL1-024,18",2025-10-28,20000,17.00,20939.000000000,16.27,16300,17.00,9300,9300.000,,0.800000000000000,,,,,,273,9,PL1-024,6.50,3,cosecha,PROGRAMADA
1079,"BIO1,CP2,BG2-046,02",2025-10-29,40000,18.00,32486.000000000,19.65,37750,17.21,18825,18825.000,,0.710000000000000,,,,,,318,2,BG2-046,12.60,1,cosecha,PROGRAMADA
1080,"BIO2,CP1,BSF-030,17",2025-10-28,28000,16.00,26066.000000000,15.50,26090,15.50,14275,14275.000,,0.680000000000000,,,,,,225,3,BSF-030,5.88,2,cosecha,PROGRAMADA
1081,"BIO3,CP2,PL1-022,18",2025-10-28,18000,17.00,15444.000000000,15.60,13350,16.00,7275,7275.000,,0.800000000000000,,,,,,271,9,PL1-022,5.00,3,cosecha,PROGRAMADA
1082,"BIO2,CP3,BSS-027,17",2025-10-29,25000,19.00,25822.000000000,18.50,28150,18.50,14350,14350.000,,0.000000000000000,,,,,,198,5,BSS-027,6.22,2,cosecha,PROGRAMADA
1083,"BIO2,CP2,BA1-010,17",2025-10-28,20000,19.00,20488.000000000,18.20,17200,18.00,10975,10975.000,,0.660000000000000,,,,,,27,4,BA1-010,3.01,2,cosecha,PROGRAMADA
1084,"BIO3,CP2,PL1-004,17",2025-10-29,40000,19.00,41719.000000000,18.06,36600,19.00,20050,20050.000,,0.700000000000000,,,,,,247,9,PL1-004,10.50,3,cosecha,PROGRAMADA
1085,"BIO3,CP2,PL1-003,17",2025-10-29,18000,18.00,18447.000000000,19.50,16800,20.00,9475,9475.000,,0.900000000000000,,,,,,245,9,PL1-003,4.30,3,cosecha,PROGRAMADA
1086,"BIO1,CP2,BG2-036,17",2025-10-30,35000,18.00,26842.000000000,17.38,35100,17.17,15425,15425.000,,1.150000000000000,,,,,,131,2,BG2-036,5.20,1,cosecha,PROGRAMADA
1087,"BIO2,CP2,BA1-016,17",2025-10-29,32000,18.00,35000.000000000,16.81,33950,18.50,18550,18550.000,,0.440000000000000,,,,,,56,4,BA1-016,6.76,2,cosecha,PROGRAMADA
1041,"BIO2,CP3,BSS-026,17",2025-10-19,28000,16.00,28611.000000000,16.00,28800,16.00,16100,16100.000,,0.000000000000000,,,,,,195,5,BSS-026,7.13,2,cosecha,PROGRAMADA
1088,"BIO2,CP5,BSP-007,13",2025-10-29,53000,16.00,49368.000000000,16.00,49650,15.10,27497,27497.000,,0.480000000000000,,,,,,182,7,BSP-007,8.25,2,cosecha,PROGRAMADA
1089,"BIO2,CP1,BSF-025,17",2025-10-29,31000,15.00,27620.000000000,15.11,26840,15.50,16000,16000.000,,0.690000000000000,,,,,,220,3,BSF-025,5.77,2,cosecha,PROGRAMADA
1090,"BIO2,CP4,BA2-045,16",2025-11-01,37000,16.00,31680.000000000,16.00,38900,15.00,23325,23325.000,,0.900000000000000,,,,,,99,6,BA2-045,10.00,2,cosecha,PROGRAMADA
1091,"BIO2,CP5,BSP-004,14",2025-11-01,10000,14.00,7359.000000000,14.80,7200,14.00,4775,4775.000,,0.000000000000000,,,,,,173,7,BSP-004,5.65,2,cosecha,PROGRAMADA
1092,"BIO1,CP2,BG2-033,18",2025-11-01,30000,16.37,30252.000000000,16.37,34200,16.04,14600,14600.000,,1.000000000000000,,,,,,122,2,BG2-033,7.00,1,cosecha,PROGRAMADA
1093,"BIO2,CP5,BSP-006,14",2025-10-31,8000,14.00,5900.000000000,14.90,5000,14.00,3650,3650.000,,0.000000000000000,,,,,,179,7,BSP-006,4.50,2,cosecha,PROGRAMADA
1095,"BIO3,CP3,PL2-003,17",2025-10-31,30000,22.00,28754.000000000,22.00,21800,22.00,13225,13225.000,,0.600000000000000,,,,,,123,10,PL2-003,4.57,3,cosecha,PROGRAMADA
1097,"BIO3,CP3,PL2-006,17",2025-10-30,54000,19.00,50745.000000000,22.19,48000,19.00,24425,24425.000,,0.700000000000000,,,,,,133,10,PL2-006,12.14,3,cosecha,PROGRAMADA
1098,"BIO2,CP2,BA1-038,17",2025-10-30,12000,18.00,11703.000000000,18.60,9650,18.00,5850,5850.000,,0.770000000000000,,,,,,97,4,BA1-038,2.60,2,cosecha,PROGRAMADA
1099,"BIO1,CP2,BG2-031,18",2025-10-30,25000,19.00,22387.000000000,20.13,26000,19.40,14675,14675.000,,0.590000000000000,,,,,,117,2,BG2-031,3.37,1,cosecha,PROGRAMADA
1100,"BIO2,CP2,BA1-036,18",2025-11-02,14000,18.00,11422.000000000,18.09,12450,18.00,7375,7375.000,,0.700000000000000,,,,,,91,4,BA1-036,2.87,2,cosecha,PROGRAMADA
1101,"BIO1,CP2,BG2-021,18",2025-11-03,50000,18.00,42336.000000000,17.06,50200,17.77,25000,25000.000,,1.330000000000000,,,,,,86,2,BG2-021,7.52,1,cosecha,PROGRAMADA
1102,"BIO2,CP1,BSF-003,18",2025-11-02,41000,22.00,34160.000000000,20.60,32400,21.50,15175,15175.000,,0.500000000000000,,,,,,158,3,BSF-003,6.03,2,cosecha,PROGRAMADA
1103,"BIO2,CP1,BSF-007,16",2025-11-05,36000,19.00,33601.000000000,18.56,34000,19.50,16725,16725.000,,0.000000000000000,,,,,,171,3,BSF-007,6.33,2,cosecha,PROGRAMADA
1104,"BIO1,CP2,BG2-029,17",2025-11-06,44000,19.00,45601.000000000,18.53,46400,19.67,20900,20900.000,,0.880000000000000,,,,,,110,2,BG2-029,7.99,1,cosecha,PROGRAMADA
1105,"BIO2,CP3,BSS-014,17",2025-11-05,22000,20.00,23003.000000000,20.50,19600,20.50,10900,10900.000,,0.590000000000000,,,,,,159,5,BSS-014,5.05,2,cosecha,PROGRAMADA
1106,"BIO2,CP1,BSF-006,17",2025-11-04,48000,22.00,51316.000000000,22.24,44500,22.10,19475,19475.000,,0.570000000000000,,,,,,168,3,BSF-006,8.74,2,cosecha,PROGRAMADA
1107,"BIO2,CP3,BSS-010,17",2025-11-04,15000,24.00,13141.000000000,23.00,11100,24.00,6125,6125.000,,0.750000000000000,,,,,,132,5,BSS-010,2.65,2,cosecha,PROGRAMADA
1108,"BIO2,CP1,BSF-002,19",2025-11-03,36000,20.00,32149.000000000,17.70,28050,18.80,14925,14925.000,,0.780000000000000,,,,,,155,3,BSF-002,6.45,2,cosecha,PROGRAMADA
1109,"BIO3,CP3,PL2-007,18",2025-11-08,20000,18.00,17012.000000000,18.00,12800,17.00,5975,5975.000,,0.700000000000000,,,,,,136,10,PL2-007,5.37,3,cosecha,PROGRAMADA
1110,"BIO2,CP2,BA1-032,17",2025-11-08,23000,20.00,24309.000000000,20.50,23300,21.00,12700,12700.000,,0.370000000000000,,,,,,79,4,BA1-032,5.39,2,cosecha,PROGRAMADA
1111,"BIO1,CP1,BG1-009,19",2025-11-09,26000,21.00,22638.000000000,21.00,29800,21.00,13550,13550.000,,1.020000000000000,,,,,,22,1,BG1-009,4.90,1,cosecha,PROGRAMADA
1112,"BIO3,CP1,PJF-017,16",2025-11-08,33000,19.00,34112.000000000,20.51,27650,19.00,17900,17900.000,,0.790000000000000,,,,,,59,8,PJF-017,7.56,3,cosecha,PROGRAMADA
1113,"BIO3,CP3,PL2-001,17",2025-11-07,12000,18.00,8527.000000000,17.53,10150,19.00,5900,5900.000,,1.500000000000000,,,,,,116,10,PL2-001,2.01,3,cosecha,PROGRAMADA
1114,"BIO2,CP2,BA1-029,17",2025-11-07,28000,20.00,26864.000000000,21.40,27150,19.80,16475,16475.000,,0.470000000000000,,,,,,72,4,BA1-029,6.34,2,cosecha,PROGRAMADA
1115,"BIO1,CP1,BG1-005,18",2025-11-08,38000,20.00,41591.000000000,19.80,42000,21.00,20300,20300.000,,1.270000000000000,,,,,,11,1,BG1-005,8.68,1,cosecha,PROGRAMADA
1116,"BIO2,CP3,BSS-039,17",2025-11-08,30000,24.00,29656.000000000,25.00,27500,25.00,15225,15225.000,,0.450000000000000,,,,,,239,5,BSS-039,6.74,2,cosecha,PROGRAMADA
1117,"BIO2,CP1,BSF-016,17",2025-11-07,28000,23.00,25247.000000000,21.60,26140,21.30,13100,13100.000,,0.590000000000000,,,,,,211,3,BSF-016,5.06,2,cosecha,PROGRAMADA
1118,"BIO2,CP2,BA1-001,18",2025-11-06,33000,19.00,30215.000000000,18.00,29600,18.00,17775,17775.000,,0.520000000000000,,,,,,1,4,BA1-001,7.63,2,cosecha,PROGRAMADA
1119,"BIO2,CP1,BSF-009,16",2025-11-06,35000,23.00,34810.000000000,22.13,34130,21.90,15775,15775.000,,0.560000000000000,,,,,,178,3,BSF-009,7.15,2,cosecha,PROGRAMADA
1120,"BIO2,CP4,BA2-042,16",2025-11-11,43000,20.00,46498.000000000,20.60,40200,20.50,26025,26025.000,,0.790000000000000,,,,,,90,6,BA2-042,11.40,2,cosecha,PROGRAMADA
1121,"BIO2,CP3,BSS-044,18",2025-11-12,12000,19.00,8333.000000000,19.10,9650,19.10,5375,5375.000,,0.680000000000000,,,,,,246,5,BSS-044,1.48,2,cosecha,PROGRAMADA
1122,"BIO2,CP1,BSF-034,17",2025-11-11,20000,19.00,18178.000000000,19.58,13000,18.60,8600,8600.000,,0.710000000000000,,,,,,229,3,BSF-034,4.22,2,cosecha,PROGRAMADA
1123,"BIO2,CP2,BA1-006,18",2025-11-10,22000,18.00,19681.000000000,17.50,19300,18.50,12325,12325.000,,0.470000000000000,,,,,,15,4,BA1-006,4.26,2,cosecha,PROGRAMADA
1124,"BIO2,CP3,BSS-009,17",2025-11-11,15000,15.00,13503.000000000,14.50,14500,14.50,7000,7000.000,,0.480000000000000,,,,,,130,5,BSS-009,4.15,2,cosecha,PROGRAMADA
1125,"BIO3,CP1,PJF-005,16",2025-11-11,39000,16.00,39854.000000000,16.20,35500,16.00,18075,18075.000,,0.940000000000000,,,,,,17,8,PJF-005,10.65,3,cosecha,PROGRAMADA
1126,"BIO3,CP1,PJF-016,16",2025-11-09,26000,19.00,27487.000000000,18.76,21350,19.00,14450,14450.000,,0.950000000000000,,,,,,57,8,PJF-016,7.40,3,cosecha,PROGRAMADA
1127,"BIO2,CP2,BA1-003,18",2025-11-09,25000,20.00,23957.000000000,19.55,22650,20.00,13750,13750.000,,0.720000000000000,,,,,,6,4,BA1-003,5.57,2,cosecha,PROGRAMADA
1077,"BIO2,CP3,BSS-022,18",2025-10-28,12000,22.00,10987.000000000,22.40,11000,22.00,6325,6325.000,,0.000000000000000,,,,,,184,5,BSS-022,2.45,2,cosecha,PROGRAMADA
1094,"BIO2,CP2,BA1-019,17",2025-10-31,17000,16.50,14975.000000000,17.00,17300,17.80,9825,9825.000,,0.320000000000000,,,,,,61,4,BA1-019,3.08,2,cosecha,PROGRAMADA
1130,"BIO2,CP3,BSS-002,17",2025-11-14,25000,27.00,26057.000000000,28.00,22650,27.00,11200,11200.000,,0.000000000000000,,,,,,108,5,BSS-002,5.64,2,cosecha,PROGRAMADA
1132,"BIO1,CP2,BG2-027,18",2025-11-13,28000,15.00,23486.000000000,15.00,31250,13.34,17200,17200.000,,0.930000000000000,,,,,,104,2,BG2-027,6.47,1,cosecha,PROGRAMADA
1133,"BIO2,CP1,BSF-029,17",2025-11-13,32000,18.00,32218.000000000,18.20,32200,18.20,16650,16650.000,,0.600000000000000,,,,,,224,3,BSF-029,6.65,2,cosecha,PROGRAMADA
1134,"BIO2,CP4,BA2-041,16",2025-11-12,30000,25.00,32201.000000000,25.50,22850,24.00,14100,14100.000,,0.980000000000000,,,,,,87,6,BA2-041,8.20,2,cosecha,PROGRAMADA
1135,"BIO2,CP3,BSS-043,18",2025-11-13,12000,22.00,10976.000000000,22.30,10100,22.00,5925,5925.000,,0.530000000000000,,,,,,244,5,BSS-043,1.88,2,cosecha,PROGRAMADA
1136,"BIO2,CP1,BSF-035,17",2025-11-12,28000,18.00,22663.000000000,18.20,24150,17.60,12900,12900.000,,0.710000000000000,,,,,,230,3,BSF-035,5.66,2,cosecha,PROGRAMADA
1144,"BIO3,CP1,PJF-014,17",2025-11-18,33000,22.00,35322.000000000,21.96,35900,22.60,19500,19500.000,,0.780000000000000,,,,,,52,8,PJF-014,7.68,3,cosecha,PROGRAMADA
1145,"BIO2,CP1,BSF-024,17",2025-11-18,42000,21.00,37627.000000000,19.35,42400,21.07,20275,20275.000,,0.650000000000000,,,,,,219,3,BSF-024,7.67,2,cosecha,PROGRAMADA
1149,"BIO3,CP3,PL2-013,18",2025-11-18,23000,28.00,22389.000000000,26.00,14850,29.00,7550,7550.000,,0.600000000000000,,,,,,163,10,PL2-013,6.51,3,cosecha,PROGRAMADA
1147,"BIO1,CP2,BG2-037,19",2025-11-18,32000,18.00,27145.000000000,16.47,32200,18.08,16125,16125.000,,0.940000000000000,,,,,,134,2,BG2-037,5.34,1,cosecha,PROGRAMADA
1148,"BIO2,CP2,BA1-027,18",2025-11-18,15000,19.00,13048.000000000,20.05,10050,19.00,6625,6625.000,,0.410000000000000,,,,,,69,4,BA1-027,4.92,2,cosecha,PROGRAMADA
1141,"BIO2,CP3,BSS-003,17",2025-11-18,20000,29.00,17965.000000000,27.50,15500,28.50,9225,9225.000,,0.340000000000000,,,,,,111,5,BSS-003,2.94,2,cosecha,PROGRAMADA
1143,"BIO3,CP3,PL2-010,18",2025-11-17,23000,21.00,20039.000000000,19.50,22100,21.00,13210,13200.000,,0.700000000000000,,,,,,145,10,PL2-010,5.19,3,cosecha,PROGRAMADA
1151,"BIO2,CP2,BA1-017,18",2025-11-19,15000,20.00,12169.000000000,20.00,13400,20.00,9000,9000.000,,0.430000000000000,,,,,,58,4,BA1-017,4.60,2,cosecha,PROGRAMADA
1150,"BIO1,CP2,BG2-038,18",2025-11-20,35000,18.00,28575.000000000,17.37,34900,18.54,17375,17375.000,,0.870000000000000,,,,,,137,2,BG2-038,5.74,1,cosecha,PROGRAMADA
1154,"BIO2,CP3,BSS-033,17",2025-11-20,26000,22.00,22440.000000000,19.90,23800,22.00,13725,13725.000,,0.650000000000000,,,,,,233,5,BSS-033,4.65,2,cosecha,PROGRAMADA
1146,"BIO2,CP3,BSS-007,17",2025-11-19,25000,25.00,17060.000000000,22.00,11200,26.00,8225,8225.000,,,,,,,,124,5,BSS-007,3.35,2,cosecha,PROGRAMADA
1168,"BIO3,CP2,PL1-025,18",2025-11-20,18000,20.00,17513.000000000,19.86,17350,21.00,9075,9075.000,,0.800000000000000,,,,,,274,9,PL1-025,4.00,3,cosecha,PROGRAMADA
1169,"BIO3,CP2,PL1-026,18",2025-11-20,15000,20.00,14220.000000000,21.50,13200,21.00,7225,7225.000,,1.000000000000000,,,,,,275,9,PL1-026,3.00,3,cosecha,PROGRAMADA
1167,"BIO2,CP2,BA1-018,18",2025-11-20,26000,19.00,23536.000000000,17.00,23400,18.50,15425,15425.000,,0.480000000000000,,,,,,60,4,BA1-018,6.28,2,cosecha,PROGRAMADA
1152,"BIO3,CP1,PJF-007,17",2025-11-19,26000,23.00,25165.000000000,21.46,22450,22.60,13050,13050.000,,1.020000000000000,,,,,,23,8,PJF-007,5.91,3,cosecha,PROGRAMADA
1140,"BIO3,CP1,PJF-013,17",2025-11-17,28000,22.00,28543.000000000,21.99,31800,22.00,17825,17825.000,,1.020000000000000,,,,,,48,8,PJF-013,5.90,3,cosecha,PROGRAMADA
1142,"BIO2,CP2,BA1-037,18",2025-11-17,10000,18.00,8214.000000000,17.43,6650,18.00,4400,4400.000,,0.840000000000000,,,,,,94,4,BA1-037,2.38,2,cosecha,PROGRAMADA
1137,"BIO2,CP3,BSS-006,17",2025-11-15,20000,23.50,19085.000000000,23.80,19750,23.80,10250,10250.000,,0.620000000000000,,,,,,121,5,BSS-006,4.86,2,cosecha,PROGRAMADA
1131,"BIO3,CP2,PL1-031,18",2025-11-13,14000,20.00,12735.000000000,20.10,11600,20.00,6480,6480.000,,0.900000000000000,,,,,,280,9,PL1-031,3.20,3,cosecha,PROGRAMADA
1128,"BIO3,CP2,PL1-035,18",2025-11-13,9000,18.00,8618.000000000,19.43,9000,18.00,5275,5275.000,,0.700000000000000,,,,,,284,9,PL1-035,2.88,3,cosecha,PROGRAMADA
1157,"BIO3,CP2,PL1-011,17",2025-11-19,15000,21.00,17593.000000000,20.00,18850,21.00,10550,10550.000,,0.800000000000000,,,,,,260,9,PL1-011,5.70,3,cosecha,PROGRAMADA
1170,"BIO2,CP3,BSS-028,18",2025-11-22,23000,16.00,22258.000000000,16.50,18600,16.50,9350,9350.000,,0.470000000000000,,,,,,201,5,BSS-028,4.22,2,cosecha,PROGRAMADA
1155,"BIO2,CP4,BA2-201,24",2025-11-19,7000,18.00,5397.000000000,15.30,6000,17.00,4815,4800.000,,0.500000000000000,,,,,,71,6,BA2-201,2.00,2,cosecha,PROGRAMADA
1179,"BIO2,CP3,BSS-020,18",2025-11-25,15000,16.00,14486.000000000,16.50,16650,17.00,8300,8300.000,,0.330000000000000,,,,,,177,5,BSS-020,3.04,2,cosecha,PROGRAMADA
1156,"BIO3,CP2,PL1-008,17",2025-11-19,16000,23.00,18624.000000000,22.00,17450,23.00,10000,10000.000,,0.800000000000000,,,,,,251,9,PL1-008,6.40,3,cosecha,PROGRAMADA
1171,"BIO2,CP5,BSP-015,14",2025-11-22,33000,16.50,31647.000000000,16.50,32350,15.50,16175,16175.000,,1.000000000000000,,,,,,305,7,BSP-015,6.00,2,cosecha,PROGRAMADA
1165,"BIO2,CP1,BSF-019,17",2025-11-20,42000,23.00,37195.000000000,22.79,42950,23.91,20200,20200.000,,0.590000000000000,,,,,,214,3,BSF-019,6.73,2,cosecha,PROGRAMADA
1164,"BIO3,CP1,PJF-015,17",2025-11-20,30000,23.00,34385.000000000,22.39,26500,22.00,18500,18500.000,,0.900000000000000,,,,,,55,8,PJF-015,7.74,3,cosecha,PROGRAMADA
1173,"BIO2,CP2,BA1-039,17",2025-11-21,11000,16.00,11783.000000000,17.13,12800,16.00,8200,8200.000,,0.640000000000000,,,,,,100,4,BA1-039,3.12,2,cosecha,PROGRAMADA
1172,"BIO2,CP1,BSF-032,17",2025-11-21,30000,22.00,25598.000000000,21.96,30500,21.57,16075,16075.000,,0.710000000000000,,,,,,227,3,BSF-032,4.23,2,cosecha,PROGRAMADA
1166,"BIO2,CP3,BSS-021,19",2025-11-21,13000,16.00,11048.000000000,15.20,13600,15.20,6950,6950.000,,0.340000000000000,,,,,,181,5,BSS-021,2.90,2,cosecha,PROGRAMADA
1175,"BIO2,CP3,BSS-018,18",2025-11-23,18000,15.00,18019.000000000,15.00,18200,15.00,9050,9050.000,,0.230000000000000,,,,,,172,5,BSS-018,4.43,2,cosecha,PROGRAMADA
1174,"BIO2,CP2,BA1-013,18",2025-11-22,19000,18.00,17559.000000000,16.91,17000,17.00,10300,10300.000,,0.640000000000000,,,,,,47,4,BA1-013,4.71,2,cosecha,PROGRAMADA
1176,"BIO2,CP3,BSS-019,18",2025-11-24,15000,15.00,13795.000000000,15.00,15800,15.00,8025,8025.000,,0.650000000000000,,,,,,174,5,BSS-019,3.09,2,cosecha,PROGRAMADA
1177,"BIO2,CP2,BA1-012,18",2025-11-23,19000,20.00,16899.000000000,18.76,17950,18.80,11775,11775.000,,0.440000000000000,,,,,,44,4,BA1-012,4.54,2,cosecha,PROGRAMADA
1178,"BIO2,CP5,BSP-012,14",2025-11-23,26000,17.00,23231.000000000,17.80,19050,16.50,11075,11075.000,,0.270000000000000,,,,,,202,7,BSP-012,7.40,2,cosecha,PROGRAMADA
1181,"BIO1,CP1,BG1-011,18",2025-11-25,50000,20.00,48318.000000000,18.50,47650,21.00,22225,22225.000,,1.110000000000000,,,,,,34,1,BG1-011,10.77,1,cosecha,PROGRAMADA
1180,"BIO2,CP4,BA2-049,17",2025-11-24,10000,17.00,7549.000000000,16.00,8400,17.00,4975,4975.000,,1.400000000000000,,,,,,112,6,BA2-049,2.14,2,cosecha,PROGRAMADA
1184,"BIO2,CP4,BA2-048,17",2025-11-25,10000,17.00,9445.000000000,17.00,10150,17.00,5250,5250.000,,0.710000000000000,,,,,,109,6,BA2-048,2.80,2,cosecha,PROGRAMADA
1182,"BIO1,CP2,BG2-032,19",2025-11-26,38000,15.00,36987.000000000,15.74,30350,16.70,17225,17225.000,,1.240000000000000,,,,,,119,2,BG2-032,9.69,1,cosecha,PROGRAMADA
1183,"BIO2,CP5,BSP-008,06",2025-11-25,28000,18.00,26488.000000000,18.00,26700,17.50,15350,15350.000,,0.900000000000000,,,,,,186,7,BSP-008,4.45,2,cosecha,PROGRAMADA
1153,"BIO2,CP1,BSF-021,17",2025-11-19,25000,22.00,21230.000000000,18.00,21601,21.51,12750,12750.000,,0.750000000000000,,,,,,216,3,BSF-021,5.35,2,cosecha,PROGRAMADA
1187,"BIO1,CP1,BG1-010,17",2025-11-26,35000,20.00,34969.000000000,22.00,36700,23.00,17775,17850.000,,0.970000000000000,,,,,,25,1,BG1-010,7.21,1,cosecha,PROGRAMADA
1186,"BIO2,CP2,BA1-023,18",2025-11-26,16000,16.00,12879.000000000,15.08,12000,16.00,7625,7625.000,,0.340000000000000,,,,,,65,4,BA1-023,2.98,2,cosecha,PROGRAMADA
1190,"BIO2,CP5,BSP-009,06",2025-11-26,30000,19.00,29845.000000000,19.00,28200,18.20,16375,16375.000,,0.630000000000000,,,,,,189,7,BSP-009,4.75,2,cosecha,PROGRAMADA
1189,"BIO3,CP2,PL1-047,06",2025-11-27,23000,24.00,30149.000000000,24.73,8950,23.00,6575,6575.000,,1.000000000000000,,,,,,300,9,PL1-047,7.90,3,cosecha,PROGRAMADA
1188,"BIO3,CP2,PL1-014,18",2025-11-27,25000,19.00,25484.000000000,19.00,18450,19.00,10050,10050.000,,0.800000000000000,,,,,,263,9,PL1-014,6.76,3,cosecha,PROGRAMADA
1214,"BIO2,CP3,BSS-017,17",2025-12-02,30000,16.00,29319.000000000,15.50,33000,16.00,16050,16050.000,,0.380000000000000,,,,,,169,5,BSS-017,7.80,2,cosecha,PROGRAMADA
1209,"BIO3,CP2,PL1-036,19",2025-11-30,15000,20.00,14018.000000000,18.98,17150,20.00,7900,7900.000,,0.700000000000000,,,,,,285,9,PL1-036,6.70,3,cosecha,PROGRAMADA
1191,"BIO1,CP1,BG1-012,19",2025-11-28,44000,18.00,44833.000000000,16.40,44450,16.00,23025,23025.000,,0.900000000000000,,,,,,37,1,BG1-012,7.75,1,cosecha,PROGRAMADA
1192,"BIO2,CP2,BA1-022,18",2025-11-27,23000,16.00,20170.000000000,15.07,23000,15.50,12275,12275.000,,0.430000000000000,,,,,,64,4,BA1-022,4.67,2,cosecha,PROGRAMADA
1193,"BIO3,CP2,PL1-013,16",2025-11-28,22000,20.00,29167.000000000,20.00,15300,20.00,9050,9050.000,,0.820000000000000,,,,,,262,9,PL1-013,7.35,3,cosecha,PROGRAMADA
1194,"BIO3,CP2,PL1-044,06",2025-11-28,10000,20.00,18519.000000000,20.00,9650,20.00,7400,7400.000,,0.440000000000000,,,,,,297,9,PL1-044,7.00,3,cosecha,PROGRAMADA
1198,"BIO2,CP3,BSS-038,17",2025-11-28,22000,19.00,21614.000000000,19.00,20950,19.00,11225,11225.000,,0.470000000000000,,,,,,238,5,BSS-038,4.30,2,cosecha,PROGRAMADA
1205,"BIO1,CP2,BG2-022,18",2025-11-30,42000,24.00,46227.000000000,23.56,43000,22.41,20825,20825.000,,0.790000000000000,,,,,,89,2,BG2-022,8.90,1,cosecha,PROGRAMADA
1208,"BIO3,CP2,PL1-034,18",2025-11-30,17000,18.00,16865.000000000,17.00,17350,17.00,8825,8825.000,,0.800000000000000,,,,,,283,9,PL1-034,9.00,3,cosecha,PROGRAMADA
1207,"BIO2,CP2,BA1-014,18",2025-11-29,22000,16.00,21808.000000000,15.16,21350,15.50,13525,13525.000,,0.410000000000000,,,,,,50,4,BA1-014,7.25,2,cosecha,PROGRAMADA
1206,"BIO2,CP2,BA1-040,19",2025-11-29,11000,18.00,10893.000000000,18.30,11550,18.00,7175,7175.000,,1.110000000000000,,,,,,103,4,BA1-040,1.80,2,cosecha,PROGRAMADA
1199,"BIO1,CP1,BG1-014,18",2025-11-29,24000,18.00,23263.000000000,17.20,26600,16.00,12775,12775.000,,0.980000000000000,,,,,,43,1,BG1-014,4.09,1,cosecha,PROGRAMADA
1203,"BIO3,CP2,PL1-015,16",2025-11-29,18000,18.00,18514.000000000,17.80,18300,18.00,10050,10050.000,,0.800000000000000,,,,,,264,9,PL1-015,6.74,3,cosecha,PROGRAMADA
1201,"BIO2,CP2,BA1-021,18",2025-11-28,19000,16.00,15452.000000000,16.50,17750,16.00,9925,9925.000,,0.560000000000000,,,,,,63,4,BA1-021,3.54,2,cosecha,PROGRAMADA
1200,"BIO1,CP2,BG2-024,17",2025-11-29,40000,22.00,38085.000000000,21.84,39950,20.88,20700,20700.000,,0.760000000000000,,,,,,95,2,BG2-024,7.91,1,cosecha,PROGRAMADA
1096,"BIO2,CP3,BSS-012,17",2025-11-01,18000,18.00,17494.000000000,20.00,18050,20.00,9225,9225.000,,0.540000000000000,,,,,,154,5,BSS-012,5.60,2,cosecha,PROGRAMADA
1210,"BIO2,CP2,BA1-015,18",2025-11-30,12000,18.00,11815.000000000,16.50,11800,16.00,6925,6925.000,,0.490000000000000,,,,,,53,4,BA1-015,4.06,2,cosecha,PROGRAMADA
1204,"BIO2,CP3,BSS-015,17",2025-11-30,23000,21.00,22698.000000000,20.60,22150,20.60,11825,11825.000,,0.510000000000000,,,,,,162,5,BSS-015,5.88,2,cosecha,PROGRAMADA
1212,"BIO3,CP3,PL2-008,18",2025-12-01,50000,22.00,53781.000000000,20.50,46600,22.00,21175,21175.000,,0.700000000000000,,,,,,139,10,PL2-008,17.00,3,cosecha,PROGRAMADA
1211,"BIO3,CP1,PJF-012,21",2025-12-01,34000,21.00,31225.000000000,19.75,28000,19.00,14475,14475.000,,,,,,,,45,8,PJF-012,6.83,3,cosecha,PROGRAMADA
1220,"BIO3,CP2,PL1-006,18",2025-12-03,22000,18.00,17826.000000000,15.49,19600,16.00,9325,9325.000,,0.700000000000000,,,,,,249,9,PL1-006,5.80,3,cosecha,PROGRAMADA
1216,"BIO3,CP3,PL2-011,18",2025-12-01,25000,20.00,26635.000000000,18.76,23650,18.00,12000,12000.000,,0.600000000000000,,,,,,156,10,PL2-011,6.44,3,cosecha,PROGRAMADA
1213,"BIO3,CP1,PJF-011,18",2025-12-01,33000,22.00,30604.000000000,20.75,33600,22.00,15950,15950.000,,0.600000000000000,,,,,,42,8,PJF-011,6.69,3,cosecha,PROGRAMADA
1215,"BIO2,CP4,BA2-043,16",2025-12-01,30000,17.00,29503.000000000,15.80,25650,16.00,14775,14775.000,,0.940000000000000,,,,,,93,6,BA2-043,8.47,2,cosecha,PROGRAMADA
1217,"BIO3,CP1,PJF-006,24",2025-12-03,26000,22.00,25763.000000000,20.10,20800,22.00,11900,11900.000,,0.650000000000000,,,,,,20,8,PJF-006,6.12,3,cosecha,PROGRAMADA
1221,"BIO1,CP1,BG1-016,18",2025-12-02,55000,21.00,57190.000000000,21.00,58800,20.00,28850,28850.000,,0.890000000000000,,,,,,49,1,BG1-016,11.23,1,cosecha,PROGRAMADA
1222,"BIO1,CP2,BG2-050,02",2025-12-03,30000,20.00,32871.000000000,19.88,30000,17.98,16250,16250.000,,0.670000000000000,,,,,,322,2,BG2-050,7.50,1,cosecha,PROGRAMADA
1227,"BIO1,CP2,BG2-047,02",2025-12-04,35000,22.00,31186.000000000,21.83,25000,22.35,16075,16075.000,,0.560000000000000,,,,,,319,2,BG2-047,10.80,1,cosecha,PROGRAMADA
1219,"BIO2,CP4,BA2-044,16",2025-12-02,37000,18.00,45713.000000000,18.35,36050,17.50,19375,19375.000,,0.800000000000000,,,,,,96,6,BA2-044,11.30,2,cosecha,PROGRAMADA
1223,"BIO2,CP4,BA2-205,27",2025-12-02,3000,15.00,2079.000000000,15.77,3100,15.00,1975,1975.000,,2.170000000000000,,,,,,83,6,BA2-205,0.46,2,cosecha,PROGRAMADA
1229,"BIO3,CP2,PL1-002,18",2025-12-05,26000,18.00,20238.000000000,17.00,22500,18.00,10975,10975.000,,0.700000000000000,,,,,,243,9,PL1-002,4.50,3,cosecha,PROGRAMADA
1226,"BIO1,CP1,BG1-017,18",2025-12-04,38000,23.00,42694.000000000,23.00,37700,23.00,19375,19375.000,,0.830000000000000,,,,,,51,1,BG1-017,8.42,1,cosecha,PROGRAMADA
1224,"BIO3,CP2,PL1-045,09",2025-12-04,27000,16.00,21985.000000000,14.84,20400,16.00,11375,11375.000,,0.900000000000000,,,,,,298,9,PL1-045,4.80,3,cosecha,PROGRAMADA
1218,"BIO2,CP3,BSS-016,17",2025-12-04,34000,17.00,31575.000000000,17.20,31400,17.20,17525,17525.000,,,,,,,,166,5,BSS-016,7.57,2,cosecha,PROGRAMADA
1225,"BIO3,CP1,PJF-003,18",2025-12-04,36000,21.00,36652.000000000,20.92,33750,21.70,17500,17500.000,,0.790000000000000,,,,,,10,8,PJF-003,8.83,3,cosecha,PROGRAMADA
1231,"BIO3,CP2,PL1-046,06",2025-12-07,35000,18.00,30610.000000000,16.50,25300,18.00,13500,13500.000,,0.700000000000000,,,,,,299,9,PL1-046,7.65,3,cosecha,PROGRAMADA
1230,"BIO3,CP2,PL1-001,18",2025-12-06,35000,18.00,34722.000000000,17.50,37250,18.00,18075,18075.000,,0.700000000000000,,,,,,207,9,PL1-001,9.00,3,cosecha,PROGRAMADA
1235,"BIO3,CP2,PL1-030,19",2025-12-08,14000,16.00,11795.000000000,15.20,14000,16.00,7500,7500.000,,0.700000000000000,,,,,,279,9,PL1-030,4.40,3,cosecha,PROGRAMADA
1236,"BIO3,CP2,PL1-033,18",2025-12-08,30000,16.00,26918.000000000,15.00,24700,17.00,13725,13725.000,,0.800000000000000,,,,,,282,9,PL1-033,7.40,3,cosecha,PROGRAMADA
1234,"BIO2,CP2,BA1-002,18",2025-12-08,38000,18.00,32956.000000000,17.67,32350,18.00,16675,16675.000,,0.280000000000000,,,,,,4,4,BA1-002,7.05,2,cosecha,PROGRAMADA
1233,"BIO2,CP5,BSP-002,15",2025-12-07,18000,19.00,18212.000000000,18.70,18250,19.00,9775,9775.000,,0.650000000000000,,,,,,167,7,BSP-002,4.65,2,cosecha,PROGRAMADA
1232,"BIO2,CP1,BSF-018,17",2025-12-07,38000,20.00,35361.000000000,19.96,36300,21.54,17800,17800.000,,,,,,,,213,3,BSF-018,5.74,2,cosecha,PROGRAMADA
1237,"BIO2,CP1,BSF-004,18",2025-12-08,38000,21.00,39625.000000000,20.89,37500,22.08,19350,19350.000,,0.700000000000000,,,,,,161,3,BSF-004,7.17,2,cosecha,PROGRAMADA
1240,"BIO3,CP3,PL2-002,18",2025-12-09,28000,17.00,26528.000000000,15.00,24000,17.00,13300,13300.000,,0.500000000000000,,,,,,120,10,PL2-002,5.73,3,cosecha,PROGRAMADA
1238,"BIO2,CP5,BSP-001,15",2025-12-08,18000,19.00,15336.000000000,18.60,16800,19.10,8950,8950.000,,1.760000000000000,,,,,,164,7,BSP-001,3.40,2,cosecha,PROGRAMADA
1245,"BIO2,CP2,BA1-007,19",2025-12-09,15000,19.00,15500.000000000,19.40,15500,19.40,8050,8050.000,,0.660000000000000,,,,,,18,4,BA1-007,3.02,2,cosecha,PROGRAMADA
1254,"BIO2,CP1,BSF-033,17",2025-12-12,45000,25.00,41445.000000000,24.29,42400,25.30,21675,21675.000,,0.590000000000000,,,,,,228,3,BSF-033,6.73,2,cosecha,PROGRAMADA
1255,"BIO2,CP4,BA2-047,16",2025-12-12,30000,13.00,27718.000000000,12.90,25000,12.90,13625,13625.000,,0.810000000000000,,,,,,106,6,BA2-047,7.44,2,cosecha,PROGRAMADA
1243,"BIO3,CP3,PL2-005,18",2025-12-10,26000,18.00,27561.000000000,18.54,23700,17.00,12225,12225.000,,0.700000000000000,,,,,,129,10,PL2-005,6.13,3,cosecha,PROGRAMADA
1241,"BIO2,CP1,BSF-001,17",2025-12-09,40000,24.00,43598.000000000,24.03,37600,23.00,19900,19900.000,,0.770000000000000,,,,,,153,3,BSF-001,6.48,2,cosecha,PROGRAMADA
1251,"BIO2,CP4,BA2-206,26",2025-12-11,5500,14.00,4479.000000000,13.60,6100,13.60,3800,3800.000,,0.930000000000000,,,,,,85,6,BA2-206,1.80,2,cosecha,PROGRAMADA
1244,"BIO2,CP3,BSS-031,19",2025-12-10,45000,19.00,44350.000000000,21.00,44350,21.00,22475,22475.000,,0.340000000000000,,,,,,231,5,BSS-031,8.82,2,cosecha,PROGRAMADA
1242,"BIO2,CP5,BSP-003,14",2025-12-10,25000,20.00,22584.000000000,19.70,23000,20.00,11050,11050.000,,0.770000000000000,,,,,,170,7,BSP-003,6.50,2,cosecha,PROGRAMADA
1269,"BIO3,CP3,PL2-003,18",2025-12-18,8000,15.00,6428.000000000,15.95,7300,15.00,4875,4875.000,,0.500000000000000,,,,,,123,10,PL2-003,4.57,3,cosecha,PROGRAMADA
1268,"BIO3,CP2,PL1-028,18",2025-12-17,24000,21.00,23462.000000000,21.50,20500,21.00,10450,10450.000,,0.900000000000000,,,,,,277,9,PL1-028,5.50,3,cosecha,PROGRAMADA
1248,"BIO2,CP1,BSF-008,17",2025-12-10,44000,22.50,44189.000000000,22.53,38000,22.50,19975,19975.000,,0.610000000000000,,,,,,175,3,BSF-008,6.59,2,cosecha,PROGRAMADA
1249,"BIO3,CP3,PL2-004,18",2025-12-11,31000,18.00,29545.000000000,17.45,24800,17.00,12800,12800.000,,0.600000000000000,,,,,,126,10,PL2-004,6.40,3,cosecha,PROGRAMADA
1246,"BIO2,CP4,BA2-045,17",2025-12-11,17000,17.00,15746.000000000,17.42,18800,18.00,8475,8475.000,,,,,,,,99,6,BA2-045,10.00,2,cosecha,PROGRAMADA
1282,"BIO2,CP1,BSF-012,18",2025-12-19,36000,20.00,33867.000000000,20.20,35280,20.40,17825,17825.000,,0.680000000000000,,,,,,203,3,BSF-012,5.85,2,cosecha,PROGRAMADA
1277,"BIO2,CP1,BSF-015,18",2025-12-18,45000,22.00,40596.000000000,20.91,36100,20.50,19225,19225.000,,0.580000000000000,,,,,,210,3,BSF-015,6.88,2,cosecha,PROGRAMADA
1252,"BIO2,CP1,BSF-010,17",2025-12-11,46000,21.00,44232.000000000,20.80,47700,21.60,23950,23950.000,,0.580000000000000,,,,,,180,3,BSF-010,6.89,2,cosecha,PROGRAMADA
1250,"BIO2,CP4,BA2-050,17",2025-12-12,27000,15.00,27218.000000000,15.20,27000,15.20,15475,15475.000,,0.940000000000000,,,,,,115,6,BA2-050,8.55,2,cosecha,PROGRAMADA
1253,"BIO1,CP2,BG2-049,02",2025-12-11,35000,24.00,31707.000000000,23.97,36200,24.60,20775,20775.000,,0.800000000000000,,,,,,321,2,BG2-049,10.00,1,cosecha,PROGRAMADA
1266,"BIO1,CP1,BG1-006,20",2025-12-15,27000,14.00,23613.000000000,13.10,23200,15.00,12650,12650.000,,1.170000000000000,,,,,,13,1,BG1-006,5.11,1,cosecha,PROGRAMADA
1247,"BIO2,CP5,BSP-010,06",2025-12-10,27000,15.00,27216.000000000,17.40,28000,17.00,13419,13419.000,,,,,,,,193,7,BSP-010,6.45,2,cosecha,PROGRAMADA
1265,"BIO2,CP3,BSS-011,17",2025-12-16,22000,20.00,26032.000000000,20.00,23000,22.40,13500,13500.000,,0.610000000000000,,,,,,150,5,BSS-011,4.92,2,cosecha,PROGRAMADA
1263,"BIO3,CP1,PJF-009,18",2025-12-16,28000,21.00,29061.000000000,20.82,30600,21.00,18100,18100.000,,,,,,,,29,8,PJF-009,6.03,3,cosecha,PROGRAMADA
1258,"BIO2,CP3,BSS-013,18",2025-12-13,23000,13.00,20167.000000000,18.00,16500,19.73,10725,10725.000,,0.650000000000000,,,,,,157,5,BSS-013,4.62,2,cosecha,PROGRAMADA
1259,"BIO2,CP4,BA2-046,16",2025-12-14,24000,12.00,22627.000000000,11.50,28000,11.50,14150,14150.000,,0.570000000000000,,,,,,102,6,BA2-046,10.50,2,cosecha,PROGRAMADA
1271,"BIO2,CP1,BSF-028,18",2025-12-17,36000,19.00,32695.000000000,18.48,32565,19.00,16800,16800.000,,0.620000000000000,,,,,,223,3,BSF-028,6.42,2,cosecha,PROGRAMADA
1257,"BIO2,CP1,BSF-017,17",2025-12-13,45000,23.00,41267.000000000,22.70,44250,23.00,23650,23650.000,,0.680000000000000,,,,,,212,3,BSF-017,5.89,2,cosecha,PROGRAMADA
1281,"BIO3,CP2,PL1-041,07",2025-12-19,25000,15.00,27019.000000000,14.59,28500,15.00,15375,15375.000,,0.900000000000000,,,,,,294,9,PL1-041,6.00,3,cosecha,PROGRAMADA
1256,"BIO3,CP1,PJF-002,18",2025-12-14,38000,22.00,41617.000000000,23.10,35900,22.00,19775,19775.000,,1.100000000000000,,,,,,7,8,PJF-002,9.08,3,cosecha,PROGRAMADA
1267,"BIO1,CP2,BG2-034,20",2025-12-16,45000,19.00,42321.000000000,18.58,45400,18.39,20450,20450.000,,0.930000000000000,,,,,,125,2,BG2-034,8.61,1,cosecha,PROGRAMADA
1261,"BIO2,CP1,BSF-011,18",2025-12-14,46000,23.00,42260.000000000,23.75,41300,24.07,22800,22800.000,,0.580000000000000,,,,,,200,3,BSF-011,6.84,2,cosecha,PROGRAMADA
1262,"BIO1,CP2,BG2-028,18",2025-12-15,48000,17.00,42414.000000000,16.76,38800,15.45,20975,20975.000,,0.910000000000000,,,,,,107,2,BG2-028,8.83,1,cosecha,PROGRAMADA
1260,"BIO3,CP1,PJF-008,17",2025-12-15,39000,21.00,44429.000000000,21.96,33550,22.00,19725,19725.000,,,,,,,,26,8,PJF-008,9.66,3,cosecha,PROGRAMADA
1291,"BIO2,CP5,BSP-005,32",2025-12-20,18000,23.00,18028.000000000,23.10,16750,23.00,11075,11075.000,,1.360000000000000,,,,,,176,7,BSP-005,2.95,2,cosecha,PROGRAMADA
1272,"BIO1,CP1,BG1-002,20",2025-12-17,10000,17.00,9952.000000000,16.22,10550,17.30,6475,6475.000,,1.190000000000000,,,,,,2,1,BG1-002,2.53,1,cosecha,PROGRAMADA
1273,"BIO1,CP1,BG1-101,41",2025-12-17,4000,18.00,2427.000000000,16.68,4800,17.00,3245,3245.000,,1.630000000000000,,,,,,28,1,BG1-101,1.32,1,cosecha,PROGRAMADA
1275,"BIO3,CP2,PL1-027,18",2025-12-18,35000,21.00,37346.000000000,22.00,27750,21.00,14150,14150.000,,0.900000000000000,,,,,,276,9,PL1-027,7.00,3,cosecha,PROGRAMADA
1274,"BIO2,CP2,BA1-020,18",2025-12-18,22000,18.00,17955.000000000,17.90,17100,17.90,9800,9800.000,,0.440000000000000,,,,,,62,4,BA1-020,4.55,2,cosecha,PROGRAMADA
1285,"BIO3,CP2,PL1-009,18",2025-12-20,30000,17.00,28889.000000000,15.60,29650,16.00,17675,17675.000,,0.900000000000000,,,,,,252,9,PL1-009,7.00,3,cosecha,PROGRAMADA
1279,"BIO2,CP5,BSP-013,15",2025-12-18,18000,19.00,17482.000000000,17.80,15200,19.10,10137,10112.000,,1.010000000000000,,,,,,205,7,BSP-013,4.95,2,cosecha,PROGRAMADA
1280,"BIO3,CP2,PL1-005,18",2025-12-19,15000,15.00,12500.000000000,13.50,14600,15.00,9850,9850.000,,0.800000000000000,,,,,,248,9,PL1-005,6.00,3,cosecha,PROGRAMADA
1286,"BIO3,CP2,PL1-042,07",2025-12-20,25000,15.00,22928.000000000,12.50,21100,15.00,10725,10725.000,,0.800000000000000,,,,,,295,9,PL1-042,6.40,3,cosecha,PROGRAMADA
1270,"BIO3,CP2,PL1-040,07",2025-12-21,15000,15.00,14827.000000000,15.90,20300,16.00,10900,10900.000,,0.900000000000000,,,,,,293,9,PL1-040,4.70,3,cosecha,PROGRAMADA
1276,"BIO2,CP3,BSS-001,18",2025-12-18,21000,26.00,15614.000000000,26.00,14700,28.80,8325,8325.000,,0.000000000000000,,,,,,105,5,BSS-001,6.81,2,cosecha,PROGRAMADA
1290,"BIO1,CP2,BG2-042,18",2025-12-21,25000,28.00,28636.000000000,28.03,19100,28.78,11000,11000.000,,0.760000000000000,,,,,,149,2,BG2-042,6.62,1,cosecha,PROGRAMADA
1287,"BIO3,CP2,PL1-010,19",2025-12-21,44000,17.00,31839.000000000,14.50,39500,17.00,20025,20025.000,,0.800000000000000,,,,,,253,9,PL1-010,8.30,3,cosecha,PROGRAMADA
1284,"BIO2,CP3,BSS-041,18",2025-12-19,12000,29.00,13053.000000000,31.00,7850,21.30,5500,5500.000,,0.000000000000000,,,,,,241,5,BSS-041,3.82,2,cosecha,PROGRAMADA
1289,"BIO2,CP1,BSF-026,18",2025-12-20,30000,20.00,26928.000000000,19.69,27640,19.93,14900,14900.000,,0.630000000000000,,,,,,221,3,BSF-026,6.33,2,cosecha,PROGRAMADA
1283,"BIO2,CP1,BSF-020,17",2025-12-19,36000,24.00,33940.000000000,23.54,28800,21.95,14775,14775.000,,0.610000000000000,,,,,,215,3,BSF-020,6.54,2,cosecha,PROGRAMADA
1293,"BIO2,CP3,BSS-008,18",2025-12-22,15000,19.00,11083.000000000,18.90,16150,21.40,9950,9950.000,,0.560000000000000,,,,,,127,5,BSS-008,5.32,2,cosecha,PROGRAMADA
1294,"BIO1,CP1,BG1-003,18",2025-12-22,31000,17.00,24040.000000000,15.60,31500,17.00,20125,20125.000,,1.000000000000000,,,,,,5,1,BG1-003,6.99,1,cosecha,PROGRAMADA
1292,"BIO2,CP1,BSF-027,17",2025-12-21,33000,20.00,28823.000000000,19.59,30200,20.21,15025,15025.000,,0.590000000000000,,,,,,222,3,BSF-027,6.81,2,cosecha,PROGRAMADA
1288,"BIO2,CP1,BSF-022,18",2025-12-20,33000,19.00,30580.000000000,19.00,34100,19.00,17500,17500.000,,0.510000000000000,,,,,,217,3,BSF-022,7.85,2,cosecha,PROGRAMADA
1298,"BIO1,CP2,BG2-041,18",2025-12-25,25000,29.00,27264.000000000,24.23,23400,28.00,15000,15000.000,,0.780000000000000,,,,,,146,2,BG2-041,6.38,1,cosecha,PROGRAMADA
1297,"BIO2,CP3,BSS-026,18",2025-12-26,20000,23.00,14933.000000000,19.00,16600,24.90,10600,10600.000,,0.420000000000000,,,,,,195,5,BSS-026,7.13,2,cosecha,PROGRAMADA
1299,"BIO2,CP2,BA1-026,18",2025-12-25,21000,15.00,16503.000000000,12.10,20350,15.00,10375,10375.000,,0.410000000000000,,,,,,68,4,BA1-026,4.91,2,cosecha,PROGRAMADA
1314,"BIO2,CP3,BSS-005,17",2025-12-29,22000,27.00,20066.000000000,26.70,25250,25.00,13775,13775.000,,0.620000000000000,,,,,,118,5,BSS-005,4.87,2,cosecha,PROGRAMADA
1300,"BIO2,CP3,BSS-022,19",2025-12-26,9000,25.00,6752.000000000,25.00,10250,26.00,6600,6600.000,,1.220000000000000,,,,,,184,5,BSS-022,2.45,2,cosecha,PROGRAMADA
1305,"BIO3,CP1,PJF-004,17",2025-12-28,38000,20.00,39916.000000000,20.23,35500,20.00,18300,18300.000,,0.780000000000000,,,,,,14,8,PJF-004,8.95,3,cosecha,PROGRAMADA
1301,"BIO2,CP2,BA1-033,18",2025-12-26,21000,16.00,22868.000000000,15.80,24800,15.00,12925,12925.000,,0.400000000000000,,,,,,82,4,BA1-033,5.05,2,cosecha,PROGRAMADA
1296,"BIO2,CP3,BSS-040,19",2025-12-22,20000,29.00,23248.000000000,30.00,23150,31.30,14825,14825.000,,0.280000000000000,,,,,,240,5,BSS-040,7.03,2,cosecha,PROGRAMADA
2143,"BIO2,CP3,BSS-040,22",2026-06-23,35000,20.00,30687.000000000,19.80,30800,19.80,17150,,,0.280000000000000,,,,,,240,5,,7.03,2,cosecha,PROGRAMADA
1303,"BIO3,CP1,PJF-001,17",2025-12-27,30000,22.00,32697.000000000,22.07,31300,20.60,18500,18500.000,,0.830000000000000,,,,,,3,8,PJF-001,8.40,3,cosecha,PROGRAMADA
1304,"BIO1,CP1,BG1-007,19",2025-12-26,37000,19.00,48295.000000000,19.70,29400,20.00,22450,22450.000,,0.900000000000000,,,,,,16,1,BG1-007,11.12,1,cosecha,PROGRAMADA
1308,"BIO1,CP1,BG1-008,19",2025-12-27,38000,18.00,37326.000000000,18.30,34200,19.00,23525,23525.000,,1.040000000000000,,,,,,19,1,BG1-008,7.71,1,cosecha,PROGRAMADA
1302,"BIO2,CP5,BSP-014,14",2025-12-26,36000,19.00,36128.000000000,19.00,30600,18.60,17675,17675.000,,0.580000000000000,,,,,,292,7,BSP-014,6.90,2,cosecha,PROGRAMADA
1310,"BIO2,CP5,BSP-011,06",2025-12-28,42000,17.00,45636.000000000,17.20,50150,17.00,24000,24000.000,,0.480000000000000,,,,,,199,7,BSP-011,8.30,2,cosecha,PROGRAMADA
1313,"BIO3,CP1,PJF-010,17",2025-12-29,29000,20.00,28584.000000000,20.10,31700,20.80,18800,18800.000,,0.740000000000000,,,,,,32,8,PJF-010,6.79,3,cosecha,PROGRAMADA
1306,"BIO2,CP1,BSF-031,18",2025-12-27,44000,23.00,49573.000000000,22.29,51400,22.36,24025,24025.000,,0.640000000000000,,,,,,226,3,BSF-031,7.76,2,cosecha,PROGRAMADA
1307,"BIO2,CP3,BSS-029,18",2025-12-27,18000,25.00,16667.000000000,25.00,19000,24.10,9950,9950.000,,0.600000000000000,,,,,,204,5,BSS-029,5.04,2,cosecha,PROGRAMADA
1295,"BIO3,CP2,PL1-043,07",2025-12-22,27000,15.00,19753.000000000,12.80,23900,15.00,12425,12425.000,,0.800000000000000,,,,,,296,9,PL1-043,7.00,3,cosecha,PROGRAMADA
1309,"BIO2,CP2,BA1-035,18",2025-12-27,22000,15.00,18002.000000000,14.70,18300,15.00,10350,10350.000,,0.200000000000000,,,,,,88,4,BA1-035,5.05,2,cosecha,PROGRAMADA
1311,"BIO1,CP1,BG1-009,20",2025-12-28,12000,22.00,8426.000000000,19.50,11850,21.00,8150,8150.000,,0.820000000000000,,,,,,22,1,BG1-009,4.90,1,cosecha,PROGRAMADA
1312,"BIO1,CP2,BG2-048,02",2025-12-28,12000,20.00,9020.000000000,19.67,10800,19.00,11050,11050.000,,0.380000000000000,,,,,,320,2,BG2-048,10.40,1,cosecha,PROGRAMADA
1315,"BIO2,CP3,BSS-035,18",2025-12-29,25000,23.00,23426.000000000,23.10,23653,22.27,13100,13100.000,,0.430000000000000,,,,,,235,5,BSS-035,4.60,2,cosecha,PROGRAMADA
1316,"BIO1,CP1,BG1-015,19",2025-12-30,51000,20.00,50782.000000000,19.50,56200,20.00,30275,30275.000,,1.480000000000000,,,,,,46,1,BG1-015,6.75,1,cosecha,PROGRAMADA
1713,"BIO2,CP2,BA1-022,20",2026-04-10,17000,28.00,17476.000000000,28.29,13600,28.00,13900,,,0.900000000000000,,,,,,64,4,BA1-022,4.67,2,cosecha,PROGRAMADA
1730,"BIO2,CP1,BSF-012,20",2026-04-12,9000,13.00,31904.000000000,13.02,7000,13.00,16275,,,0.850000000000000,,,,,,203,3,BSF-012,5.85,2,raleo,PROGRAMADA
1712,"BIO2,CP2,BA1-021,20",2026-04-10,18000,28.00,20095.000000000,28.61,12700,28.00,12975,,,0.900000000000000,,,,,,63,4,BA1-021,3.54,2,cosecha,PROGRAMADA
1717,"BIO2,CP3,BSS-018,21",2026-04-10,24000,21.00,26802.000000000,21.11,27550,21.00,16625,,,0.900000000000000,,,,,,172,5,BSS-018,4.43,2,cosecha,PROGRAMADA
1733,"BIO2,CP3,BSS-015,19",2026-04-18,38000,18.00,33662.000000000,16.23,27150,18.50,18050,,,0.850000000000000,,,,,,162,5,BSS-015,5.88,2,cosecha,PROGRAMADA
1715,"BIO1,CP2,BG2-027,20",2026-04-10,36000,23.00,35659.000000000,25.00,42000,25.00,22075,,,0.930000000000000,,,,,,104,2,BG2-027,6.47,1,cosecha,PROGRAMADA
1729,"BIO2,CP3,BSS-016,19",2026-04-13,47000,20.00,43668.000000000,18.69,34800,21.50,22675,,,0.400000000000000,,,,,,166,5,BSS-016,7.57,2,cosecha,PROGRAMADA
1716,"BIO2,CP3,BSS-038,19",2026-04-10,20000,21.00,17509.000000000,18.47,23950,22.00,14425,,,0.700000000000000,,,,,,238,5,BSS-038,4.30,2,cosecha,PROGRAMADA
1732,"BIO3,CP2,PL1-006,20",2026-04-13,23000,16.00,32692.000000000,21.13,27900,21.45,21575,,,0.800000000000000,,,,,,249,9,PL1-006,5.80,3,cosecha,PROGRAMADA
1721,"BIO2,CP2,BA1-013,20",2026-04-11,12000,22.00,16093.000000000,22.14,8800,22.00,14925,,,0.800000000000000,,,,,,47,4,BA1-013,4.71,2,cosecha,PROGRAMADA
1714,"BIO3,CP2,PL1-001,20",2026-04-10,31000,22.00,38095.000000000,24.00,28900,24.41,20000,,,0.800000000000000,,,,,,207,9,PL1-001,9.00,3,cosecha,PROGRAMADA
1722,"BIO2,CP2,BA1-015,20",2026-04-11,23000,22.00,25241.000000000,23.50,17450,22.00,15550,,,0.900000000000000,,,,,,53,4,BA1-015,4.06,2,cosecha,PROGRAMADA
1728,"BIO2,CP2,BA1-014,20",2026-04-12,35000,21.00,40355.000000000,21.04,27900,21.00,26075,,,0.800000000000000,,,,,,50,4,BA1-014,7.25,2,cosecha,PROGRAMADA
1735,"BIO3,CP1,PJF-003,20",2026-04-14,38000,19.00,34339.000000000,18.00,43450,19.50,20550,,,0.790000000000000,,,,,,10,8,PJF-003,8.83,3,cosecha,PROGRAMADA
1724,"BIO2,CP1,BSF-004,20",2026-04-11,9000,13.00,37451.000000000,12.47,9000,13.00,16650,,,0.280000000000000,,,,,,161,3,BSF-004,7.17,2,cosecha,PROGRAMADA
2264,"BIO2,CP5,BSP-014,17",2026-07-19,33000,21.00,35139.000000000,21.00,32750,20.90,19675,,,0.900000000000000,,,,,,292,7,,6.90,2,cosecha,PROGRAMADA
1828,"BIO3,CP2,PL1-033,20",2026-05-02,33500,16.00,34612.000000000,16.32,33050,15.70,29500,,,0.800000000000000,,,,,,282,9,,7.40,3,cosecha,PROGRAMADA
1734,"BIO3,CP2,PL1-034,20",2026-04-14,45000,15.00,51727.000000000,17.38,49200,17.89,34175,,,0.800000000000000,,,,,,283,9,PL1-034,9.00,3,cosecha,PROGRAMADA
2265,"BIO1,CP2,BG2-031,22",2026-07-21,19000,24.00,23180.000000000,24.00,21600,23.00,11925,,,0.900000000000000,,,,,,117,2,,3.37,1,cosecha,PROGRAMADA
2165,"BIO2,CP1,BSF-014,30",2026-06-26,25000,18.00,18985.000000000,18.60,23500,18.00,12465,,,0.450000000000000,,,,,,209,3,,6.71,2,cosecha,PROGRAMADA
1718,"BIO2,CP5,BSP-003,16",2026-04-09,5000,18.00,30437.000000000,17.70,4850,18.10,26475,,,1.230000000000000,,,,,,170,7,BSP-003,6.50,2,raleo,PROGRAMADA
1726,"BIO1,CP2,BG2-047,04",2026-04-12,56000,29.00,69048.000000000,29.00,29850,22.00,29225,,,0.560000000000000,,,,,,319,2,BG2-047,10.80,1,cosecha,PROGRAMADA
1725,"BIO2,CP1,BSF-101,51",2026-04-11,7000,18.00,7108.000000000,18.53,8950,18.32,4725,,,2.300000000000000,,,,,,183,3,BSF-101,0.87,2,cosecha,PROGRAMADA
1727,"BIO2,CP3,BSS-017,19",2026-04-12,43000,24.00,39219.000000000,22.36,40500,24.10,23675,,,0.510000000000000,,,,,,169,5,BSS-017,7.80,2,cosecha,PROGRAMADA
1719,"BIO2,CP5,BSP-010,08",2026-04-10,5000,16.00,25027.000000000,16.00,3950,16.70,24150,,,1.090000000000000,,,,,,193,7,BSP-010,6.45,2,raleo,PROGRAMADA
1720,"BIO1,CP2,BG2-024,19",2026-04-11,53000,22.00,51321.000000000,21.80,56400,22.00,30425,,,1.010000000000000,,,,,,95,2,BG2-024,7.91,1,cosecha,PROGRAMADA
1988,"BIO2,CP2,BA1-003,21",2026-05-26,25000,23.00,26248.000000000,22.50,22000,22.05,21350,,,0.720000000000000,,,,,,6,4,,5.57,2,cosecha,PROGRAMADA
1723,"BIO3,CP2,PL1-036,21",2026-04-11,30000,16.00,36189.000000000,17.50,31600,18.09,24800,,,0.800000000000000,,,,,,285,9,PL1-036,6.70,3,cosecha,PROGRAMADA
2267,"BIO1,CP1,BG1-005,22",2026-07-21,50000,25.00,49753.000000000,26.00,51100,26.00,29100,,,1.000000000000000,,,,,,11,1,,8.68,1,cosecha,PROGRAMADA
2259,"BIO2,CP2,BA1-025,22",2026-07-18,23000,30.00,22709.000000000,29.41,22150,30.00,12625,,,1.100000000000000,,,,,,67,4,,4.67,2,cosecha,PROGRAMADA
2272,"BIO2,CP1,BSF-016,21",2026-07-19,30000,30.00,30733.000000000,29.00,24320,30.00,17069,,,1.000000000000000,,,,,,211,3,,5.06,2,cosecha,PROGRAMADA
2263,"BIO1,CP2,BG2-036,21",2026-07-19,28000,22.00,27743.000000000,22.00,30700,22.50,18225,,,0.600000000000000,,,,,,131,2,,5.20,1,cosecha,PROGRAMADA
1736,"BIO3,CP1,PJF-006,26",2026-04-15,34000,20.00,32835.000000000,20.28,11800,20.00,18375,,,0.980000000000000,,,,,,20,8,PJF-006,6.12,3,raleo,PROGRAMADA
2174,"BIO2,CP1,BSF-001,20",2026-06-29,29000,24.00,26719.000000000,24.29,23103,24.00,16943,,,0.620000000000000,,,,,,153,3,,6.48,2,cosecha,PROGRAMADA
1737,"BIO1,CP2,BG2-032,21",2026-04-15,40000,26.00,50757.000000000,26.40,45400,26.50,24500,,,1.030000000000000,,,,,,119,2,BG2-032,9.69,1,cosecha,PROGRAMADA
1829,"BIO1,CP2,BG2-048,04",2026-05-03,65000,18.00,55210.000000000,17.20,53200,19.00,25625,,,0.960000000000000,,,,,,320,2,,10.40,1,cosecha,PROGRAMADA
1989,"BIO3,CP2,PL1-023,26",2026-05-19,20000,21.00,16182.000000000,21.69,20800,20.51,11275,,,0.710000000000000,,,,,,272,9,,2.82,3,cosecha,PROGRAMADA
2166,"BIO2,CP1,BSF-020,20",2026-06-27,4500,14.00,23429.000000000,16.25,4600,16.81,12436,,,0.610000000000000,,,,,,215,3,,6.54,2,raleo,PROGRAMADA
2167,"BIO2,CP1,BSF-022,21",2026-06-27,6200,15.00,28555.000000000,16.50,6150,16.09,15121,,,0.760000000000000,,,,,,217,3,,7.85,2,raleo,PROGRAMADA
2266,"BIO1,CP1,BG1-015,22",2026-07-21,32000,25.00,29762.000000000,25.00,33000,28.00,21700,,,1.200000000000000,,,,,,46,1,,6.75,1,cosecha,PROGRAMADA
2178,"BIO3,CP2,PL1-024,22",2026-06-30,5000,14.00,5100.000000000,11.48,5550,11.90,2050,,,0.770000000000000,,,,,,273,9,,6.50,3,cosecha,PROGRAMADA
2180,"BIO1,CP2,BG2-048,05",2026-06-30,45000,22.00,45856.000000000,20.00,54700,23.00,24650,,,0.960000000000000,,,,,,320,2,,10.40,1,cosecha,PROGRAMADA
2177,"BIO3,CP2,PL1-022,22",2026-06-30,5000,13.00,3425.000000000,12.43,4100,11.12,1800,,,1.000000000000000,,,,,,271,9,,5.00,3,cosecha,PROGRAMADA
2270,"BIO1,CP2,BG2-038,22",2026-07-20,13000,21.00,15818.000000000,25.00,10200,25.00,5850,,,0.500000000000000,,,,,,137,2,,5.74,1,cosecha,PROGRAMADA
2181,"BIO2,CP6,BCE-005,02",2026-06-29,18000,22.00,14507.000000000,20.41,16850,21.50,10175,,,0.500000000000000,,,,,,330,12,,4.03,2,cosecha,PROGRAMADA
2179,"BIO2,CP1,BSF-028,21",2026-06-29,5000,17.00,26016.000000000,16.71,5320,16.70,14621,,,0.780000000000000,,,,,,223,3,,6.42,2,raleo,PROGRAMADA
2271,"BIO3,CP2,PL1-027,21",2026-07-20,30000,28.00,32963.000000000,28.48,30500,28.00,20275,,,0.600000000000000,,,,,,276,9,,7.00,3,cosecha,PROGRAMADA
2173,"BIO3,CP1,PJF-008,20",2026-06-27,38000,20.00,38334.000000000,20.00,40100,20.00,22100,,,0.830000000000000,,,,,,26,8,,9.66,3,cosecha,PROGRAMADA
2171,"BIO3,CP2,PL1-027,21",2026-06-27,10000,15.00,22235.000000000,18.01,10200,17.00,12725,,,0.710000000000000,,,,,,276,9,,7.00,3,raleo,PROGRAMADA
2168,"BIO2,CP3,BSS-001,21",2026-06-28,4000,19.00,24476.000000000,19.18,4000,18.50,13900,,,0.440000000000000,,,,,,105,5,,6.81,2,raleo,PROGRAMADA
2176,"BIO2,CP2,BA1-019,21",2026-06-29,3000,12.00,11277.000000000,13.84,2850,12.00,5150,,,0.500000000000000,,,,,,61,4,,3.08,2,raleo,PROGRAMADA
2268,"BIO3,CP1,PJF-002,21",2026-07-21,50000,20.00,48043.000000000,20.00,37500,22.00,31825,,,1.100000000000000,,,,,,7,8,,9.08,3,cosecha,PROGRAMADA
2185,"BIO2,CP5,BSP-013,18",2026-06-29,22000,21.00,19591.000000000,21.12,17900,21.40,13531,,,0.810000000000000,,,,,,205,7,,4.95,2,cosecha,PROGRAMADA
2184,"BIO2,CP1,BSF-004,21",2026-07-01,32000,24.00,25281.000000000,23.52,27733,21.50,17483,,,0.560000000000000,,,,,,161,3,,7.17,2,cosecha,PROGRAMADA
2269,"BIO2,CP3,BSS-009,21",2026-07-20,22000,23.00,21250.000000000,23.70,16600,23.80,12425,,,0.700000000000000,,,,,,130,5,,4.15,2,cosecha,PROGRAMADA
2182,"BIO3,CP2,PL1-052,02",2026-07-01,15000,17.00,18106.000000000,14.96,11100,15.00,4100,,,0.330000000000000,,,,,,353,9,,6.10,3,cosecha,PROGRAMADA
2183,"BIO3,CP1,PJF-012,24",2026-06-30,24000,21.00,22887.000000000,20.00,24700,22.00,17325,,,0.730000000000000,,,,,,45,8,,6.83,3,cosecha,PROGRAMADA
1446,"BIO2,CP2,BA1-022,19",2026-01-29,30000,24.00,30305.780815200,24.53,32200,24.00,16475,16475.000,,0.420000000000000,,,,,,64,4,BA1-022,4.67,2,cosecha,PROGRAMADA
1738,"BIO2,CP2,BA1-007,21",2026-04-15,11000,19.00,10333.000000000,19.40,12100,19.00,9525,,,0.800000000000000,,,,,,18,4,BA1-007,3.02,2,cosecha,PROGRAMADA
1830,"BIO2,CP6,BCE-012,02",2026-05-02,20000,16.00,17161.000000000,16.59,20650,16.00,12225,,,1.020000000000000,,,,,,337,12,,3.91,2,cosecha,PROGRAMADA
1990,"BIO2,CP3,BSS-043,21",2026-05-19,9200,17.00,9243.000000000,17.84,9150,17.50,6000,,,1.060000000000000,,,,,,244,5,,1.88,2,cosecha,PROGRAMADA
1991,"BIO2,CP3,BSS-044,21",2026-05-19,8000,17.90,8186.000000000,17.92,6650,17.80,4725,,,0.680000000000000,,,,,,246,5,,1.48,2,cosecha,PROGRAMADA
1749,"BIO2,CP2,BA1-002,20",2026-04-16,42000,19.00,41778.000000000,19.20,35900,19.00,25400,,,0.800000000000000,,,,,,4,4,BA1-002,7.05,2,cosecha,PROGRAMADA
1744,"BIO3,CP1,PJF-011,20",2026-04-16,34000,19.00,33745.000000000,20.80,35250,19.00,20425,,,0.900000000000000,,,,,,42,8,PJF-011,6.69,3,cosecha,PROGRAMADA
1747,"BIO2,CP3,BSS-026,20",2026-04-16,8400,13.00,29643.000000000,13.47,8250,13.85,13700,,,0.590000000000000,,,,,,195,5,BSS-026,7.13,2,raleo,PROGRAMADA
1748,"BIO2,CP3,BSS-013,20",2026-04-16,7000,14.00,23773.000000000,13.73,7000,13.85,12550,,,0.870000000000000,,,,,,157,5,BSS-013,4.62,2,raleo,PROGRAMADA
1742,"BIO1,CP2,BG2-034,22",2026-04-16,40000,20.00,47872.000000000,19.40,33450,19.00,23500,,,0.930000000000000,,,,,,125,2,BG2-034,8.61,1,cosecha,PROGRAMADA
1745,"BIO2,CP1,BSF-018,19",2026-04-15,9000,18.00,32491.000000000,18.34,8900,18.25,15825,,,0.870000000000000,,,,,,213,3,BSF-018,5.74,2,raleo,PROGRAMADA
2187,"BIO3,CP2,PL1-053,02",2026-06-28,9000,17.00,6377.000000000,16.25,8100,17.00,3675,,,0.450000000000000,,,,,,354,9,,4.45,3,cosecha,PROGRAMADA
1746,"BIO2,CP1,BSF-020,19",2026-04-15,7500,17.00,32186.000000000,17.44,7200,17.17,13725,,,0.760000000000000,,,,,,215,3,BSF-020,6.54,2,raleo,PROGRAMADA
1743,"BIO2,CP5,BSP-013,17",2026-04-15,5000,18.00,26736.000000000,17.50,4550,18.00,20575,,,1.410000000000000,,,,,,205,7,BSP-013,4.95,2,raleo,PROGRAMADA
2189,"BIO2,CP1,BSF-027,20",2026-06-28,6000,14.00,22040.000000000,14.68,6060,14.10,12511,,,0.880000000000000,,,,,,222,3,,6.81,2,raleo,PROGRAMADA
1739,"BIO2,CP5,BSP-003,16",2026-04-18,35000,20.00,34392.000000000,20.00,29200,18.32,28925,,,1.230000000000000,,,,,,170,7,BSP-003,6.50,2,cosecha,PROGRAMADA
1740,"BIO2,CP3,BSS-001,20",2026-04-15,7000,16.00,28195.000000000,15.65,7000,17.20,15250,,,0.880000000000000,,,,,,105,5,BSS-001,6.81,2,raleo,PROGRAMADA
2172,"BIO2,CP6,BCE-009,02",2026-06-27,26000,24.00,19671.000000000,23.56,22500,23.50,11815,,,0.380000000000000,,,,,,334,12,,5.26,2,cosecha,PROGRAMADA
1741,"BIO2,CP3,BSS-031,21",2026-04-15,9000,15.00,44684.000000000,15.32,9000,17.40,31975,,,0.790000000000000,,,,,,231,5,BSS-031,8.82,2,raleo,PROGRAMADA
2170,"BIO1,CP2,BG2-026,21",2026-06-27,10000,18.00,31327.000000000,16.55,10850,18.00,17700,,,0.940000000000000,,,,,,101,2,,6.36,1,raleo,PROGRAMADA
2169,"BIO1,CP1,BG1-015,22",2026-06-27,9000,18.00,32552.000000000,17.50,9000,18.00,15000,,,1.480000000000000,,,,,,46,1,,6.75,1,raleo,PROGRAMADA
2175,"BIO2,CP2,BA1-016,21",2026-06-29,4000,14.00,25623.000000000,15.63,5250,14.00,11325,,,0.600000000000000,,,,,,56,4,,6.76,2,raleo,PROGRAMADA
2261,"BIO1,CP1,BG1-003,21",2026-07-19,23000,24.00,34812.000000000,25.10,27650,26.00,21450,,,0.400000000000000,,,,,,5,1,,6.99,1,cosecha,PROGRAMADA
1462,"BIO1,CP2,BG2-032,20",2026-02-04,38000,16.00,36658.176984000,15.60,38850,15.50,22600,22600.000,,1.140000000000000,,,,,,119,2,BG2-032,9.69,1,cosecha,PROGRAMADA
1464,"BIO1,CP2,BG2-050,03",2026-02-05,38000,27.00,41369.319000000,27.80,32400,29.00,17800,17800.000,,0.670000000000000,,,,,,322,2,BG2-050,7.50,1,cosecha,PROGRAMADA
1461,"BIO2,CP3,BSS-038,18",2026-02-03,24000,25.00,21756.095100000,25.50,22650,25.00,14825,14825.000,,0.470000000000000,,,,,,238,5,BSS-038,4.30,2,cosecha,PROGRAMADA
1460,"BIO3,CP2,PL1-036,20",2026-02-05,34000,20.00,32008.366940000,19.70,33500,20.00,17450,17050.000,,0.700000000000000,,,,,,285,9,PL1-036,6.70,3,cosecha,PROGRAMADA
1465,"BIO3,CP2,PL1-045,10",2026-02-04,23000,24.00,23333.486400000,24.50,21000,24.00,12150,12150.000,,0.900000000000000,,,,,,298,9,PL1-045,4.80,3,cosecha,PROGRAMADA
2186,"BIO3,CP1,PJF-011,21",2026-06-28,30000,22.00,29984.000000000,21.40,26000,22.00,17500,,,1.050000000000000,,,,,,42,8,,6.69,3,cosecha,PROGRAMADA
1752,"BIO1,CP1,BG1-006,22",2026-04-16,38000,20.00,39069.000000000,20.40,37400,21.60,18425,,,1.370000000000000,,,,,,13,1,BG1-006,5.11,1,cosecha,PROGRAMADA
1751,"BIO3,CP2,PL1-030,21",2026-04-16,3000,12.00,16326.000000000,11.22,2950,10.97,12900,,,0.800000000000000,,,,,,279,9,PL1-030,4.40,3,raleo,PROGRAMADA
1750,"BIO3,CP2,PL1-028,20",2026-04-16,7000,13.00,28308.000000000,12.97,6600,11.69,11925,,,0.800000000000000,,,,,,277,9,PL1-028,5.50,3,raleo,PROGRAMADA
2188,"BIO2,CP5,BSP-006,18",2026-06-28,16000,20.00,15381.000000000,20.40,15800,20.50,7914,,,0.670000000000000,,,,,,179,7,,4.50,2,cosecha,PROGRAMADA
1831,"BIO2,CP1,BSF-018,19",2026-05-01,30000,24.00,25046.000000000,24.74,25150,26.50,21250,,,0.870000000000000,,,,,,213,3,,5.74,2,cosecha,PROGRAMADA
1992,"BIO2,CP1,BSF-006,20",2026-05-19,40000,27.00,41619.000000000,27.00,34050,27.00,28600,,,0.690000000000000,,,,,,168,3,,8.74,2,cosecha,PROGRAMADA
2190,"BIO2,CP1,BSF-026,21",2026-06-28,4500,15.40,19971.000000000,16.08,4450,15.40,11712,,,0.630000000000000,,,,,,221,3,,6.33,2,raleo,PROGRAMADA
1993,"BIO3,CP1,PJF-001,19",2026-05-19,9000,12.50,25926.000000000,14.00,8800,12.50,26987,,,1.070000000000000,,,,,,3,8,,8.40,3,raleo,PROGRAMADA
2277,"BIO1,CP2,BG2-046,06",2026-07-22,19000,18.00,53167.000000000,17.40,19650,16.50,29550,,,0.900000000000000,,,,,,318,2,,12.60,1,raleo,PROGRAMADA
2276,"BIO2,CP6,BCE-011,01",2026-07-22,9000,16.00,29624.000000000,16.52,9600,16.00,17400,,,1.900000000000000,,,,,,336,12,,5.81,2,raleo,PROGRAMADA
2280,"BIO2,CP1,BSF-026,21",2026-07-24,33000,27.00,31639.000000000,27.99,35150,27.00,20487,,,0.600000000000000,,,,,,221,3,,6.33,2,cosecha,PROGRAMADA
2273,"BIO2,CP5,BSP-004,17",2026-07-21,31000,22.00,28649.000000000,20.00,31050,20.50,17529,,,0.900000000000000,,,,,,173,7,,5.65,2,cosecha,PROGRAMADA
